sample_id,dataset,role,modality,path_rgb,path_thermal,sequence_id,subject_id,frame_index,original_label,project_label,status,issue_code,split,notes
kaist_set04v001_000000,kaist,B+D,thermal,none,images/set04/V001/lwir/I00000.jpg,set04v001,none,0,none,none,exclude,E-NO-PERSON,none,No pedestrian in frame
kaist_set04v001_000001,kaist,B+D,thermal,none,images/set04/V001/lwir/I00001.jpg,set04v001,none,1,none,none,exclude,E-NO-PERSON,none,No pedestrian in frame
kaist_set04v001_000002,kaist,B+D,thermal,none,images/set04/V001/lwir/I00002.jpg,set04v001,none,2,none,none,exclude,E-NO-PERSON,none,No pedestrian in frame
kaist_set04v001_000003,kaist,B+D,thermal,none,images/set04/V001/lwir/I00003.jpg,set04v001,none,3,none,none,exclude,E-NO-PERSON,none,No pedestrian in frame
kaist_set04v001_000004,kaist,B+D,thermal,none,images/set04/V001/lwir/I00004.jpg,set04v001,none,4,none,none,exclude,E-NO-PERSON,none,No pedestrian in frame
kaist_set04v001_000005,kaist,B+D,thermal,none,images/set04/V001/lwir/I00005.jpg,set04v001,none,5,none,none,exclude,E-NO-PERSON,none,No pedestrian in frame
kaist_set04v001_000006,kaist,B+D,thermal,none,images/set04/V001/lwir/I00006.jpg,set04v001,none,6,none,none,exclude,E-NO-PERSON,none,No pedestrian in frame
kaist_set04v001_000007,kaist,B+D,thermal,none,images/set04/V001/lwir/I00007.jpg,set04v001,none,7,none,none,exclude,E-NO-PERSON,none,No pedestrian in frame
kaist_set04v001_000008,kaist,B+D,thermal,none,images/set04/V001/lwir/I00008.jpg,set04v001,none,8,none,none,exclude,E-NO-PERSON,none,No pedestrian in frame
kaist_set04v001_000009,kaist,B+D,thermal,none,images/set04/V001/lwir/I00009.jpg,set04v001,none,9,none,none,exclude,E-NO-PERSON,none,No pedestrian in frame
kaist_set04v001_000010,kaist,B+D,thermal,none,images/set04/V001/lwir/I00010.jpg,set04v001,none,10,none,none,exclude,E-NO-PERSON,none,No pedestrian in frame
kaist_set04v001_000011,kaist,B+D,thermal,none,images/set04/V001/lwir/I00011.jpg,set04v001,none,11,none,none,exclude,E-NO-PERSON,none,No pedestrian in frame
kaist_set04v001_000012,kaist,B+D,thermal,none,images/set04/V001/lwir/I00012.jpg,set04v001,none,12,none,none,exclude,E-NO-PERSON,none,No pedestrian in frame
kaist_set04v001_000013,kaist,B+D,thermal,none,images/set04/V001/lwir/I00013.jpg,set04v001,none,13,none,none,exclude,E-NO-PERSON,none,No pedestrian in frame
kaist_set04v001_000014,kaist,B+D,thermal,none,images/set04/V001/lwir/I00014.jpg,set04v001,none,14,none,none,exclude,E-NO-PERSON,none,No pedestrian in frame
kaist_set04v001_000015,kaist,B+D,thermal,none,images/set04/V001/lwir/I00015.jpg,set04v001,none,15,none,none,exclude,E-NO-PERSON,none,No pedestrian in frame
kaist_set04v001_000016,kaist,B+D,thermal,none,images/set04/V001/lwir/I00016.jpg,set04v001,none,16,none,none,exclude,E-NO-PERSON,none,No pedestrian in frame
kaist_set04v001_000017,kaist,B+D,thermal,none,images/set04/V001/lwir/I00017.jpg,set04v001,none,17,none,none,exclude,E-NO-PERSON,none,No pedestrian in frame
kaist_set04v001_000018,kaist,B+D,thermal,none,images/set04/V001/lwir/I00018.jpg,set04v001,none,18,none,none,exclude,E-NO-PERSON,none,No pedestrian in frame
kaist_set04v001_000019,kaist,B+D,thermal,none,images/set04/V001/lwir/I00019.jpg,set04v001,none,19,none,none,exclude,E-NO-PERSON,none,No pedestrian in frame
kaist_set04v001_000020,kaist,B+D,thermal,none,images/set04/V001/lwir/I00020.jpg,set04v001,none,20,none,none,exclude,E-NO-PERSON,none,No pedestrian in frame
kaist_set04v001_000021,kaist,B+D,thermal,none,images/set04/V001/lwir/I00021.jpg,set04v001,none,21,none,none,exclude,E-NO-PERSON,none,No pedestrian in frame
kaist_set04v001_000022,kaist,B+D,thermal,none,images/set04/V001/lwir/I00022.jpg,set04v001,none,22,none,none,exclude,E-NO-PERSON,none,No pedestrian in frame
kaist_set04v001_000023,kaist,B+D,thermal,none,images/set04/V001/lwir/I00023.jpg,set04v001,none,23,none,none,exclude,E-NO-PERSON,none,No pedestrian in frame
kaist_set04v001_000024,kaist,B+D,thermal,none,images/set04/V001/lwir/I00024.jpg,set04v001,none,24,none,none,exclude,E-NO-PERSON,none,No pedestrian in frame
kaist_set04v001_000025,kaist,B+D,thermal,none,images/set04/V001/lwir/I00025.jpg,set04v001,none,25,none,none,exclude,E-NO-PERSON,none,No pedestrian in frame
kaist_set04v001_000026,kaist,B+D,thermal,none,images/set04/V001/lwir/I00026.jpg,set04v001,none,26,none,none,exclude,E-NO-PERSON,none,No pedestrian in frame
kaist_set04v001_000027,kaist,B+D,thermal,none,images/set04/V001/lwir/I00027.jpg,set04v001,none,27,none,none,exclude,E-NO-PERSON,none,No pedestrian in frame
kaist_set04v001_000028,kaist,B+D,thermal,none,images/set04/V001/lwir/I00028.jpg,set04v001,none,28,none,none,exclude,E-NO-PERSON,none,No pedestrian in frame
kaist_set04v001_000029,kaist,B+D,thermal,none,images/set04/V001/lwir/I00029.jpg,set04v001,none,29,none,none,exclude,E-NO-PERSON,none,No pedestrian in frame
kaist_set04v001_000030,kaist,B+D,thermal,none,images/set04/V001/lwir/I00030.jpg,set04v001,none,30,none,none,exclude,E-NO-PERSON,none,No pedestrian in frame
kaist_set04v001_000031,kaist,B+D,thermal,none,images/set04/V001/lwir/I00031.jpg,set04v001,none,31,none,none,exclude,E-NO-PERSON,none,No pedestrian in frame
kaist_set04v001_000032,kaist,B+D,thermal,none,images/set04/V001/lwir/I00032.jpg,set04v001,none,32,none,none,exclude,E-NO-PERSON,none,No pedestrian in frame
kaist_set04v001_000033,kaist,B+D,thermal,none,images/set04/V001/lwir/I00033.jpg,set04v001,none,33,none,none,exclude,E-NO-PERSON,none,No pedestrian in frame
kaist_set04v001_000034,kaist,B+D,thermal,none,images/set04/V001/lwir/I00034.jpg,set04v001,none,34,none,none,exclude,E-NO-PERSON,none,No pedestrian in frame
kaist_set04v001_000035,kaist,B+D,thermal,none,images/set04/V001/lwir/I00035.jpg,set04v001,none,35,none,none,exclude,E-NO-PERSON,none,No pedestrian in frame
kaist_set04v001_000036,kaist,B+D,thermal,none,images/set04/V001/lwir/I00036.jpg,set04v001,none,36,none,none,exclude,E-NO-PERSON,none,No pedestrian in frame
kaist_set04v001_000037,kaist,B+D,thermal,none,images/set04/V001/lwir/I00037.jpg,set04v001,none,37,none,none,exclude,E-NO-PERSON,none,No pedestrian in frame
kaist_set04v001_000038,kaist,B+D,thermal,none,images/set04/V001/lwir/I00038.jpg,set04v001,none,38,none,none,exclude,E-NO-PERSON,none,No pedestrian in frame
kaist_set04v001_000039,kaist,B+D,thermal,none,images/set04/V001/lwir/I00039.jpg,set04v001,none,39,none,none,exclude,E-NO-PERSON,none,No pedestrian in frame
kaist_set04v001_000040,kaist,B+D,thermal,none,images/set04/V001/lwir/I00040.jpg,set04v001,none,40,none,none,exclude,E-NO-PERSON,none,No pedestrian in frame
kaist_set04v001_000041,kaist,B+D,thermal,none,images/set04/V001/lwir/I00041.jpg,set04v001,none,41,none,none,exclude,E-NO-PERSON,none,No pedestrian in frame
kaist_set04v001_000042,kaist,B+D,thermal,none,images/set04/V001/lwir/I00042.jpg,set04v001,none,42,none,none,exclude,E-NO-PERSON,none,No pedestrian in frame
kaist_set04v001_000043,kaist,B+D,thermal,none,images/set04/V001/lwir/I00043.jpg,set04v001,none,43,none,none,exclude,E-NO-PERSON,none,No pedestrian in frame
kaist_set04v001_000044,kaist,B+D,thermal,none,images/set04/V001/lwir/I00044.jpg,set04v001,none,44,none,none,exclude,E-NO-PERSON,none,No pedestrian in frame
kaist_set04v001_000045,kaist,B+D,thermal,none,images/set04/V001/lwir/I00045.jpg,set04v001,none,45,none,none,exclude,E-NO-PERSON,none,No pedestrian in frame
kaist_set04v001_000046,kaist,B+D,thermal,none,images/set04/V001/lwir/I00046.jpg,set04v001,none,46,none,none,exclude,E-NO-PERSON,none,No pedestrian in frame
kaist_set04v001_000047,kaist,B+D,thermal,none,images/set04/V001/lwir/I00047.jpg,set04v001,none,47,none,none,exclude,E-NO-PERSON,none,No pedestrian in frame
kaist_set04v001_000048,kaist,B+D,thermal,none,images/set04/V001/lwir/I00048.jpg,set04v001,none,48,none,none,exclude,E-NO-PERSON,none,No pedestrian in frame
kaist_set04v001_000049,kaist,B+D,thermal,none,images/set04/V001/lwir/I00049.jpg,set04v001,none,49,none,none,exclude,E-NO-PERSON,none,No pedestrian in frame
kaist_set04v001_000050,kaist,B+D,thermal,none,images/set04/V001/lwir/I00050.jpg,set04v001,none,50,none,none,exclude,E-NO-PERSON,none,No pedestrian in frame
kaist_set04v001_000051,kaist,B+D,thermal,none,images/set04/V001/lwir/I00051.jpg,set04v001,none,51,none,none,exclude,E-NO-PERSON,none,No pedestrian in frame
kaist_set04v001_000052,kaist,B+D,thermal,none,images/set04/V001/lwir/I00052.jpg,set04v001,none,52,none,none,exclude,E-NO-PERSON,none,No pedestrian in frame
kaist_set04v001_000053,kaist,B+D,thermal,none,images/set04/V001/lwir/I00053.jpg,set04v001,none,53,none,none,exclude,E-NO-PERSON,none,No pedestrian in frame
kaist_set04v001_000054,kaist,B+D,thermal,none,images/set04/V001/lwir/I00054.jpg,set04v001,none,54,none,none,exclude,E-NO-PERSON,none,No pedestrian in frame
kaist_set04v001_000055,kaist,B+D,thermal,none,images/set04/V001/lwir/I00055.jpg,set04v001,none,55,none,none,exclude,E-NO-PERSON,none,No pedestrian in frame
kaist_set04v001_000056,kaist,B+D,thermal,none,images/set04/V001/lwir/I00056.jpg,set04v001,none,56,none,none,exclude,E-NO-PERSON,none,No pedestrian in frame
kaist_set04v001_000057,kaist,B+D,thermal,none,images/set04/V001/lwir/I00057.jpg,set04v001,none,57,none,none,exclude,E-NO-PERSON,none,No pedestrian in frame
kaist_set04v001_000058,kaist,B+D,thermal,none,images/set04/V001/lwir/I00058.jpg,set04v001,none,58,none,none,exclude,E-NO-PERSON,none,No pedestrian in frame
kaist_set04v001_000059,kaist,B+D,thermal,none,images/set04/V001/lwir/I00059.jpg,set04v001,none,59,none,none,exclude,E-NO-PERSON,none,No pedestrian in frame
kaist_set04v001_000060,kaist,B+D,thermal,none,images/set04/V001/lwir/I00060.jpg,set04v001,none,60,none,none,exclude,E-NO-PERSON,none,No pedestrian in frame
kaist_set04v001_000061,kaist,B+D,thermal,none,images/set04/V001/lwir/I00061.jpg,set04v001,none,61,none,none,exclude,E-NO-PERSON,none,No pedestrian in frame
kaist_set04v001_000062,kaist,B+D,thermal,none,images/set04/V001/lwir/I00062.jpg,set04v001,none,62,none,none,exclude,E-NO-PERSON,none,No pedestrian in frame
kaist_set04v001_000063,kaist,B+D,thermal,none,images/set04/V001/lwir/I00063.jpg,set04v001,none,63,none,none,exclude,E-NO-PERSON,none,No pedestrian in frame
kaist_set04v001_000064,kaist,B+D,thermal,none,images/set04/V001/lwir/I00064.jpg,set04v001,none,64,none,none,exclude,E-NO-PERSON,none,No pedestrian in frame
kaist_set04v001_000065,kaist,B+D,thermal,none,images/set04/V001/lwir/I00065.jpg,set04v001,none,65,none,none,exclude,E-NO-PERSON,none,No pedestrian in frame
kaist_set04v001_000066,kaist,B+D,thermal,none,images/set04/V001/lwir/I00066.jpg,set04v001,none,66,none,none,exclude,E-NO-PERSON,none,No pedestrian in frame
kaist_set04v001_000067,kaist,B+D,thermal,none,images/set04/V001/lwir/I00067.jpg,set04v001,none,67,none,none,exclude,E-NO-PERSON,none,No pedestrian in frame
kaist_set04v001_000068,kaist,B+D,thermal,none,images/set04/V001/lwir/I00068.jpg,set04v001,none,68,none,none,exclude,E-NO-PERSON,none,No pedestrian in frame
kaist_set04v001_000069,kaist,B+D,thermal,none,images/set04/V001/lwir/I00069.jpg,set04v001,none,69,none,none,exclude,E-NO-PERSON,none,No pedestrian in frame
kaist_set04v001_000070,kaist,B+D,thermal,none,images/set04/V001/lwir/I00070.jpg,set04v001,none,70,none,none,exclude,E-NO-PERSON,none,No pedestrian in frame
kaist_set04v001_000071,kaist,B+D,thermal,none,cleaned/thermal_with_people/I00071.jpg,set04v001,none,71,person,person,keep,none,none,none
kaist_set04v001_000072,kaist,B+D,thermal,none,cleaned/thermal_with_people/I00072.jpg,set04v001,none,72,person,person,keep,none,none,none
kaist_set04v001_000073,kaist,B+D,thermal,none,cleaned/thermal_with_people/I00073.jpg,set04v001,none,73,person,person,keep,none,none,none
kaist_set04v001_000074,kaist,B+D,thermal,none,cleaned/thermal_with_people/I00074.jpg,set04v001,none,74,person,person,keep,none,none,none
kaist_set04v001_000075,kaist,B+D,thermal,none,cleaned/thermal_with_people/I00075.jpg,set04v001,none,75,person,person,keep,none,none,none
kaist_set04v001_000076,kaist,B+D,thermal,none,cleaned/thermal_with_people/I00076.jpg,set04v001,none,76,person,person,keep,none,none,none
kaist_set04v001_000077,kaist,B+D,thermal,none,cleaned/thermal_with_people/I00077.jpg,set04v001,none,77,person,person,keep,none,none,none
kaist_set04v001_000078,kaist,B+D,thermal,none,cleaned/thermal_with_people/I00078.jpg,set04v001,none,78,person,person,keep,none,none,none
kaist_set04v001_000079,kaist,B+D,thermal,none,cleaned/thermal_with_people/I00079.jpg,set04v001,none,79,person,person,keep,none,none,none
kaist_set04v001_000080,kaist,B+D,thermal,none,cleaned/thermal_with_people/I00080.jpg,set04v001,none,80,person,person,keep,none,none,none
kaist_set04v001_000081,kaist,B+D,thermal,none,cleaned/thermal_with_people/I00081.jpg,set04v001,none,81,person,person,keep,none,none,none
kaist_set04v001_000082,kaist,B+D,thermal,none,cleaned/thermal_with_people/I00082.jpg,set04v001,none,82,person,person,keep,none,none,none
kaist_set04v001_000083,kaist,B+D,thermal,none,cleaned/thermal_with_people/I00083.jpg,set04v001,none,83,person,person,keep,none,none,none
kaist_set04v001_000084,kaist,B+D,thermal,none,cleaned/thermal_with_people/I00084.jpg,set04v001,none,84,person,person,keep,none,none,none
kaist_set04v001_000085,kaist,B+D,thermal,none,cleaned/thermal_with_people/I00085.jpg,set04v001,none,85,person,person,keep,none,none,none
kaist_set04v001_000086,kaist,B+D,thermal,none,cleaned/thermal_with_people/I00086.jpg,set04v001,none,86,person,person,keep,none,none,none
kaist_set04v001_000087,kaist,B+D,thermal,none,cleaned/thermal_with_people/I00087.jpg,set04v001,none,87,person,person,keep,none,none,none
kaist_set04v001_000088,kaist,B+D,thermal,none,cleaned/thermal_with_people/I00088.jpg,set04v001,none,88,person,person,keep,none,none,none
kaist_set04v001_000089,kaist,B+D,thermal,none,cleaned/thermal_with_people/I00089.jpg,set04v001,none,89,person,person,keep,none,none,none
kaist_set04v001_000090,kaist,B+D,thermal,none,cleaned/thermal_with_people/I00090.jpg,set04v001,none,90,person,person,keep,none,none,none
kaist_set04v001_000091,kaist,B+D,thermal,none,cleaned/thermal_with_people/I00091.jpg,set04v001,none,91,person,person,keep,none,none,none
kaist_set04v001_000092,kaist,B+D,thermal,none,cleaned/thermal_with_people/I00092.jpg,set04v001,none,92,person,person,keep,none,none,none
kaist_set04v001_000093,kaist,B+D,thermal,none,cleaned/thermal_with_people/I00093.jpg,set04v001,none,93,person,person,keep,none,none,none
kaist_set04v001_000094,kaist,B+D,thermal,none,cleaned/thermal_with_people/I00094.jpg,set04v001,none,94,person,person,keep,none,none,none
kaist_set04v001_000095,kaist,B+D,thermal,none,cleaned/thermal_with_people/I00095.jpg,set04v001,none,95,person,person,keep,none,none,none
kaist_set04v001_000096,kaist,B+D,thermal,none,cleaned/thermal_with_people/I00096.jpg,set04v001,none,96,person,person,keep,none,none,none
kaist_set04v001_000097,kaist,B+D,thermal,none,cleaned/thermal_with_people/I00097.jpg,set04v001,none,97,person,person,keep,none,none,none
kaist_set04v001_000098,kaist,B+D,thermal,none,cleaned/thermal_with_people/I00098.jpg,set04v001,none,98,person,person,keep,none,none,none
kaist_set04v001_000099,kaist,B+D,thermal,none,cleaned/thermal_with_people/I00099.jpg,set04v001,none,99,person,person,keep,none,none,none
kaist_set04v001_000100,kaist,B+D,thermal,none,cleaned/thermal_with_people/I00100.jpg,set04v001,none,100,person,person,keep,none,none,none
kaist_set04v001_000101,kaist,B+D,thermal,none,cleaned/thermal_with_people/I00101.jpg,set04v001,none,101,person,person,keep,none,none,none
kaist_set04v001_000102,kaist,B+D,thermal,none,cleaned/thermal_with_people/I00102.jpg,set04v001,none,102,person,person,keep,none,none,none
kaist_set04v001_000103,kaist,B+D,thermal,none,cleaned/thermal_with_people/I00103.jpg,set04v001,none,103,person,person,keep,none,none,none
kaist_set04v001_000104,kaist,B+D,thermal,none,cleaned/thermal_with_people/I00104.jpg,set04v001,none,104,person,person,keep,none,none,none
kaist_set04v001_000105,kaist,B+D,thermal,none,cleaned/thermal_with_people/I00105.jpg,set04v001,none,105,person,person,keep,none,none,none
kaist_set04v001_000106,kaist,B+D,thermal,none,cleaned/thermal_with_people/I00106.jpg,set04v001,none,106,person,person,keep,none,none,none
kaist_set04v001_000107,kaist,B+D,thermal,none,cleaned/thermal_with_people/I00107.jpg,set04v001,none,107,person,person,keep,none,none,none
kaist_set04v001_000108,kaist,B+D,thermal,none,cleaned/thermal_with_people/I00108.jpg,set04v001,none,108,person,person,keep,none,none,none
kaist_set04v001_000109,kaist,B+D,thermal,none,cleaned/thermal_with_people/I00109.jpg,set04v001,none,109,person,person,keep,none,none,none
kaist_set04v001_000110,kaist,B+D,thermal,none,cleaned/thermal_with_people/I00110.jpg,set04v001,none,110,person,person,keep,none,none,none
kaist_set04v001_000111,kaist,B+D,thermal,none,cleaned/thermal_with_people/I00111.jpg,set04v001,none,111,person,person,keep,none,none,none
kaist_set04v001_000112,kaist,B+D,thermal,none,cleaned/thermal_with_people/I00112.jpg,set04v001,none,112,person,person,keep,none,none,none
kaist_set04v001_000113,kaist,B+D,thermal,none,cleaned/thermal_with_people/I00113.jpg,set04v001,none,113,person,person,keep,none,none,none
kaist_set04v001_000114,kaist,B+D,thermal,none,cleaned/thermal_with_people/I00114.jpg,set04v001,none,114,person,person,keep,none,none,none
kaist_set04v001_000115,kaist,B+D,thermal,none,cleaned/thermal_with_people/I00115.jpg,set04v001,none,115,person,person,keep,none,none,none
kaist_set04v001_000116,kaist,B+D,thermal,none,cleaned/thermal_with_people/I00116.jpg,set04v001,none,116,person,person,keep,none,none,none
kaist_set04v001_000117,kaist,B+D,thermal,none,cleaned/thermal_with_people/I00117.jpg,set04v001,none,117,person,person,keep,none,none,none
kaist_set04v001_000118,kaist,B+D,thermal,none,cleaned/thermal_with_people/I00118.jpg,set04v001,none,118,person,person,keep,none,none,none
kaist_set04v001_000119,kaist,B+D,thermal,none,cleaned/thermal_with_people/I00119.jpg,set04v001,none,119,person,person,keep,none,none,none
kaist_set04v001_000120,kaist,B+D,thermal,none,cleaned/thermal_with_people/I00120.jpg,set04v001,none,120,person,person,keep,none,none,none
kaist_set04v001_000121,kaist,B+D,thermal,none,cleaned/thermal_with_people/I00121.jpg,set04v001,none,121,person,person,keep,none,none,none
kaist_set04v001_000122,kaist,B+D,thermal,none,cleaned/thermal_with_people/I00122.jpg,set04v001,none,122,person,person,keep,none,none,none
kaist_set04v001_000123,kaist,B+D,thermal,none,cleaned/thermal_with_people/I00123.jpg,set04v001,none,123,person,person,keep,none,none,none
kaist_set04v001_000124,kaist,B+D,thermal,none,cleaned/thermal_with_people/I00124.jpg,set04v001,none,124,person,person,keep,none,none,none
kaist_set04v001_000125,kaist,B+D,thermal,none,cleaned/thermal_with_people/I00125.jpg,set04v001,none,125,person,person,keep,none,none,none
kaist_set04v001_000126,kaist,B+D,thermal,none,cleaned/thermal_with_people/I00126.jpg,set04v001,none,126,person,person,keep,none,none,none
kaist_set04v001_000127,kaist,B+D,thermal,none,images/set04/V001/lwir/I00127.jpg,set04v001,none,127,none,none,exclude,E-NO-PERSON,none,No pedestrian in frame
kaist_set04v001_000128,kaist,B+D,thermal,none,images/set04/V001/lwir/I00128.jpg,set04v001,none,128,none,none,exclude,E-NO-PERSON,none,No pedestrian in frame
kaist_set04v001_000129,kaist,B+D,thermal,none,images/set04/V001/lwir/I00129.jpg,set04v001,none,129,none,none,exclude,E-NO-PERSON,none,No pedestrian in frame
kaist_set04v001_000130,kaist,B+D,thermal,none,images/set04/V001/lwir/I00130.jpg,set04v001,none,130,none,none,exclude,E-NO-PERSON,none,No pedestrian in frame
kaist_set04v001_000131,kaist,B+D,thermal,none,images/set04/V001/lwir/I00131.jpg,set04v001,none,131,none,none,exclude,E-NO-PERSON,none,No pedestrian in frame
kaist_set04v001_000132,kaist,B+D,thermal,none,images/set04/V001/lwir/I00132.jpg,set04v001,none,132,none,none,exclude,E-NO-PERSON,none,No pedestrian in frame
kaist_set04v001_000133,kaist,B+D,thermal,none,images/set04/V001/lwir/I00133.jpg,set04v001,none,133,none,none,exclude,E-NO-PERSON,none,No pedestrian in frame
kaist_set04v001_000134,kaist,B+D,thermal,none,images/set04/V001/lwir/I00134.jpg,set04v001,none,134,none,none,exclude,E-NO-PERSON,none,No pedestrian in frame
kaist_set04v001_000135,kaist,B+D,thermal,none,images/set04/V001/lwir/I00135.jpg,set04v001,none,135,none,none,exclude,E-NO-PERSON,none,No pedestrian in frame
kaist_set04v001_000136,kaist,B+D,thermal,none,images/set04/V001/lwir/I00136.jpg,set04v001,none,136,none,none,exclude,E-NO-PERSON,none,No pedestrian in frame
kaist_set04v001_000137,kaist,B+D,thermal,none,images/set04/V001/lwir/I00137.jpg,set04v001,none,137,none,none,exclude,E-NO-PERSON,none,No pedestrian in frame
kaist_set04v001_000138,kaist,B+D,thermal,none,images/set04/V001/lwir/I00138.jpg,set04v001,none,138,none,none,exclude,E-NO-PERSON,none,No pedestrian in frame
kaist_set04v001_000139,kaist,B+D,thermal,none,images/set04/V001/lwir/I00139.jpg,set04v001,none,139,none,none,exclude,E-NO-PERSON,none,No pedestrian in frame
kaist_set04v001_000140,kaist,B+D,thermal,none,images/set04/V001/lwir/I00140.jpg,set04v001,none,140,none,none,exclude,E-NO-PERSON,none,No pedestrian in frame
kaist_set04v001_000141,kaist,B+D,thermal,none,images/set04/V001/lwir/I00141.jpg,set04v001,none,141,none,none,exclude,E-NO-PERSON,none,No pedestrian in frame
kaist_set04v001_000142,kaist,B+D,thermal,none,images/set04/V001/lwir/I00142.jpg,set04v001,none,142,none,none,exclude,E-NO-PERSON,none,No pedestrian in frame
kaist_set04v001_000143,kaist,B+D,thermal,none,images/set04/V001/lwir/I00143.jpg,set04v001,none,143,none,none,exclude,E-NO-PERSON,none,No pedestrian in frame
kaist_set04v001_000144,kaist,B+D,thermal,none,images/set04/V001/lwir/I00144.jpg,set04v001,none,144,none,none,exclude,E-NO-PERSON,none,No pedestrian in frame
kaist_set04v001_000145,kaist,B+D,thermal,none,images/set04/V001/lwir/I00145.jpg,set04v001,none,145,none,none,exclude,E-NO-PERSON,none,No pedestrian in frame
kaist_set04v001_000146,kaist,B+D,thermal,none,images/set04/V001/lwir/I00146.jpg,set04v001,none,146,none,none,exclude,E-NO-PERSON,none,No pedestrian in frame
kaist_set04v001_000147,kaist,B+D,thermal,none,images/set04/V001/lwir/I00147.jpg,set04v001,none,147,none,none,exclude,E-NO-PERSON,none,No pedestrian in frame
kaist_set04v001_000148,kaist,B+D,thermal,none,images/set04/V001/lwir/I00148.jpg,set04v001,none,148,none,none,exclude,E-NO-PERSON,none,No pedestrian in frame
kaist_set04v001_000149,kaist,B+D,thermal,none,images/set04/V001/lwir/I00149.jpg,set04v001,none,149,none,none,exclude,E-NO-PERSON,none,No pedestrian in frame
kaist_set04v001_000150,kaist,B+D,thermal,none,images/set04/V001/lwir/I00150.jpg,set04v001,none,150,none,none,exclude,E-NO-PERSON,none,No pedestrian in frame
kaist_set04v001_000151,kaist,B+D,thermal,none,images/set04/V001/lwir/I00151.jpg,set04v001,none,151,none,none,exclude,E-NO-PERSON,none,No pedestrian in frame
kaist_set04v001_000152,kaist,B+D,thermal,none,images/set04/V001/lwir/I00152.jpg,set04v001,none,152,none,none,exclude,E-NO-PERSON,none,No pedestrian in frame
kaist_set04v001_000153,kaist,B+D,thermal,none,images/set04/V001/lwir/I00153.jpg,set04v001,none,153,none,none,exclude,E-NO-PERSON,none,No pedestrian in frame
kaist_set04v001_000154,kaist,B+D,thermal,none,images/set04/V001/lwir/I00154.jpg,set04v001,none,154,none,none,exclude,E-NO-PERSON,none,No pedestrian in frame
kaist_set04v001_000155,kaist,B+D,thermal,none,images/set04/V001/lwir/I00155.jpg,set04v001,none,155,none,none,exclude,E-NO-PERSON,none,No pedestrian in frame
kaist_set04v001_000156,kaist,B+D,thermal,none,images/set04/V001/lwir/I00156.jpg,set04v001,none,156,none,none,exclude,E-NO-PERSON,none,No pedestrian in frame
kaist_set04v001_000157,kaist,B+D,thermal,none,images/set04/V001/lwir/I00157.jpg,set04v001,none,157,none,none,exclude,E-NO-PERSON,none,No pedestrian in frame
kaist_set04v001_000158,kaist,B+D,thermal,none,images/set04/V001/lwir/I00158.jpg,set04v001,none,158,none,none,exclude,E-NO-PERSON,none,No pedestrian in frame
kaist_set04v001_000159,kaist,B+D,thermal,none,images/set04/V001/lwir/I00159.jpg,set04v001,none,159,none,none,exclude,E-NO-PERSON,none,No pedestrian in frame
kaist_set04v001_000160,kaist,B+D,thermal,none,images/set04/V001/lwir/I00160.jpg,set04v001,none,160,none,none,exclude,E-NO-PERSON,none,No pedestrian in frame
kaist_set04v001_000161,kaist,B+D,thermal,none,images/set04/V001/lwir/I00161.jpg,set04v001,none,161,none,none,exclude,E-NO-PERSON,none,No pedestrian in frame
kaist_set04v001_000162,kaist,B+D,thermal,none,images/set04/V001/lwir/I00162.jpg,set04v001,none,162,none,none,exclude,E-NO-PERSON,none,No pedestrian in frame
kaist_set04v001_000163,kaist,B+D,thermal,none,images/set04/V001/lwir/I00163.jpg,set04v001,none,163,none,none,exclude,E-NO-PERSON,none,No pedestrian in frame
kaist_set04v001_000164,kaist,B+D,thermal,none,images/set04/V001/lwir/I00164.jpg,set04v001,none,164,none,none,exclude,E-NO-PERSON,none,No pedestrian in frame
kaist_set04v001_000165,kaist,B+D,thermal,none,images/set04/V001/lwir/I00165.jpg,set04v001,none,165,none,none,exclude,E-NO-PERSON,none,No pedestrian in frame
kaist_set04v001_000166,kaist,B+D,thermal,none,images/set04/V001/lwir/I00166.jpg,set04v001,none,166,none,none,exclude,E-NO-PERSON,none,No pedestrian in frame
kaist_set04v001_000167,kaist,B+D,thermal,none,images/set04/V001/lwir/I00167.jpg,set04v001,none,167,none,none,exclude,E-NO-PERSON,none,No pedestrian in frame
kaist_set04v001_000168,kaist,B+D,thermal,none,images/set04/V001/lwir/I00168.jpg,set04v001,none,168,none,none,exclude,E-NO-PERSON,none,No pedestrian in frame
kaist_set04v001_000169,kaist,B+D,thermal,none,images/set04/V001/lwir/I00169.jpg,set04v001,none,169,none,none,exclude,E-NO-PERSON,none,No pedestrian in frame
kaist_set04v001_000170,kaist,B+D,thermal,none,images/set04/V001/lwir/I00170.jpg,set04v001,none,170,none,none,exclude,E-NO-PERSON,none,No pedestrian in frame
kaist_set04v001_000171,kaist,B+D,thermal,none,images/set04/V001/lwir/I00171.jpg,set04v001,none,171,none,none,exclude,E-NO-PERSON,none,No pedestrian in frame
kaist_set04v001_000172,kaist,B+D,thermal,none,images/set04/V001/lwir/I00172.jpg,set04v001,none,172,none,none,exclude,E-NO-PERSON,none,No pedestrian in frame
kaist_set04v001_000173,kaist,B+D,thermal,none,images/set04/V001/lwir/I00173.jpg,set04v001,none,173,none,none,exclude,E-NO-PERSON,none,No pedestrian in frame
kaist_set04v001_000174,kaist,B+D,thermal,none,images/set04/V001/lwir/I00174.jpg,set04v001,none,174,none,none,exclude,E-NO-PERSON,none,No pedestrian in frame
kaist_set04v001_000175,kaist,B+D,thermal,none,images/set04/V001/lwir/I00175.jpg,set04v001,none,175,none,none,exclude,E-NO-PERSON,none,No pedestrian in frame
kaist_set04v001_000176,kaist,B+D,thermal,none,images/set04/V001/lwir/I00176.jpg,set04v001,none,176,none,none,exclude,E-NO-PERSON,none,No pedestrian in frame
kaist_set04v001_000177,kaist,B+D,thermal,none,images/set04/V001/lwir/I00177.jpg,set04v001,none,177,none,none,exclude,E-NO-PERSON,none,No pedestrian in frame
kaist_set04v001_000178,kaist,B+D,thermal,none,images/set04/V001/lwir/I00178.jpg,set04v001,none,178,none,none,exclude,E-NO-PERSON,none,No pedestrian in frame
kaist_set04v001_000179,kaist,B+D,thermal,none,images/set04/V001/lwir/I00179.jpg,set04v001,none,179,none,none,exclude,E-NO-PERSON,none,No pedestrian in frame
kaist_set04v001_000180,kaist,B+D,thermal,none,images/set04/V001/lwir/I00180.jpg,set04v001,none,180,none,none,exclude,E-NO-PERSON,none,No pedestrian in frame
kaist_set04v001_000181,kaist,B+D,thermal,none,images/set04/V001/lwir/I00181.jpg,set04v001,none,181,none,none,exclude,E-NO-PERSON,none,No pedestrian in frame
kaist_set04v001_000182,kaist,B+D,thermal,none,images/set04/V001/lwir/I00182.jpg,set04v001,none,182,none,none,exclude,E-NO-PERSON,none,No pedestrian in frame
kaist_set04v001_000183,kaist,B+D,thermal,none,images/set04/V001/lwir/I00183.jpg,set04v001,none,183,none,none,exclude,E-NO-PERSON,none,No pedestrian in frame
kaist_set04v001_000184,kaist,B+D,thermal,none,images/set04/V001/lwir/I00184.jpg,set04v001,none,184,none,none,exclude,E-NO-PERSON,none,No pedestrian in frame
kaist_set04v001_000185,kaist,B+D,thermal,none,images/set04/V001/lwir/I00185.jpg,set04v001,none,185,none,none,exclude,E-NO-PERSON,none,No pedestrian in frame
kaist_set04v001_000186,kaist,B+D,thermal,none,images/set04/V001/lwir/I00186.jpg,set04v001,none,186,none,none,exclude,E-NO-PERSON,none,No pedestrian in frame
kaist_set04v001_000187,kaist,B+D,thermal,none,images/set04/V001/lwir/I00187.jpg,set04v001,none,187,none,none,exclude,E-NO-PERSON,none,No pedestrian in frame
kaist_set04v001_000188,kaist,B+D,thermal,none,images/set04/V001/lwir/I00188.jpg,set04v001,none,188,none,none,exclude,E-NO-PERSON,none,No pedestrian in frame
kaist_set04v001_000189,kaist,B+D,thermal,none,images/set04/V001/lwir/I00189.jpg,set04v001,none,189,none,none,exclude,E-NO-PERSON,none,No pedestrian in frame
kaist_set04v001_000190,kaist,B+D,thermal,none,images/set04/V001/lwir/I00190.jpg,set04v001,none,190,none,none,exclude,E-NO-PERSON,none,No pedestrian in frame
kaist_set04v001_000191,kaist,B+D,thermal,none,images/set04/V001/lwir/I00191.jpg,set04v001,none,191,none,none,exclude,E-NO-PERSON,none,No pedestrian in frame
kaist_set04v001_000192,kaist,B+D,thermal,none,images/set04/V001/lwir/I00192.jpg,set04v001,none,192,none,none,exclude,E-NO-PERSON,none,No pedestrian in frame
kaist_set04v001_000193,kaist,B+D,thermal,none,images/set04/V001/lwir/I00193.jpg,set04v001,none,193,none,none,exclude,E-NO-PERSON,none,No pedestrian in frame
kaist_set04v001_000194,kaist,B+D,thermal,none,images/set04/V001/lwir/I00194.jpg,set04v001,none,194,none,none,exclude,E-NO-PERSON,none,No pedestrian in frame
kaist_set04v001_000195,kaist,B+D,thermal,none,images/set04/V001/lwir/I00195.jpg,set04v001,none,195,none,none,exclude,E-NO-PERSON,none,No pedestrian in frame
kaist_set04v001_000196,kaist,B+D,thermal,none,images/set04/V001/lwir/I00196.jpg,set04v001,none,196,none,none,exclude,E-NO-PERSON,none,No pedestrian in frame
kaist_set04v001_000197,kaist,B+D,thermal,none,images/set04/V001/lwir/I00197.jpg,set04v001,none,197,none,none,exclude,E-NO-PERSON,none,No pedestrian in frame
kaist_set04v001_000198,kaist,B+D,thermal,none,images/set04/V001/lwir/I00198.jpg,set04v001,none,198,none,none,exclude,E-NO-PERSON,none,No pedestrian in frame
kaist_set04v001_000199,kaist,B+D,thermal,none,images/set04/V001/lwir/I00199.jpg,set04v001,none,199,none,none,exclude,E-NO-PERSON,none,No pedestrian in frame
kaist_set04v001_000200,kaist,B+D,thermal,none,images/set04/V001/lwir/I00200.jpg,set04v001,none,200,none,none,exclude,E-NO-PERSON,none,No pedestrian in frame
kaist_set04v001_000201,kaist,B+D,thermal,none,images/set04/V001/lwir/I00201.jpg,set04v001,none,201,none,none,exclude,E-NO-PERSON,none,No pedestrian in frame
kaist_set04v001_000202,kaist,B+D,thermal,none,images/set04/V001/lwir/I00202.jpg,set04v001,none,202,none,none,exclude,E-NO-PERSON,none,No pedestrian in frame
kaist_set04v001_000203,kaist,B+D,thermal,none,images/set04/V001/lwir/I00203.jpg,set04v001,none,203,none,none,exclude,E-NO-PERSON,none,No pedestrian in frame
kaist_set04v001_000204,kaist,B+D,thermal,none,images/set04/V001/lwir/I00204.jpg,set04v001,none,204,none,none,exclude,E-NO-PERSON,none,No pedestrian in frame
kaist_set04v001_000205,kaist,B+D,thermal,none,images/set04/V001/lwir/I00205.jpg,set04v001,none,205,none,none,exclude,E-NO-PERSON,none,No pedestrian in frame
kaist_set04v001_000206,kaist,B+D,thermal,none,images/set04/V001/lwir/I00206.jpg,set04v001,none,206,none,none,exclude,E-NO-PERSON,none,No pedestrian in frame
kaist_set04v001_000207,kaist,B+D,thermal,none,images/set04/V001/lwir/I00207.jpg,set04v001,none,207,none,none,exclude,E-NO-PERSON,none,No pedestrian in frame
kaist_set04v001_000208,kaist,B+D,thermal,none,images/set04/V001/lwir/I00208.jpg,set04v001,none,208,none,none,exclude,E-NO-PERSON,none,No pedestrian in frame
kaist_set04v001_000209,kaist,B+D,thermal,none,images/set04/V001/lwir/I00209.jpg,set04v001,none,209,none,none,exclude,E-NO-PERSON,none,No pedestrian in frame
kaist_set04v001_000210,kaist,B+D,thermal,none,images/set04/V001/lwir/I00210.jpg,set04v001,none,210,none,none,exclude,E-NO-PERSON,none,No pedestrian in frame
kaist_set04v001_000211,kaist,B+D,thermal,none,images/set04/V001/lwir/I00211.jpg,set04v001,none,211,none,none,exclude,E-NO-PERSON,none,No pedestrian in frame
kaist_set04v001_000212,kaist,B+D,thermal,none,images/set04/V001/lwir/I00212.jpg,set04v001,none,212,none,none,exclude,E-NO-PERSON,none,No pedestrian in frame
kaist_set04v001_000213,kaist,B+D,thermal,none,images/set04/V001/lwir/I00213.jpg,set04v001,none,213,none,none,exclude,E-NO-PERSON,none,No pedestrian in frame
kaist_set04v001_000214,kaist,B+D,thermal,none,images/set04/V001/lwir/I00214.jpg,set04v001,none,214,none,none,exclude,E-NO-PERSON,none,No pedestrian in frame
kaist_set04v001_000215,kaist,B+D,thermal,none,images/set04/V001/lwir/I00215.jpg,set04v001,none,215,none,none,exclude,E-NO-PERSON,none,No pedestrian in frame
kaist_set04v001_000216,kaist,B+D,thermal,none,images/set04/V001/lwir/I00216.jpg,set04v001,none,216,none,none,exclude,E-NO-PERSON,none,No pedestrian in frame
kaist_set04v001_000217,kaist,B+D,thermal,none,images/set04/V001/lwir/I00217.jpg,set04v001,none,217,none,none,exclude,E-NO-PERSON,none,No pedestrian in frame
kaist_set04v001_000218,kaist,B+D,thermal,none,images/set04/V001/lwir/I00218.jpg,set04v001,none,218,none,none,exclude,E-NO-PERSON,none,No pedestrian in frame
kaist_set04v001_000219,kaist,B+D,thermal,none,images/set04/V001/lwir/I00219.jpg,set04v001,none,219,none,none,exclude,E-NO-PERSON,none,No pedestrian in frame
kaist_set04v001_000220,kaist,B+D,thermal,none,images/set04/V001/lwir/I00220.jpg,set04v001,none,220,none,none,exclude,E-NO-PERSON,none,No pedestrian in frame
kaist_set04v001_000221,kaist,B+D,thermal,none,images/set04/V001/lwir/I00221.jpg,set04v001,none,221,none,none,exclude,E-NO-PERSON,none,No pedestrian in frame
kaist_set04v001_000222,kaist,B+D,thermal,none,images/set04/V001/lwir/I00222.jpg,set04v001,none,222,none,none,exclude,E-NO-PERSON,none,No pedestrian in frame
kaist_set04v001_000223,kaist,B+D,thermal,none,images/set04/V001/lwir/I00223.jpg,set04v001,none,223,none,none,exclude,E-NO-PERSON,none,No pedestrian in frame
kaist_set04v001_000224,kaist,B+D,thermal,none,images/set04/V001/lwir/I00224.jpg,set04v001,none,224,none,none,exclude,E-NO-PERSON,none,No pedestrian in frame
kaist_set04v001_000225,kaist,B+D,thermal,none,images/set04/V001/lwir/I00225.jpg,set04v001,none,225,none,none,exclude,E-NO-PERSON,none,No pedestrian in frame
kaist_set04v001_000226,kaist,B+D,thermal,none,images/set04/V001/lwir/I00226.jpg,set04v001,none,226,none,none,exclude,E-NO-PERSON,none,No pedestrian in frame
kaist_set04v001_000227,kaist,B+D,thermal,none,images/set04/V001/lwir/I00227.jpg,set04v001,none,227,none,none,exclude,E-NO-PERSON,none,No pedestrian in frame
kaist_set04v001_000228,kaist,B+D,thermal,none,images/set04/V001/lwir/I00228.jpg,set04v001,none,228,none,none,exclude,E-NO-PERSON,none,No pedestrian in frame
kaist_set04v001_000229,kaist,B+D,thermal,none,images/set04/V001/lwir/I00229.jpg,set04v001,none,229,none,none,exclude,E-NO-PERSON,none,No pedestrian in frame
kaist_set04v001_000230,kaist,B+D,thermal,none,images/set04/V001/lwir/I00230.jpg,set04v001,none,230,none,none,exclude,E-NO-PERSON,none,No pedestrian in frame
kaist_set04v001_000231,kaist,B+D,thermal,none,images/set04/V001/lwir/I00231.jpg,set04v001,none,231,none,none,exclude,E-NO-PERSON,none,No pedestrian in frame
kaist_set04v001_000232,kaist,B+D,thermal,none,images/set04/V001/lwir/I00232.jpg,set04v001,none,232,none,none,exclude,E-NO-PERSON,none,No pedestrian in frame
kaist_set04v001_000233,kaist,B+D,thermal,none,images/set04/V001/lwir/I00233.jpg,set04v001,none,233,none,none,exclude,E-NO-PERSON,none,No pedestrian in frame
kaist_set04v001_000234,kaist,B+D,thermal,none,images/set04/V001/lwir/I00234.jpg,set04v001,none,234,none,none,exclude,E-NO-PERSON,none,No pedestrian in frame
kaist_set04v001_000235,kaist,B+D,thermal,none,images/set04/V001/lwir/I00235.jpg,set04v001,none,235,none,none,exclude,E-NO-PERSON,none,No pedestrian in frame
kaist_set04v001_000236,kaist,B+D,thermal,none,images/set04/V001/lwir/I00236.jpg,set04v001,none,236,none,none,exclude,E-NO-PERSON,none,No pedestrian in frame
kaist_set04v001_000237,kaist,B+D,thermal,none,images/set04/V001/lwir/I00237.jpg,set04v001,none,237,none,none,exclude,E-NO-PERSON,none,No pedestrian in frame
kaist_set04v001_000238,kaist,B+D,thermal,none,images/set04/V001/lwir/I00238.jpg,set04v001,none,238,none,none,exclude,E-NO-PERSON,none,No pedestrian in frame
kaist_set04v001_000239,kaist,B+D,thermal,none,images/set04/V001/lwir/I00239.jpg,set04v001,none,239,none,none,exclude,E-NO-PERSON,none,No pedestrian in frame
kaist_set04v001_000240,kaist,B+D,thermal,none,images/set04/V001/lwir/I00240.jpg,set04v001,none,240,none,none,exclude,E-NO-PERSON,none,No pedestrian in frame
kaist_set04v001_000241,kaist,B+D,thermal,none,images/set04/V001/lwir/I00241.jpg,set04v001,none,241,none,none,exclude,E-NO-PERSON,none,No pedestrian in frame
kaist_set04v001_000242,kaist,B+D,thermal,none,images/set04/V001/lwir/I00242.jpg,set04v001,none,242,none,none,exclude,E-NO-PERSON,none,No pedestrian in frame
kaist_set04v001_000243,kaist,B+D,thermal,none,images/set04/V001/lwir/I00243.jpg,set04v001,none,243,none,none,exclude,E-NO-PERSON,none,No pedestrian in frame
kaist_set04v001_000244,kaist,B+D,thermal,none,images/set04/V001/lwir/I00244.jpg,set04v001,none,244,none,none,exclude,E-NO-PERSON,none,No pedestrian in frame
kaist_set04v001_000245,kaist,B+D,thermal,none,images/set04/V001/lwir/I00245.jpg,set04v001,none,245,none,none,exclude,E-NO-PERSON,none,No pedestrian in frame
kaist_set04v001_000246,kaist,B+D,thermal,none,images/set04/V001/lwir/I00246.jpg,set04v001,none,246,none,none,exclude,E-NO-PERSON,none,No pedestrian in frame
kaist_set04v001_000247,kaist,B+D,thermal,none,images/set04/V001/lwir/I00247.jpg,set04v001,none,247,none,none,exclude,E-NO-PERSON,none,No pedestrian in frame
kaist_set04v001_000248,kaist,B+D,thermal,none,images/set04/V001/lwir/I00248.jpg,set04v001,none,248,none,none,exclude,E-NO-PERSON,none,No pedestrian in frame
kaist_set04v001_000249,kaist,B+D,thermal,none,images/set04/V001/lwir/I00249.jpg,set04v001,none,249,none,none,exclude,E-NO-PERSON,none,No pedestrian in frame
kaist_set04v001_000250,kaist,B+D,thermal,none,images/set04/V001/lwir/I00250.jpg,set04v001,none,250,none,none,exclude,E-NO-PERSON,none,No pedestrian in frame
kaist_set04v001_000251,kaist,B+D,thermal,none,images/set04/V001/lwir/I00251.jpg,set04v001,none,251,none,none,exclude,E-NO-PERSON,none,No pedestrian in frame
kaist_set04v001_000252,kaist,B+D,thermal,none,images/set04/V001/lwir/I00252.jpg,set04v001,none,252,none,none,exclude,E-NO-PERSON,none,No pedestrian in frame
kaist_set04v001_000253,kaist,B+D,thermal,none,images/set04/V001/lwir/I00253.jpg,set04v001,none,253,none,none,exclude,E-NO-PERSON,none,No pedestrian in frame
kaist_set04v001_000254,kaist,B+D,thermal,none,images/set04/V001/lwir/I00254.jpg,set04v001,none,254,none,none,exclude,E-NO-PERSON,none,No pedestrian in frame
kaist_set04v001_000255,kaist,B+D,thermal,none,images/set04/V001/lwir/I00255.jpg,set04v001,none,255,none,none,exclude,E-NO-PERSON,none,No pedestrian in frame
kaist_set04v001_000256,kaist,B+D,thermal,none,images/set04/V001/lwir/I00256.jpg,set04v001,none,256,none,none,exclude,E-NO-PERSON,none,No pedestrian in frame
kaist_set04v001_000257,kaist,B+D,thermal,none,images/set04/V001/lwir/I00257.jpg,set04v001,none,257,none,none,exclude,E-NO-PERSON,none,No pedestrian in frame
kaist_set04v001_000258,kaist,B+D,thermal,none,images/set04/V001/lwir/I00258.jpg,set04v001,none,258,none,none,exclude,E-NO-PERSON,none,No pedestrian in frame
kaist_set04v001_000259,kaist,B+D,thermal,none,images/set04/V001/lwir/I00259.jpg,set04v001,none,259,none,none,exclude,E-NO-PERSON,none,No pedestrian in frame
kaist_set04v001_000260,kaist,B+D,thermal,none,images/set04/V001/lwir/I00260.jpg,set04v001,none,260,none,none,exclude,E-NO-PERSON,none,No pedestrian in frame
kaist_set04v001_000261,kaist,B+D,thermal,none,images/set04/V001/lwir/I00261.jpg,set04v001,none,261,none,none,exclude,E-NO-PERSON,none,No pedestrian in frame
kaist_set04v001_000262,kaist,B+D,thermal,none,images/set04/V001/lwir/I00262.jpg,set04v001,none,262,none,none,exclude,E-NO-PERSON,none,No pedestrian in frame
kaist_set04v001_000263,kaist,B+D,thermal,none,images/set04/V001/lwir/I00263.jpg,set04v001,none,263,none,none,exclude,E-NO-PERSON,none,No pedestrian in frame
kaist_set04v001_000264,kaist,B+D,thermal,none,cleaned/thermal_with_people/I00264.jpg,set04v001,none,264,person,person,keep,none,none,none
kaist_set04v001_000265,kaist,B+D,thermal,none,cleaned/thermal_with_people/I00265.jpg,set04v001,none,265,person,person,keep,none,none,none
kaist_set04v001_000266,kaist,B+D,thermal,none,cleaned/thermal_with_people/I00266.jpg,set04v001,none,266,person,person,keep,none,none,none
kaist_set04v001_000267,kaist,B+D,thermal,none,cleaned/thermal_with_people/I00267.jpg,set04v001,none,267,person,person,keep,none,none,none
kaist_set04v001_000268,kaist,B+D,thermal,none,cleaned/thermal_with_people/I00268.jpg,set04v001,none,268,person,person,keep,none,none,none
kaist_set04v001_000269,kaist,B+D,thermal,none,cleaned/thermal_with_people/I00269.jpg,set04v001,none,269,person,person,keep,none,none,none
kaist_set04v001_000270,kaist,B+D,thermal,none,cleaned/thermal_with_people/I00270.jpg,set04v001,none,270,person,person,keep,none,none,none
kaist_set04v001_000271,kaist,B+D,thermal,none,cleaned/thermal_with_people/I00271.jpg,set04v001,none,271,person,person,keep,none,none,none
kaist_set04v001_000272,kaist,B+D,thermal,none,cleaned/thermal_with_people/I00272.jpg,set04v001,none,272,person,person,keep,none,none,none
kaist_set04v001_000273,kaist,B+D,thermal,none,cleaned/thermal_with_people/I00273.jpg,set04v001,none,273,person,person,keep,none,none,none
kaist_set04v001_000274,kaist,B+D,thermal,none,cleaned/thermal_with_people/I00274.jpg,set04v001,none,274,person,person,keep,none,none,none
kaist_set04v001_000275,kaist,B+D,thermal,none,cleaned/thermal_with_people/I00275.jpg,set04v001,none,275,person,person,keep,none,none,none
kaist_set04v001_000276,kaist,B+D,thermal,none,cleaned/thermal_with_people/I00276.jpg,set04v001,none,276,person,person,keep,none,none,none
kaist_set04v001_000277,kaist,B+D,thermal,none,cleaned/thermal_with_people/I00277.jpg,set04v001,none,277,person,person,keep,none,none,none
kaist_set04v001_000278,kaist,B+D,thermal,none,cleaned/thermal_with_people/I00278.jpg,set04v001,none,278,person,person,keep,none,none,none
kaist_set04v001_000279,kaist,B+D,thermal,none,cleaned/thermal_with_people/I00279.jpg,set04v001,none,279,person,person,keep,none,none,none
kaist_set04v001_000280,kaist,B+D,thermal,none,cleaned/thermal_with_people/I00280.jpg,set04v001,none,280,person,person,keep,none,none,none
kaist_set04v001_000281,kaist,B+D,thermal,none,cleaned/thermal_with_people/I00281.jpg,set04v001,none,281,person,person,keep,none,none,none
kaist_set04v001_000282,kaist,B+D,thermal,none,cleaned/thermal_with_people/I00282.jpg,set04v001,none,282,person,person,keep,none,none,none
kaist_set04v001_000283,kaist,B+D,thermal,none,cleaned/thermal_with_people/I00283.jpg,set04v001,none,283,person,person,keep,none,none,none
kaist_set04v001_000284,kaist,B+D,thermal,none,cleaned/thermal_with_people/I00284.jpg,set04v001,none,284,person,person,keep,none,none,none
kaist_set04v001_000285,kaist,B+D,thermal,none,cleaned/thermal_with_people/I00285.jpg,set04v001,none,285,person,person,keep,none,none,none
kaist_set04v001_000286,kaist,B+D,thermal,none,cleaned/thermal_with_people/I00286.jpg,set04v001,none,286,person,person,keep,none,none,none
kaist_set04v001_000287,kaist,B+D,thermal,none,images/set04/V001/lwir/I00287.jpg,set04v001,none,287,none,none,exclude,E-NO-PERSON,none,No pedestrian in frame
kaist_set04v001_000288,kaist,B+D,thermal,none,cleaned/thermal_with_people/I00288.jpg,set04v001,none,288,person,person,keep,none,none,none
kaist_set04v001_000289,kaist,B+D,thermal,none,cleaned/thermal_with_people/I00289.jpg,set04v001,none,289,person,person,keep,none,none,none
kaist_set04v001_000290,kaist,B+D,thermal,none,cleaned/thermal_with_people/I00290.jpg,set04v001,none,290,person,person,keep,none,none,none
kaist_set04v001_000291,kaist,B+D,thermal,none,cleaned/thermal_with_people/I00291.jpg,set04v001,none,291,person,person,keep,none,none,none
kaist_set04v001_000292,kaist,B+D,thermal,none,cleaned/thermal_with_people/I00292.jpg,set04v001,none,292,person,person,keep,none,none,none
kaist_set04v001_000293,kaist,B+D,thermal,none,cleaned/thermal_with_people/I00293.jpg,set04v001,none,293,person,person,keep,none,none,none
kaist_set04v001_000294,kaist,B+D,thermal,none,cleaned/thermal_with_people/I00294.jpg,set04v001,none,294,person,person,keep,none,none,none
kaist_set04v001_000295,kaist,B+D,thermal,none,cleaned/thermal_with_people/I00295.jpg,set04v001,none,295,person,person,keep,none,none,none
kaist_set04v001_000296,kaist,B+D,thermal,none,cleaned/thermal_with_people/I00296.jpg,set04v001,none,296,person,person,keep,none,none,none
kaist_set04v001_000297,kaist,B+D,thermal,none,cleaned/thermal_with_people/I00297.jpg,set04v001,none,297,person,person,keep,none,none,none
kaist_set04v001_000298,kaist,B+D,thermal,none,cleaned/thermal_with_people/I00298.jpg,set04v001,none,298,person,person,keep,none,none,none
kaist_set04v001_000299,kaist,B+D,thermal,none,cleaned/thermal_with_people/I00299.jpg,set04v001,none,299,person,person,keep,none,none,none
kaist_set04v001_000300,kaist,B+D,thermal,none,cleaned/thermal_with_people/I00300.jpg,set04v001,none,300,person,person,keep,none,none,none
kaist_set04v001_000301,kaist,B+D,thermal,none,cleaned/thermal_with_people/I00301.jpg,set04v001,none,301,person,person,keep,none,none,none
kaist_set04v001_000302,kaist,B+D,thermal,none,cleaned/thermal_with_people/I00302.jpg,set04v001,none,302,person,person,keep,none,none,none
kaist_set04v001_000303,kaist,B+D,thermal,none,cleaned/thermal_with_people/I00303.jpg,set04v001,none,303,person,person,keep,none,none,none
kaist_set04v001_000304,kaist,B+D,thermal,none,cleaned/thermal_with_people/I00304.jpg,set04v001,none,304,person,person,keep,none,none,none
kaist_set04v001_000305,kaist,B+D,thermal,none,cleaned/thermal_with_people/I00305.jpg,set04v001,none,305,person,person,keep,none,none,none
kaist_set04v001_000306,kaist,B+D,thermal,none,cleaned/thermal_with_people/I00306.jpg,set04v001,none,306,person,person,keep,none,none,none
kaist_set04v001_000307,kaist,B+D,thermal,none,cleaned/thermal_with_people/I00307.jpg,set04v001,none,307,person,person,keep,none,none,none
kaist_set04v001_000308,kaist,B+D,thermal,none,cleaned/thermal_with_people/I00308.jpg,set04v001,none,308,person,person,keep,none,none,none
kaist_set04v001_000309,kaist,B+D,thermal,none,cleaned/thermal_with_people/I00309.jpg,set04v001,none,309,person,person,keep,none,none,none
kaist_set04v001_000310,kaist,B+D,thermal,none,cleaned/thermal_with_people/I00310.jpg,set04v001,none,310,person,person,keep,none,none,none
kaist_set04v001_000311,kaist,B+D,thermal,none,cleaned/thermal_with_people/I00311.jpg,set04v001,none,311,person,person,keep,none,none,none
kaist_set04v001_000312,kaist,B+D,thermal,none,cleaned/thermal_with_people/I00312.jpg,set04v001,none,312,person,person,keep,none,none,none
kaist_set04v001_000313,kaist,B+D,thermal,none,cleaned/thermal_with_people/I00313.jpg,set04v001,none,313,person,person,keep,none,none,none
kaist_set04v001_000314,kaist,B+D,thermal,none,cleaned/thermal_with_people/I00314.jpg,set04v001,none,314,person,person,keep,none,none,none
kaist_set04v001_000315,kaist,B+D,thermal,none,cleaned/thermal_with_people/I00315.jpg,set04v001,none,315,person,person,keep,none,none,none
kaist_set04v001_000316,kaist,B+D,thermal,none,cleaned/thermal_with_people/I00316.jpg,set04v001,none,316,person,person,keep,none,none,none
kaist_set04v001_000317,kaist,B+D,thermal,none,cleaned/thermal_with_people/I00317.jpg,set04v001,none,317,person,person,keep,none,none,none
kaist_set04v001_000318,kaist,B+D,thermal,none,cleaned/thermal_with_people/I00318.jpg,set04v001,none,318,person,person,keep,none,none,none
kaist_set04v001_000319,kaist,B+D,thermal,none,cleaned/thermal_with_people/I00319.jpg,set04v001,none,319,person,person,keep,none,none,none
kaist_set04v001_000320,kaist,B+D,thermal,none,cleaned/thermal_with_people/I00320.jpg,set04v001,none,320,person,person,keep,none,none,none
kaist_set04v001_000321,kaist,B+D,thermal,none,cleaned/thermal_with_people/I00321.jpg,set04v001,none,321,person,person,keep,none,none,none
kaist_set04v001_000322,kaist,B+D,thermal,none,cleaned/thermal_with_people/I00322.jpg,set04v001,none,322,person,person,keep,none,none,none
kaist_set04v001_000323,kaist,B+D,thermal,none,cleaned/thermal_with_people/I00323.jpg,set04v001,none,323,person,person,keep,none,none,none
kaist_set04v001_000324,kaist,B+D,thermal,none,cleaned/thermal_with_people/I00324.jpg,set04v001,none,324,person,person,keep,none,none,none
kaist_set04v001_000325,kaist,B+D,thermal,none,cleaned/thermal_with_people/I00325.jpg,set04v001,none,325,person,person,keep,none,none,none
kaist_set04v001_000326,kaist,B+D,thermal,none,cleaned/thermal_with_people/I00326.jpg,set04v001,none,326,person,person,keep,none,none,none
kaist_set04v001_000327,kaist,B+D,thermal,none,cleaned/thermal_with_people/I00327.jpg,set04v001,none,327,person,person,keep,none,none,none
kaist_set04v001_000328,kaist,B+D,thermal,none,cleaned/thermal_with_people/I00328.jpg,set04v001,none,328,person,person,keep,none,none,none
kaist_set04v001_000329,kaist,B+D,thermal,none,cleaned/thermal_with_people/I00329.jpg,set04v001,none,329,person,person,keep,none,none,none
kaist_set04v001_000330,kaist,B+D,thermal,none,cleaned/thermal_with_people/I00330.jpg,set04v001,none,330,person,person,keep,none,none,none
kaist_set04v001_000331,kaist,B+D,thermal,none,cleaned/thermal_with_people/I00331.jpg,set04v001,none,331,person,person,keep,none,none,none
kaist_set04v001_000332,kaist,B+D,thermal,none,cleaned/thermal_with_people/I00332.jpg,set04v001,none,332,person,person,keep,none,none,none
kaist_set04v001_000333,kaist,B+D,thermal,none,cleaned/thermal_with_people/I00333.jpg,set04v001,none,333,person,person,keep,none,none,none
kaist_set04v001_000334,kaist,B+D,thermal,none,cleaned/thermal_with_people/I00334.jpg,set04v001,none,334,person,person,keep,none,none,none
kaist_set04v001_000335,kaist,B+D,thermal,none,images/set04/V001/lwir/I00335.jpg,set04v001,none,335,none,none,exclude,E-NO-PERSON,none,No pedestrian in frame
kaist_set04v001_000336,kaist,B+D,thermal,none,images/set04/V001/lwir/I00336.jpg,set04v001,none,336,none,none,exclude,E-NO-PERSON,none,No pedestrian in frame
kaist_set04v001_000337,kaist,B+D,thermal,none,images/set04/V001/lwir/I00337.jpg,set04v001,none,337,none,none,exclude,E-NO-PERSON,none,No pedestrian in frame
kaist_set04v001_000338,kaist,B+D,thermal,none,images/set04/V001/lwir/I00338.jpg,set04v001,none,338,none,none,exclude,E-NO-PERSON,none,No pedestrian in frame
kaist_set04v001_000339,kaist,B+D,thermal,none,images/set04/V001/lwir/I00339.jpg,set04v001,none,339,none,none,exclude,E-NO-PERSON,none,No pedestrian in frame
kaist_set04v001_000340,kaist,B+D,thermal,none,images/set04/V001/lwir/I00340.jpg,set04v001,none,340,none,none,exclude,E-NO-PERSON,none,No pedestrian in frame
kaist_set04v001_000341,kaist,B+D,thermal,none,images/set04/V001/lwir/I00341.jpg,set04v001,none,341,none,none,exclude,E-NO-PERSON,none,No pedestrian in frame
kaist_set04v001_000342,kaist,B+D,thermal,none,images/set04/V001/lwir/I00342.jpg,set04v001,none,342,none,none,exclude,E-NO-PERSON,none,No pedestrian in frame
kaist_set04v001_000343,kaist,B+D,thermal,none,images/set04/V001/lwir/I00343.jpg,set04v001,none,343,none,none,exclude,E-NO-PERSON,none,No pedestrian in frame
kaist_set04v001_000344,kaist,B+D,thermal,none,images/set04/V001/lwir/I00344.jpg,set04v001,none,344,none,none,exclude,E-NO-PERSON,none,No pedestrian in frame
kaist_set04v001_000345,kaist,B+D,thermal,none,images/set04/V001/lwir/I00345.jpg,set04v001,none,345,none,none,exclude,E-NO-PERSON,none,No pedestrian in frame
kaist_set04v001_000346,kaist,B+D,thermal,none,images/set04/V001/lwir/I00346.jpg,set04v001,none,346,none,none,exclude,E-NO-PERSON,none,No pedestrian in frame
kaist_set04v001_000347,kaist,B+D,thermal,none,images/set04/V001/lwir/I00347.jpg,set04v001,none,347,none,none,exclude,E-NO-PERSON,none,No pedestrian in frame
kaist_set04v001_000348,kaist,B+D,thermal,none,images/set04/V001/lwir/I00348.jpg,set04v001,none,348,none,none,exclude,E-NO-PERSON,none,No pedestrian in frame
kaist_set04v001_000349,kaist,B+D,thermal,none,images/set04/V001/lwir/I00349.jpg,set04v001,none,349,none,none,exclude,E-NO-PERSON,none,No pedestrian in frame
kaist_set04v001_000350,kaist,B+D,thermal,none,images/set04/V001/lwir/I00350.jpg,set04v001,none,350,none,none,exclude,E-NO-PERSON,none,No pedestrian in frame
kaist_set04v001_000351,kaist,B+D,thermal,none,images/set04/V001/lwir/I00351.jpg,set04v001,none,351,none,none,exclude,E-NO-PERSON,none,No pedestrian in frame
kaist_set04v001_000352,kaist,B+D,thermal,none,images/set04/V001/lwir/I00352.jpg,set04v001,none,352,none,none,exclude,E-NO-PERSON,none,No pedestrian in frame
kaist_set04v001_000353,kaist,B+D,thermal,none,images/set04/V001/lwir/I00353.jpg,set04v001,none,353,none,none,exclude,E-NO-PERSON,none,No pedestrian in frame
kaist_set04v001_000354,kaist,B+D,thermal,none,images/set04/V001/lwir/I00354.jpg,set04v001,none,354,none,none,exclude,E-NO-PERSON,none,No pedestrian in frame
kaist_set04v001_000355,kaist,B+D,thermal,none,images/set04/V001/lwir/I00355.jpg,set04v001,none,355,none,none,exclude,E-NO-PERSON,none,No pedestrian in frame
kaist_set04v001_000356,kaist,B+D,thermal,none,images/set04/V001/lwir/I00356.jpg,set04v001,none,356,none,none,exclude,E-NO-PERSON,none,No pedestrian in frame
kaist_set04v001_000357,kaist,B+D,thermal,none,images/set04/V001/lwir/I00357.jpg,set04v001,none,357,none,none,exclude,E-NO-PERSON,none,No pedestrian in frame
kaist_set04v001_000358,kaist,B+D,thermal,none,images/set04/V001/lwir/I00358.jpg,set04v001,none,358,none,none,exclude,E-NO-PERSON,none,No pedestrian in frame
kaist_set04v001_000359,kaist,B+D,thermal,none,images/set04/V001/lwir/I00359.jpg,set04v001,none,359,none,none,exclude,E-NO-PERSON,none,No pedestrian in frame
kaist_set04v001_000360,kaist,B+D,thermal,none,images/set04/V001/lwir/I00360.jpg,set04v001,none,360,none,none,exclude,E-NO-PERSON,none,No pedestrian in frame
kaist_set04v001_000361,kaist,B+D,thermal,none,images/set04/V001/lwir/I00361.jpg,set04v001,none,361,none,none,exclude,E-NO-PERSON,none,No pedestrian in frame
kaist_set04v001_000362,kaist,B+D,thermal,none,images/set04/V001/lwir/I00362.jpg,set04v001,none,362,none,none,exclude,E-NO-PERSON,none,No pedestrian in frame
kaist_set04v001_000363,kaist,B+D,thermal,none,images/set04/V001/lwir/I00363.jpg,set04v001,none,363,none,none,exclude,E-NO-PERSON,none,No pedestrian in frame
kaist_set04v001_000364,kaist,B+D,thermal,none,images/set04/V001/lwir/I00364.jpg,set04v001,none,364,none,none,exclude,E-NO-PERSON,none,No pedestrian in frame
kaist_set04v001_000365,kaist,B+D,thermal,none,images/set04/V001/lwir/I00365.jpg,set04v001,none,365,none,none,exclude,E-NO-PERSON,none,No pedestrian in frame
kaist_set04v001_000366,kaist,B+D,thermal,none,images/set04/V001/lwir/I00366.jpg,set04v001,none,366,none,none,exclude,E-NO-PERSON,none,No pedestrian in frame
kaist_set04v001_000367,kaist,B+D,thermal,none,images/set04/V001/lwir/I00367.jpg,set04v001,none,367,none,none,exclude,E-NO-PERSON,none,No pedestrian in frame
kaist_set04v001_000368,kaist,B+D,thermal,none,images/set04/V001/lwir/I00368.jpg,set04v001,none,368,none,none,exclude,E-NO-PERSON,none,No pedestrian in frame
kaist_set04v001_000369,kaist,B+D,thermal,none,images/set04/V001/lwir/I00369.jpg,set04v001,none,369,none,none,exclude,E-NO-PERSON,none,No pedestrian in frame
kaist_set04v001_000370,kaist,B+D,thermal,none,images/set04/V001/lwir/I00370.jpg,set04v001,none,370,none,none,exclude,E-NO-PERSON,none,No pedestrian in frame
kaist_set04v001_000371,kaist,B+D,thermal,none,images/set04/V001/lwir/I00371.jpg,set04v001,none,371,none,none,exclude,E-NO-PERSON,none,No pedestrian in frame
kaist_set04v001_000372,kaist,B+D,thermal,none,images/set04/V001/lwir/I00372.jpg,set04v001,none,372,none,none,exclude,E-NO-PERSON,none,No pedestrian in frame
kaist_set04v001_000373,kaist,B+D,thermal,none,images/set04/V001/lwir/I00373.jpg,set04v001,none,373,none,none,exclude,E-NO-PERSON,none,No pedestrian in frame
kaist_set04v001_000374,kaist,B+D,thermal,none,images/set04/V001/lwir/I00374.jpg,set04v001,none,374,none,none,exclude,E-NO-PERSON,none,No pedestrian in frame
kaist_set04v001_000375,kaist,B+D,thermal,none,images/set04/V001/lwir/I00375.jpg,set04v001,none,375,none,none,exclude,E-NO-PERSON,none,No pedestrian in frame
kaist_set04v001_000376,kaist,B+D,thermal,none,images/set04/V001/lwir/I00376.jpg,set04v001,none,376,none,none,exclude,E-NO-PERSON,none,No pedestrian in frame
kaist_set04v001_000377,kaist,B+D,thermal,none,images/set04/V001/lwir/I00377.jpg,set04v001,none,377,none,none,exclude,E-NO-PERSON,none,No pedestrian in frame
kaist_set04v001_000378,kaist,B+D,thermal,none,images/set04/V001/lwir/I00378.jpg,set04v001,none,378,none,none,exclude,E-NO-PERSON,none,No pedestrian in frame
kaist_set04v001_000379,kaist,B+D,thermal,none,images/set04/V001/lwir/I00379.jpg,set04v001,none,379,none,none,exclude,E-NO-PERSON,none,No pedestrian in frame
kaist_set04v001_000380,kaist,B+D,thermal,none,images/set04/V001/lwir/I00380.jpg,set04v001,none,380,none,none,exclude,E-NO-PERSON,none,No pedestrian in frame
kaist_set04v001_000381,kaist,B+D,thermal,none,images/set04/V001/lwir/I00381.jpg,set04v001,none,381,none,none,exclude,E-NO-PERSON,none,No pedestrian in frame
kaist_set04v001_000382,kaist,B+D,thermal,none,images/set04/V001/lwir/I00382.jpg,set04v001,none,382,none,none,exclude,E-NO-PERSON,none,No pedestrian in frame
kaist_set04v001_000383,kaist,B+D,thermal,none,images/set04/V001/lwir/I00383.jpg,set04v001,none,383,none,none,exclude,E-NO-PERSON,none,No pedestrian in frame
kaist_set04v001_000384,kaist,B+D,thermal,none,images/set04/V001/lwir/I00384.jpg,set04v001,none,384,none,none,exclude,E-NO-PERSON,none,No pedestrian in frame
kaist_set04v001_000385,kaist,B+D,thermal,none,images/set04/V001/lwir/I00385.jpg,set04v001,none,385,none,none,exclude,E-NO-PERSON,none,No pedestrian in frame
kaist_set04v001_000386,kaist,B+D,thermal,none,images/set04/V001/lwir/I00386.jpg,set04v001,none,386,none,none,exclude,E-NO-PERSON,none,No pedestrian in frame
kaist_set04v001_000387,kaist,B+D,thermal,none,images/set04/V001/lwir/I00387.jpg,set04v001,none,387,none,none,exclude,E-NO-PERSON,none,No pedestrian in frame
kaist_set04v001_000388,kaist,B+D,thermal,none,images/set04/V001/lwir/I00388.jpg,set04v001,none,388,none,none,exclude,E-NO-PERSON,none,No pedestrian in frame
kaist_set04v001_000389,kaist,B+D,thermal,none,images/set04/V001/lwir/I00389.jpg,set04v001,none,389,none,none,exclude,E-NO-PERSON,none,No pedestrian in frame
kaist_set04v001_000390,kaist,B+D,thermal,none,images/set04/V001/lwir/I00390.jpg,set04v001,none,390,none,none,exclude,E-NO-PERSON,none,No pedestrian in frame
kaist_set04v001_000391,kaist,B+D,thermal,none,images/set04/V001/lwir/I00391.jpg,set04v001,none,391,none,none,exclude,E-NO-PERSON,none,No pedestrian in frame
kaist_set04v001_000392,kaist,B+D,thermal,none,images/set04/V001/lwir/I00392.jpg,set04v001,none,392,none,none,exclude,E-NO-PERSON,none,No pedestrian in frame
kaist_set04v001_000393,kaist,B+D,thermal,none,images/set04/V001/lwir/I00393.jpg,set04v001,none,393,none,none,exclude,E-NO-PERSON,none,No pedestrian in frame
kaist_set04v001_000394,kaist,B+D,thermal,none,images/set04/V001/lwir/I00394.jpg,set04v001,none,394,none,none,exclude,E-NO-PERSON,none,No pedestrian in frame
kaist_set04v001_000395,kaist,B+D,thermal,none,images/set04/V001/lwir/I00395.jpg,set04v001,none,395,none,none,exclude,E-NO-PERSON,none,No pedestrian in frame
kaist_set04v001_000396,kaist,B+D,thermal,none,images/set04/V001/lwir/I00396.jpg,set04v001,none,396,none,none,exclude,E-NO-PERSON,none,No pedestrian in frame
kaist_set04v001_000397,kaist,B+D,thermal,none,images/set04/V001/lwir/I00397.jpg,set04v001,none,397,none,none,exclude,E-NO-PERSON,none,No pedestrian in frame
kaist_set04v001_000398,kaist,B+D,thermal,none,images/set04/V001/lwir/I00398.jpg,set04v001,none,398,none,none,exclude,E-NO-PERSON,none,No pedestrian in frame
kaist_set04v001_000399,kaist,B+D,thermal,none,images/set04/V001/lwir/I00399.jpg,set04v001,none,399,none,none,exclude,E-NO-PERSON,none,No pedestrian in frame
kaist_set04v001_000400,kaist,B+D,thermal,none,images/set04/V001/lwir/I00400.jpg,set04v001,none,400,none,none,exclude,E-NO-PERSON,none,No pedestrian in frame
kaist_set04v001_000401,kaist,B+D,thermal,none,images/set04/V001/lwir/I00401.jpg,set04v001,none,401,none,none,exclude,E-NO-PERSON,none,No pedestrian in frame
kaist_set04v001_000402,kaist,B+D,thermal,none,images/set04/V001/lwir/I00402.jpg,set04v001,none,402,none,none,exclude,E-NO-PERSON,none,No pedestrian in frame
kaist_set04v001_000403,kaist,B+D,thermal,none,images/set04/V001/lwir/I00403.jpg,set04v001,none,403,none,none,exclude,E-NO-PERSON,none,No pedestrian in frame
kaist_set04v001_000404,kaist,B+D,thermal,none,images/set04/V001/lwir/I00404.jpg,set04v001,none,404,none,none,exclude,E-NO-PERSON,none,No pedestrian in frame
kaist_set04v001_000405,kaist,B+D,thermal,none,images/set04/V001/lwir/I00405.jpg,set04v001,none,405,none,none,exclude,E-NO-PERSON,none,No pedestrian in frame
kaist_set04v001_000406,kaist,B+D,thermal,none,images/set04/V001/lwir/I00406.jpg,set04v001,none,406,none,none,exclude,E-NO-PERSON,none,No pedestrian in frame
kaist_set04v001_000407,kaist,B+D,thermal,none,images/set04/V001/lwir/I00407.jpg,set04v001,none,407,none,none,exclude,E-NO-PERSON,none,No pedestrian in frame
kaist_set04v001_000408,kaist,B+D,thermal,none,images/set04/V001/lwir/I00408.jpg,set04v001,none,408,none,none,exclude,E-NO-PERSON,none,No pedestrian in frame
kaist_set04v001_000409,kaist,B+D,thermal,none,images/set04/V001/lwir/I00409.jpg,set04v001,none,409,none,none,exclude,E-NO-PERSON,none,No pedestrian in frame
kaist_set04v001_000410,kaist,B+D,thermal,none,images/set04/V001/lwir/I00410.jpg,set04v001,none,410,none,none,exclude,E-NO-PERSON,none,No pedestrian in frame
kaist_set04v001_000411,kaist,B+D,thermal,none,images/set04/V001/lwir/I00411.jpg,set04v001,none,411,none,none,exclude,E-NO-PERSON,none,No pedestrian in frame
kaist_set04v001_000412,kaist,B+D,thermal,none,images/set04/V001/lwir/I00412.jpg,set04v001,none,412,none,none,exclude,E-NO-PERSON,none,No pedestrian in frame
kaist_set04v001_000413,kaist,B+D,thermal,none,images/set04/V001/lwir/I00413.jpg,set04v001,none,413,none,none,exclude,E-NO-PERSON,none,No pedestrian in frame
kaist_set04v001_000414,kaist,B+D,thermal,none,images/set04/V001/lwir/I00414.jpg,set04v001,none,414,none,none,exclude,E-NO-PERSON,none,No pedestrian in frame
kaist_set04v001_000415,kaist,B+D,thermal,none,images/set04/V001/lwir/I00415.jpg,set04v001,none,415,none,none,exclude,E-NO-PERSON,none,No pedestrian in frame
kaist_set04v001_000416,kaist,B+D,thermal,none,images/set04/V001/lwir/I00416.jpg,set04v001,none,416,none,none,exclude,E-NO-PERSON,none,No pedestrian in frame
kaist_set04v001_000417,kaist,B+D,thermal,none,images/set04/V001/lwir/I00417.jpg,set04v001,none,417,none,none,exclude,E-NO-PERSON,none,No pedestrian in frame
kaist_set04v001_000418,kaist,B+D,thermal,none,images/set04/V001/lwir/I00418.jpg,set04v001,none,418,none,none,exclude,E-NO-PERSON,none,No pedestrian in frame
kaist_set04v001_000419,kaist,B+D,thermal,none,images/set04/V001/lwir/I00419.jpg,set04v001,none,419,none,none,exclude,E-NO-PERSON,none,No pedestrian in frame
kaist_set04v001_000420,kaist,B+D,thermal,none,images/set04/V001/lwir/I00420.jpg,set04v001,none,420,none,none,exclude,E-NO-PERSON,none,No pedestrian in frame
kaist_set04v001_000421,kaist,B+D,thermal,none,images/set04/V001/lwir/I00421.jpg,set04v001,none,421,none,none,exclude,E-NO-PERSON,none,No pedestrian in frame
kaist_set04v001_000422,kaist,B+D,thermal,none,images/set04/V001/lwir/I00422.jpg,set04v001,none,422,none,none,exclude,E-NO-PERSON,none,No pedestrian in frame
kaist_set04v001_000423,kaist,B+D,thermal,none,images/set04/V001/lwir/I00423.jpg,set04v001,none,423,none,none,exclude,E-NO-PERSON,none,No pedestrian in frame
kaist_set04v001_000424,kaist,B+D,thermal,none,images/set04/V001/lwir/I00424.jpg,set04v001,none,424,none,none,exclude,E-NO-PERSON,none,No pedestrian in frame
kaist_set04v001_000425,kaist,B+D,thermal,none,images/set04/V001/lwir/I00425.jpg,set04v001,none,425,none,none,exclude,E-NO-PERSON,none,No pedestrian in frame
kaist_set04v001_000426,kaist,B+D,thermal,none,images/set04/V001/lwir/I00426.jpg,set04v001,none,426,none,none,exclude,E-NO-PERSON,none,No pedestrian in frame
kaist_set04v001_000427,kaist,B+D,thermal,none,images/set04/V001/lwir/I00427.jpg,set04v001,none,427,none,none,exclude,E-NO-PERSON,none,No pedestrian in frame
kaist_set04v001_000428,kaist,B+D,thermal,none,images/set04/V001/lwir/I00428.jpg,set04v001,none,428,none,none,exclude,E-NO-PERSON,none,No pedestrian in frame
kaist_set04v001_000429,kaist,B+D,thermal,none,images/set04/V001/lwir/I00429.jpg,set04v001,none,429,none,none,exclude,E-NO-PERSON,none,No pedestrian in frame
kaist_set04v001_000430,kaist,B+D,thermal,none,images/set04/V001/lwir/I00430.jpg,set04v001,none,430,none,none,exclude,E-NO-PERSON,none,No pedestrian in frame
kaist_set04v001_000431,kaist,B+D,thermal,none,images/set04/V001/lwir/I00431.jpg,set04v001,none,431,none,none,exclude,E-NO-PERSON,none,No pedestrian in frame
kaist_set04v001_000432,kaist,B+D,thermal,none,images/set04/V001/lwir/I00432.jpg,set04v001,none,432,none,none,exclude,E-NO-PERSON,none,No pedestrian in frame
kaist_set04v001_000433,kaist,B+D,thermal,none,images/set04/V001/lwir/I00433.jpg,set04v001,none,433,none,none,exclude,E-NO-PERSON,none,No pedestrian in frame
kaist_set04v001_000434,kaist,B+D,thermal,none,images/set04/V001/lwir/I00434.jpg,set04v001,none,434,none,none,exclude,E-NO-PERSON,none,No pedestrian in frame
kaist_set04v001_000435,kaist,B+D,thermal,none,images/set04/V001/lwir/I00435.jpg,set04v001,none,435,none,none,exclude,E-NO-PERSON,none,No pedestrian in frame
kaist_set04v001_000436,kaist,B+D,thermal,none,images/set04/V001/lwir/I00436.jpg,set04v001,none,436,none,none,exclude,E-NO-PERSON,none,No pedestrian in frame
kaist_set04v001_000437,kaist,B+D,thermal,none,images/set04/V001/lwir/I00437.jpg,set04v001,none,437,none,none,exclude,E-NO-PERSON,none,No pedestrian in frame
kaist_set04v001_000438,kaist,B+D,thermal,none,images/set04/V001/lwir/I00438.jpg,set04v001,none,438,none,none,exclude,E-NO-PERSON,none,No pedestrian in frame
kaist_set04v001_000439,kaist,B+D,thermal,none,images/set04/V001/lwir/I00439.jpg,set04v001,none,439,none,none,exclude,E-NO-PERSON,none,No pedestrian in frame
kaist_set04v001_000440,kaist,B+D,thermal,none,images/set04/V001/lwir/I00440.jpg,set04v001,none,440,none,none,exclude,E-NO-PERSON,none,No pedestrian in frame
kaist_set04v001_000441,kaist,B+D,thermal,none,images/set04/V001/lwir/I00441.jpg,set04v001,none,441,none,none,exclude,E-NO-PERSON,none,No pedestrian in frame
kaist_set04v001_000442,kaist,B+D,thermal,none,images/set04/V001/lwir/I00442.jpg,set04v001,none,442,none,none,exclude,E-NO-PERSON,none,No pedestrian in frame
kaist_set04v001_000443,kaist,B+D,thermal,none,images/set04/V001/lwir/I00443.jpg,set04v001,none,443,none,none,exclude,E-NO-PERSON,none,No pedestrian in frame
kaist_set04v001_000444,kaist,B+D,thermal,none,images/set04/V001/lwir/I00444.jpg,set04v001,none,444,none,none,exclude,E-NO-PERSON,none,No pedestrian in frame
kaist_set04v001_000445,kaist,B+D,thermal,none,images/set04/V001/lwir/I00445.jpg,set04v001,none,445,none,none,exclude,E-NO-PERSON,none,No pedestrian in frame
kaist_set04v001_000446,kaist,B+D,thermal,none,images/set04/V001/lwir/I00446.jpg,set04v001,none,446,none,none,exclude,E-NO-PERSON,none,No pedestrian in frame
kaist_set04v001_000447,kaist,B+D,thermal,none,images/set04/V001/lwir/I00447.jpg,set04v001,none,447,none,none,exclude,E-NO-PERSON,none,No pedestrian in frame
kaist_set04v001_000448,kaist,B+D,thermal,none,images/set04/V001/lwir/I00448.jpg,set04v001,none,448,none,none,exclude,E-NO-PERSON,none,No pedestrian in frame
kaist_set04v001_000449,kaist,B+D,thermal,none,images/set04/V001/lwir/I00449.jpg,set04v001,none,449,none,none,exclude,E-NO-PERSON,none,No pedestrian in frame
kaist_set04v001_000450,kaist,B+D,thermal,none,images/set04/V001/lwir/I00450.jpg,set04v001,none,450,none,none,exclude,E-NO-PERSON,none,No pedestrian in frame
kaist_set04v001_000451,kaist,B+D,thermal,none,images/set04/V001/lwir/I00451.jpg,set04v001,none,451,none,none,exclude,E-NO-PERSON,none,No pedestrian in frame
kaist_set04v001_000452,kaist,B+D,thermal,none,images/set04/V001/lwir/I00452.jpg,set04v001,none,452,none,none,exclude,E-NO-PERSON,none,No pedestrian in frame
kaist_set04v001_000453,kaist,B+D,thermal,none,images/set04/V001/lwir/I00453.jpg,set04v001,none,453,none,none,exclude,E-NO-PERSON,none,No pedestrian in frame
kaist_set04v001_000454,kaist,B+D,thermal,none,images/set04/V001/lwir/I00454.jpg,set04v001,none,454,none,none,exclude,E-NO-PERSON,none,No pedestrian in frame
kaist_set04v001_000455,kaist,B+D,thermal,none,images/set04/V001/lwir/I00455.jpg,set04v001,none,455,none,none,exclude,E-NO-PERSON,none,No pedestrian in frame
kaist_set04v001_000456,kaist,B+D,thermal,none,images/set04/V001/lwir/I00456.jpg,set04v001,none,456,none,none,exclude,E-NO-PERSON,none,No pedestrian in frame
kaist_set04v001_000457,kaist,B+D,thermal,none,images/set04/V001/lwir/I00457.jpg,set04v001,none,457,none,none,exclude,E-NO-PERSON,none,No pedestrian in frame
kaist_set04v001_000458,kaist,B+D,thermal,none,images/set04/V001/lwir/I00458.jpg,set04v001,none,458,none,none,exclude,E-NO-PERSON,none,No pedestrian in frame
kaist_set04v001_000459,kaist,B+D,thermal,none,images/set04/V001/lwir/I00459.jpg,set04v001,none,459,none,none,exclude,E-NO-PERSON,none,No pedestrian in frame
kaist_set04v001_000460,kaist,B+D,thermal,none,images/set04/V001/lwir/I00460.jpg,set04v001,none,460,none,none,exclude,E-NO-PERSON,none,No pedestrian in frame
kaist_set04v001_000461,kaist,B+D,thermal,none,images/set04/V001/lwir/I00461.jpg,set04v001,none,461,none,none,exclude,E-NO-PERSON,none,No pedestrian in frame
kaist_set04v001_000462,kaist,B+D,thermal,none,images/set04/V001/lwir/I00462.jpg,set04v001,none,462,none,none,exclude,E-NO-PERSON,none,No pedestrian in frame
kaist_set04v001_000463,kaist,B+D,thermal,none,images/set04/V001/lwir/I00463.jpg,set04v001,none,463,none,none,exclude,E-NO-PERSON,none,No pedestrian in frame
kaist_set04v001_000464,kaist,B+D,thermal,none,images/set04/V001/lwir/I00464.jpg,set04v001,none,464,none,none,exclude,E-NO-PERSON,none,No pedestrian in frame
kaist_set04v001_000465,kaist,B+D,thermal,none,images/set04/V001/lwir/I00465.jpg,set04v001,none,465,none,none,exclude,E-NO-PERSON,none,No pedestrian in frame
kaist_set04v001_000466,kaist,B+D,thermal,none,images/set04/V001/lwir/I00466.jpg,set04v001,none,466,none,none,exclude,E-NO-PERSON,none,No pedestrian in frame
kaist_set04v001_000467,kaist,B+D,thermal,none,images/set04/V001/lwir/I00467.jpg,set04v001,none,467,none,none,exclude,E-NO-PERSON,none,No pedestrian in frame
kaist_set04v001_000468,kaist,B+D,thermal,none,images/set04/V001/lwir/I00468.jpg,set04v001,none,468,none,none,exclude,E-NO-PERSON,none,No pedestrian in frame
kaist_set04v001_000469,kaist,B+D,thermal,none,images/set04/V001/lwir/I00469.jpg,set04v001,none,469,none,none,exclude,E-NO-PERSON,none,No pedestrian in frame
kaist_set04v001_000470,kaist,B+D,thermal,none,images/set04/V001/lwir/I00470.jpg,set04v001,none,470,none,none,exclude,E-NO-PERSON,none,No pedestrian in frame
kaist_set04v001_000471,kaist,B+D,thermal,none,images/set04/V001/lwir/I00471.jpg,set04v001,none,471,none,none,exclude,E-NO-PERSON,none,No pedestrian in frame
kaist_set04v001_000472,kaist,B+D,thermal,none,images/set04/V001/lwir/I00472.jpg,set04v001,none,472,none,none,exclude,E-NO-PERSON,none,No pedestrian in frame
kaist_set04v001_000473,kaist,B+D,thermal,none,images/set04/V001/lwir/I00473.jpg,set04v001,none,473,none,none,exclude,E-NO-PERSON,none,No pedestrian in frame
kaist_set04v001_000474,kaist,B+D,thermal,none,images/set04/V001/lwir/I00474.jpg,set04v001,none,474,none,none,exclude,E-NO-PERSON,none,No pedestrian in frame
kaist_set04v001_000475,kaist,B+D,thermal,none,images/set04/V001/lwir/I00475.jpg,set04v001,none,475,none,none,exclude,E-NO-PERSON,none,No pedestrian in frame
kaist_set04v001_000476,kaist,B+D,thermal,none,images/set04/V001/lwir/I00476.jpg,set04v001,none,476,none,none,exclude,E-NO-PERSON,none,No pedestrian in frame
kaist_set04v001_000477,kaist,B+D,thermal,none,images/set04/V001/lwir/I00477.jpg,set04v001,none,477,none,none,exclude,E-NO-PERSON,none,No pedestrian in frame
kaist_set04v001_000478,kaist,B+D,thermal,none,images/set04/V001/lwir/I00478.jpg,set04v001,none,478,none,none,exclude,E-NO-PERSON,none,No pedestrian in frame
kaist_set04v001_000479,kaist,B+D,thermal,none,images/set04/V001/lwir/I00479.jpg,set04v001,none,479,none,none,exclude,E-NO-PERSON,none,No pedestrian in frame
kaist_set04v001_000480,kaist,B+D,thermal,none,images/set04/V001/lwir/I00480.jpg,set04v001,none,480,none,none,exclude,E-NO-PERSON,none,No pedestrian in frame
kaist_set04v001_000481,kaist,B+D,thermal,none,images/set04/V001/lwir/I00481.jpg,set04v001,none,481,none,none,exclude,E-NO-PERSON,none,No pedestrian in frame
kaist_set04v001_000482,kaist,B+D,thermal,none,images/set04/V001/lwir/I00482.jpg,set04v001,none,482,none,none,exclude,E-NO-PERSON,none,No pedestrian in frame
kaist_set04v001_000483,kaist,B+D,thermal,none,images/set04/V001/lwir/I00483.jpg,set04v001,none,483,none,none,exclude,E-NO-PERSON,none,No pedestrian in frame
kaist_set04v001_000484,kaist,B+D,thermal,none,images/set04/V001/lwir/I00484.jpg,set04v001,none,484,none,none,exclude,E-NO-PERSON,none,No pedestrian in frame
kaist_set04v001_000485,kaist,B+D,thermal,none,images/set04/V001/lwir/I00485.jpg,set04v001,none,485,none,none,exclude,E-NO-PERSON,none,No pedestrian in frame
kaist_set04v001_000486,kaist,B+D,thermal,none,images/set04/V001/lwir/I00486.jpg,set04v001,none,486,none,none,exclude,E-NO-PERSON,none,No pedestrian in frame
kaist_set04v001_000487,kaist,B+D,thermal,none,images/set04/V001/lwir/I00487.jpg,set04v001,none,487,none,none,exclude,E-NO-PERSON,none,No pedestrian in frame
kaist_set04v001_000488,kaist,B+D,thermal,none,images/set04/V001/lwir/I00488.jpg,set04v001,none,488,none,none,exclude,E-NO-PERSON,none,No pedestrian in frame
kaist_set04v001_000489,kaist,B+D,thermal,none,images/set04/V001/lwir/I00489.jpg,set04v001,none,489,none,none,exclude,E-NO-PERSON,none,No pedestrian in frame
kaist_set04v001_000490,kaist,B+D,thermal,none,images/set04/V001/lwir/I00490.jpg,set04v001,none,490,none,none,exclude,E-NO-PERSON,none,No pedestrian in frame
kaist_set04v001_000491,kaist,B+D,thermal,none,images/set04/V001/lwir/I00491.jpg,set04v001,none,491,none,none,exclude,E-NO-PERSON,none,No pedestrian in frame
kaist_set04v001_000492,kaist,B+D,thermal,none,images/set04/V001/lwir/I00492.jpg,set04v001,none,492,none,none,exclude,E-NO-PERSON,none,No pedestrian in frame
kaist_set04v001_000493,kaist,B+D,thermal,none,images/set04/V001/lwir/I00493.jpg,set04v001,none,493,none,none,exclude,E-NO-PERSON,none,No pedestrian in frame
kaist_set04v001_000494,kaist,B+D,thermal,none,images/set04/V001/lwir/I00494.jpg,set04v001,none,494,none,none,exclude,E-NO-PERSON,none,No pedestrian in frame
kaist_set04v001_000495,kaist,B+D,thermal,none,images/set04/V001/lwir/I00495.jpg,set04v001,none,495,none,none,exclude,E-NO-PERSON,none,No pedestrian in frame
kaist_set04v001_000496,kaist,B+D,thermal,none,images/set04/V001/lwir/I00496.jpg,set04v001,none,496,none,none,exclude,E-NO-PERSON,none,No pedestrian in frame
kaist_set04v001_000497,kaist,B+D,thermal,none,images/set04/V001/lwir/I00497.jpg,set04v001,none,497,none,none,exclude,E-NO-PERSON,none,No pedestrian in frame
kaist_set04v001_000498,kaist,B+D,thermal,none,images/set04/V001/lwir/I00498.jpg,set04v001,none,498,none,none,exclude,E-NO-PERSON,none,No pedestrian in frame
kaist_set04v001_000499,kaist,B+D,thermal,none,images/set04/V001/lwir/I00499.jpg,set04v001,none,499,none,none,exclude,E-NO-PERSON,none,No pedestrian in frame
kaist_set04v001_000500,kaist,B+D,thermal,none,images/set04/V001/lwir/I00500.jpg,set04v001,none,500,none,none,exclude,E-NO-PERSON,none,No pedestrian in frame
kaist_set04v001_000501,kaist,B+D,thermal,none,images/set04/V001/lwir/I00501.jpg,set04v001,none,501,none,none,exclude,E-NO-PERSON,none,No pedestrian in frame
kaist_set04v001_000502,kaist,B+D,thermal,none,images/set04/V001/lwir/I00502.jpg,set04v001,none,502,none,none,exclude,E-NO-PERSON,none,No pedestrian in frame
kaist_set04v001_000503,kaist,B+D,thermal,none,images/set04/V001/lwir/I00503.jpg,set04v001,none,503,none,none,exclude,E-NO-PERSON,none,No pedestrian in frame
kaist_set04v001_000504,kaist,B+D,thermal,none,images/set04/V001/lwir/I00504.jpg,set04v001,none,504,none,none,exclude,E-NO-PERSON,none,No pedestrian in frame
kaist_set04v001_000505,kaist,B+D,thermal,none,images/set04/V001/lwir/I00505.jpg,set04v001,none,505,none,none,exclude,E-NO-PERSON,none,No pedestrian in frame
kaist_set04v001_000506,kaist,B+D,thermal,none,images/set04/V001/lwir/I00506.jpg,set04v001,none,506,none,none,exclude,E-NO-PERSON,none,No pedestrian in frame
kaist_set04v001_000507,kaist,B+D,thermal,none,images/set04/V001/lwir/I00507.jpg,set04v001,none,507,none,none,exclude,E-NO-PERSON,none,No pedestrian in frame
kaist_set04v001_000508,kaist,B+D,thermal,none,images/set04/V001/lwir/I00508.jpg,set04v001,none,508,none,none,exclude,E-NO-PERSON,none,No pedestrian in frame
kaist_set04v001_000509,kaist,B+D,thermal,none,images/set04/V001/lwir/I00509.jpg,set04v001,none,509,none,none,exclude,E-NO-PERSON,none,No pedestrian in frame
kaist_set04v001_000510,kaist,B+D,thermal,none,images/set04/V001/lwir/I00510.jpg,set04v001,none,510,none,none,exclude,E-NO-PERSON,none,No pedestrian in frame
kaist_set04v001_000511,kaist,B+D,thermal,none,images/set04/V001/lwir/I00511.jpg,set04v001,none,511,none,none,exclude,E-NO-PERSON,none,No pedestrian in frame
kaist_set04v001_000512,kaist,B+D,thermal,none,images/set04/V001/lwir/I00512.jpg,set04v001,none,512,none,none,exclude,E-NO-PERSON,none,No pedestrian in frame
kaist_set04v001_000513,kaist,B+D,thermal,none,images/set04/V001/lwir/I00513.jpg,set04v001,none,513,none,none,exclude,E-NO-PERSON,none,No pedestrian in frame
kaist_set04v001_000514,kaist,B+D,thermal,none,images/set04/V001/lwir/I00514.jpg,set04v001,none,514,none,none,exclude,E-NO-PERSON,none,No pedestrian in frame
kaist_set04v001_000515,kaist,B+D,thermal,none,images/set04/V001/lwir/I00515.jpg,set04v001,none,515,none,none,exclude,E-NO-PERSON,none,No pedestrian in frame
kaist_set04v001_000516,kaist,B+D,thermal,none,images/set04/V001/lwir/I00516.jpg,set04v001,none,516,none,none,exclude,E-NO-PERSON,none,No pedestrian in frame
kaist_set04v001_000517,kaist,B+D,thermal,none,images/set04/V001/lwir/I00517.jpg,set04v001,none,517,none,none,exclude,E-NO-PERSON,none,No pedestrian in frame
kaist_set04v001_000518,kaist,B+D,thermal,none,images/set04/V001/lwir/I00518.jpg,set04v001,none,518,none,none,exclude,E-NO-PERSON,none,No pedestrian in frame
kaist_set04v001_000519,kaist,B+D,thermal,none,images/set04/V001/lwir/I00519.jpg,set04v001,none,519,none,none,exclude,E-NO-PERSON,none,No pedestrian in frame
kaist_set04v001_000520,kaist,B+D,thermal,none,images/set04/V001/lwir/I00520.jpg,set04v001,none,520,none,none,exclude,E-NO-PERSON,none,No pedestrian in frame
kaist_set04v001_000521,kaist,B+D,thermal,none,images/set04/V001/lwir/I00521.jpg,set04v001,none,521,none,none,exclude,E-NO-PERSON,none,No pedestrian in frame
kaist_set04v001_000522,kaist,B+D,thermal,none,images/set04/V001/lwir/I00522.jpg,set04v001,none,522,none,none,exclude,E-NO-PERSON,none,No pedestrian in frame
kaist_set04v001_000523,kaist,B+D,thermal,none,images/set04/V001/lwir/I00523.jpg,set04v001,none,523,none,none,exclude,E-NO-PERSON,none,No pedestrian in frame
kaist_set04v001_000524,kaist,B+D,thermal,none,images/set04/V001/lwir/I00524.jpg,set04v001,none,524,none,none,exclude,E-NO-PERSON,none,No pedestrian in frame
kaist_set04v001_000525,kaist,B+D,thermal,none,images/set04/V001/lwir/I00525.jpg,set04v001,none,525,none,none,exclude,E-NO-PERSON,none,No pedestrian in frame
kaist_set04v001_000526,kaist,B+D,thermal,none,images/set04/V001/lwir/I00526.jpg,set04v001,none,526,none,none,exclude,E-NO-PERSON,none,No pedestrian in frame
kaist_set04v001_000527,kaist,B+D,thermal,none,images/set04/V001/lwir/I00527.jpg,set04v001,none,527,none,none,exclude,E-NO-PERSON,none,No pedestrian in frame
kaist_set04v001_000528,kaist,B+D,thermal,none,images/set04/V001/lwir/I00528.jpg,set04v001,none,528,none,none,exclude,E-NO-PERSON,none,No pedestrian in frame
kaist_set04v001_000529,kaist,B+D,thermal,none,images/set04/V001/lwir/I00529.jpg,set04v001,none,529,none,none,exclude,E-NO-PERSON,none,No pedestrian in frame
kaist_set04v001_000530,kaist,B+D,thermal,none,images/set04/V001/lwir/I00530.jpg,set04v001,none,530,none,none,exclude,E-NO-PERSON,none,No pedestrian in frame
kaist_set04v001_000531,kaist,B+D,thermal,none,images/set04/V001/lwir/I00531.jpg,set04v001,none,531,none,none,exclude,E-NO-PERSON,none,No pedestrian in frame
kaist_set04v001_000532,kaist,B+D,thermal,none,images/set04/V001/lwir/I00532.jpg,set04v001,none,532,none,none,exclude,E-NO-PERSON,none,No pedestrian in frame
kaist_set04v001_000533,kaist,B+D,thermal,none,images/set04/V001/lwir/I00533.jpg,set04v001,none,533,none,none,exclude,E-NO-PERSON,none,No pedestrian in frame
kaist_set04v001_000534,kaist,B+D,thermal,none,images/set04/V001/lwir/I00534.jpg,set04v001,none,534,none,none,exclude,E-NO-PERSON,none,No pedestrian in frame
kaist_set04v001_000535,kaist,B+D,thermal,none,images/set04/V001/lwir/I00535.jpg,set04v001,none,535,none,none,exclude,E-NO-PERSON,none,No pedestrian in frame
kaist_set04v001_000536,kaist,B+D,thermal,none,images/set04/V001/lwir/I00536.jpg,set04v001,none,536,none,none,exclude,E-NO-PERSON,none,No pedestrian in frame
kaist_set04v001_000537,kaist,B+D,thermal,none,images/set04/V001/lwir/I00537.jpg,set04v001,none,537,none,none,exclude,E-NO-PERSON,none,No pedestrian in frame
kaist_set04v001_000538,kaist,B+D,thermal,none,images/set04/V001/lwir/I00538.jpg,set04v001,none,538,none,none,exclude,E-NO-PERSON,none,No pedestrian in frame
kaist_set04v001_000539,kaist,B+D,thermal,none,images/set04/V001/lwir/I00539.jpg,set04v001,none,539,none,none,exclude,E-NO-PERSON,none,No pedestrian in frame
kaist_set04v001_000540,kaist,B+D,thermal,none,images/set04/V001/lwir/I00540.jpg,set04v001,none,540,none,none,exclude,E-NO-PERSON,none,No pedestrian in frame
kaist_set04v001_000541,kaist,B+D,thermal,none,images/set04/V001/lwir/I00541.jpg,set04v001,none,541,none,none,exclude,E-NO-PERSON,none,No pedestrian in frame
kaist_set04v001_000542,kaist,B+D,thermal,none,images/set04/V001/lwir/I00542.jpg,set04v001,none,542,none,none,exclude,E-NO-PERSON,none,No pedestrian in frame
kaist_set04v001_000543,kaist,B+D,thermal,none,images/set04/V001/lwir/I00543.jpg,set04v001,none,543,none,none,exclude,E-NO-PERSON,none,No pedestrian in frame
kaist_set04v001_000544,kaist,B+D,thermal,none,images/set04/V001/lwir/I00544.jpg,set04v001,none,544,none,none,exclude,E-NO-PERSON,none,No pedestrian in frame
kaist_set04v001_000545,kaist,B+D,thermal,none,images/set04/V001/lwir/I00545.jpg,set04v001,none,545,none,none,exclude,E-NO-PERSON,none,No pedestrian in frame
kaist_set04v001_000546,kaist,B+D,thermal,none,images/set04/V001/lwir/I00546.jpg,set04v001,none,546,none,none,exclude,E-NO-PERSON,none,No pedestrian in frame
kaist_set04v001_000547,kaist,B+D,thermal,none,images/set04/V001/lwir/I00547.jpg,set04v001,none,547,none,none,exclude,E-NO-PERSON,none,No pedestrian in frame
kaist_set04v001_000548,kaist,B+D,thermal,none,images/set04/V001/lwir/I00548.jpg,set04v001,none,548,none,none,exclude,E-NO-PERSON,none,No pedestrian in frame
kaist_set04v001_000549,kaist,B+D,thermal,none,images/set04/V001/lwir/I00549.jpg,set04v001,none,549,none,none,exclude,E-NO-PERSON,none,No pedestrian in frame
kaist_set04v001_000550,kaist,B+D,thermal,none,images/set04/V001/lwir/I00550.jpg,set04v001,none,550,none,none,exclude,E-NO-PERSON,none,No pedestrian in frame
kaist_set04v001_000551,kaist,B+D,thermal,none,images/set04/V001/lwir/I00551.jpg,set04v001,none,551,none,none,exclude,E-NO-PERSON,none,No pedestrian in frame
kaist_set04v001_000552,kaist,B+D,thermal,none,images/set04/V001/lwir/I00552.jpg,set04v001,none,552,none,none,exclude,E-NO-PERSON,none,No pedestrian in frame
kaist_set04v001_000553,kaist,B+D,thermal,none,images/set04/V001/lwir/I00553.jpg,set04v001,none,553,none,none,exclude,E-NO-PERSON,none,No pedestrian in frame
kaist_set04v001_000554,kaist,B+D,thermal,none,images/set04/V001/lwir/I00554.jpg,set04v001,none,554,none,none,exclude,E-NO-PERSON,none,No pedestrian in frame
kaist_set04v001_000555,kaist,B+D,thermal,none,images/set04/V001/lwir/I00555.jpg,set04v001,none,555,none,none,exclude,E-NO-PERSON,none,No pedestrian in frame
kaist_set04v001_000556,kaist,B+D,thermal,none,images/set04/V001/lwir/I00556.jpg,set04v001,none,556,none,none,exclude,E-NO-PERSON,none,No pedestrian in frame
kaist_set04v001_000557,kaist,B+D,thermal,none,images/set04/V001/lwir/I00557.jpg,set04v001,none,557,none,none,exclude,E-NO-PERSON,none,No pedestrian in frame
kaist_set04v001_000558,kaist,B+D,thermal,none,images/set04/V001/lwir/I00558.jpg,set04v001,none,558,none,none,exclude,E-NO-PERSON,none,No pedestrian in frame
kaist_set04v001_000559,kaist,B+D,thermal,none,images/set04/V001/lwir/I00559.jpg,set04v001,none,559,none,none,exclude,E-NO-PERSON,none,No pedestrian in frame
kaist_set04v001_000560,kaist,B+D,thermal,none,images/set04/V001/lwir/I00560.jpg,set04v001,none,560,none,none,exclude,E-NO-PERSON,none,No pedestrian in frame
kaist_set04v001_000561,kaist,B+D,thermal,none,images/set04/V001/lwir/I00561.jpg,set04v001,none,561,none,none,exclude,E-NO-PERSON,none,No pedestrian in frame
kaist_set04v001_000562,kaist,B+D,thermal,none,images/set04/V001/lwir/I00562.jpg,set04v001,none,562,none,none,exclude,E-NO-PERSON,none,No pedestrian in frame
kaist_set04v001_000563,kaist,B+D,thermal,none,images/set04/V001/lwir/I00563.jpg,set04v001,none,563,none,none,exclude,E-NO-PERSON,none,No pedestrian in frame
kaist_set04v001_000564,kaist,B+D,thermal,none,images/set04/V001/lwir/I00564.jpg,set04v001,none,564,none,none,exclude,E-NO-PERSON,none,No pedestrian in frame
kaist_set04v001_000565,kaist,B+D,thermal,none,images/set04/V001/lwir/I00565.jpg,set04v001,none,565,none,none,exclude,E-NO-PERSON,none,No pedestrian in frame
kaist_set04v001_000566,kaist,B+D,thermal,none,images/set04/V001/lwir/I00566.jpg,set04v001,none,566,none,none,exclude,E-NO-PERSON,none,No pedestrian in frame
kaist_set04v001_000567,kaist,B+D,thermal,none,images/set04/V001/lwir/I00567.jpg,set04v001,none,567,none,none,exclude,E-NO-PERSON,none,No pedestrian in frame
kaist_set04v001_000568,kaist,B+D,thermal,none,images/set04/V001/lwir/I00568.jpg,set04v001,none,568,none,none,exclude,E-NO-PERSON,none,No pedestrian in frame
kaist_set04v001_000569,kaist,B+D,thermal,none,images/set04/V001/lwir/I00569.jpg,set04v001,none,569,none,none,exclude,E-NO-PERSON,none,No pedestrian in frame
kaist_set04v001_000570,kaist,B+D,thermal,none,images/set04/V001/lwir/I00570.jpg,set04v001,none,570,none,none,exclude,E-NO-PERSON,none,No pedestrian in frame
kaist_set04v001_000571,kaist,B+D,thermal,none,images/set04/V001/lwir/I00571.jpg,set04v001,none,571,none,none,exclude,E-NO-PERSON,none,No pedestrian in frame
kaist_set04v001_000572,kaist,B+D,thermal,none,images/set04/V001/lwir/I00572.jpg,set04v001,none,572,none,none,exclude,E-NO-PERSON,none,No pedestrian in frame
kaist_set04v001_000573,kaist,B+D,thermal,none,images/set04/V001/lwir/I00573.jpg,set04v001,none,573,none,none,exclude,E-NO-PERSON,none,No pedestrian in frame
kaist_set04v001_000574,kaist,B+D,thermal,none,images/set04/V001/lwir/I00574.jpg,set04v001,none,574,none,none,exclude,E-NO-PERSON,none,No pedestrian in frame
kaist_set04v001_000575,kaist,B+D,thermal,none,images/set04/V001/lwir/I00575.jpg,set04v001,none,575,none,none,exclude,E-NO-PERSON,none,No pedestrian in frame
kaist_set04v001_000576,kaist,B+D,thermal,none,images/set04/V001/lwir/I00576.jpg,set04v001,none,576,none,none,exclude,E-NO-PERSON,none,No pedestrian in frame
kaist_set04v001_000577,kaist,B+D,thermal,none,images/set04/V001/lwir/I00577.jpg,set04v001,none,577,none,none,exclude,E-NO-PERSON,none,No pedestrian in frame
kaist_set04v001_000578,kaist,B+D,thermal,none,images/set04/V001/lwir/I00578.jpg,set04v001,none,578,none,none,exclude,E-NO-PERSON,none,No pedestrian in frame
kaist_set04v001_000579,kaist,B+D,thermal,none,images/set04/V001/lwir/I00579.jpg,set04v001,none,579,none,none,exclude,E-NO-PERSON,none,No pedestrian in frame
kaist_set04v001_000580,kaist,B+D,thermal,none,images/set04/V001/lwir/I00580.jpg,set04v001,none,580,none,none,exclude,E-NO-PERSON,none,No pedestrian in frame
kaist_set04v001_000581,kaist,B+D,thermal,none,images/set04/V001/lwir/I00581.jpg,set04v001,none,581,none,none,exclude,E-NO-PERSON,none,No pedestrian in frame
kaist_set04v001_000582,kaist,B+D,thermal,none,images/set04/V001/lwir/I00582.jpg,set04v001,none,582,none,none,exclude,E-NO-PERSON,none,No pedestrian in frame
kaist_set04v001_000583,kaist,B+D,thermal,none,images/set04/V001/lwir/I00583.jpg,set04v001,none,583,none,none,exclude,E-NO-PERSON,none,No pedestrian in frame
kaist_set04v001_000584,kaist,B+D,thermal,none,images/set04/V001/lwir/I00584.jpg,set04v001,none,584,none,none,exclude,E-NO-PERSON,none,No pedestrian in frame
kaist_set04v001_000585,kaist,B+D,thermal,none,images/set04/V001/lwir/I00585.jpg,set04v001,none,585,none,none,exclude,E-NO-PERSON,none,No pedestrian in frame
kaist_set04v001_000586,kaist,B+D,thermal,none,images/set04/V001/lwir/I00586.jpg,set04v001,none,586,none,none,exclude,E-NO-PERSON,none,No pedestrian in frame
kaist_set04v001_000587,kaist,B+D,thermal,none,images/set04/V001/lwir/I00587.jpg,set04v001,none,587,none,none,exclude,E-NO-PERSON,none,No pedestrian in frame
kaist_set04v001_000588,kaist,B+D,thermal,none,images/set04/V001/lwir/I00588.jpg,set04v001,none,588,none,none,exclude,E-NO-PERSON,none,No pedestrian in frame
kaist_set04v001_000589,kaist,B+D,thermal,none,images/set04/V001/lwir/I00589.jpg,set04v001,none,589,none,none,exclude,E-NO-PERSON,none,No pedestrian in frame
kaist_set04v001_000590,kaist,B+D,thermal,none,images/set04/V001/lwir/I00590.jpg,set04v001,none,590,none,none,exclude,E-NO-PERSON,none,No pedestrian in frame
kaist_set04v001_000591,kaist,B+D,thermal,none,images/set04/V001/lwir/I00591.jpg,set04v001,none,591,none,none,exclude,E-NO-PERSON,none,No pedestrian in frame
kaist_set04v001_000592,kaist,B+D,thermal,none,images/set04/V001/lwir/I00592.jpg,set04v001,none,592,none,none,exclude,E-NO-PERSON,none,No pedestrian in frame
kaist_set04v001_000593,kaist,B+D,thermal,none,cleaned/thermal_with_people/I00593.jpg,set04v001,none,593,person,person,keep,none,none,none
kaist_set04v001_000594,kaist,B+D,thermal,none,cleaned/thermal_with_people/I00594.jpg,set04v001,none,594,person,person,keep,none,none,none
kaist_set04v001_000595,kaist,B+D,thermal,none,cleaned/thermal_with_people/I00595.jpg,set04v001,none,595,person,person,keep,none,none,none
kaist_set04v001_000596,kaist,B+D,thermal,none,cleaned/thermal_with_people/I00596.jpg,set04v001,none,596,person,person,keep,none,none,none
kaist_set04v001_000597,kaist,B+D,thermal,none,cleaned/thermal_with_people/I00597.jpg,set04v001,none,597,person,person,keep,none,none,none
kaist_set04v001_000598,kaist,B+D,thermal,none,cleaned/thermal_with_people/I00598.jpg,set04v001,none,598,person,person,keep,none,none,none
kaist_set04v001_000599,kaist,B+D,thermal,none,cleaned/thermal_with_people/I00599.jpg,set04v001,none,599,person,person,keep,none,none,none
kaist_set04v001_000600,kaist,B+D,thermal,none,cleaned/thermal_with_people/I00600.jpg,set04v001,none,600,person,person,keep,none,none,none
kaist_set04v001_000601,kaist,B+D,thermal,none,cleaned/thermal_with_people/I00601.jpg,set04v001,none,601,person,person,keep,none,none,none
kaist_set04v001_000602,kaist,B+D,thermal,none,cleaned/thermal_with_people/I00602.jpg,set04v001,none,602,person,person,keep,none,none,none
kaist_set04v001_000603,kaist,B+D,thermal,none,cleaned/thermal_with_people/I00603.jpg,set04v001,none,603,person,person,keep,none,none,none
kaist_set04v001_000604,kaist,B+D,thermal,none,cleaned/thermal_with_people/I00604.jpg,set04v001,none,604,person,person,keep,none,none,none
kaist_set04v001_000605,kaist,B+D,thermal,none,cleaned/thermal_with_people/I00605.jpg,set04v001,none,605,person,person,keep,none,none,none
kaist_set04v001_000606,kaist,B+D,thermal,none,cleaned/thermal_with_people/I00606.jpg,set04v001,none,606,person,person,keep,none,none,none
kaist_set04v001_000607,kaist,B+D,thermal,none,cleaned/thermal_with_people/I00607.jpg,set04v001,none,607,person,person,keep,none,none,none
kaist_set04v001_000608,kaist,B+D,thermal,none,cleaned/thermal_with_people/I00608.jpg,set04v001,none,608,person,person,keep,none,none,none
kaist_set04v001_000609,kaist,B+D,thermal,none,cleaned/thermal_with_people/I00609.jpg,set04v001,none,609,person,person,keep,none,none,none
kaist_set04v001_000610,kaist,B+D,thermal,none,cleaned/thermal_with_people/I00610.jpg,set04v001,none,610,person,person,keep,none,none,none
kaist_set04v001_000611,kaist,B+D,thermal,none,cleaned/thermal_with_people/I00611.jpg,set04v001,none,611,person,person,keep,none,none,none
kaist_set04v001_000612,kaist,B+D,thermal,none,cleaned/thermal_with_people/I00612.jpg,set04v001,none,612,person,person,keep,none,none,none
kaist_set04v001_000613,kaist,B+D,thermal,none,cleaned/thermal_with_people/I00613.jpg,set04v001,none,613,person,person,keep,none,none,none
kaist_set04v001_000614,kaist,B+D,thermal,none,cleaned/thermal_with_people/I00614.jpg,set04v001,none,614,person,person,keep,none,none,none
kaist_set04v001_000615,kaist,B+D,thermal,none,cleaned/thermal_with_people/I00615.jpg,set04v001,none,615,person,person,keep,none,none,none
kaist_set04v001_000616,kaist,B+D,thermal,none,cleaned/thermal_with_people/I00616.jpg,set04v001,none,616,person,person,keep,none,none,none
kaist_set04v001_000617,kaist,B+D,thermal,none,cleaned/thermal_with_people/I00617.jpg,set04v001,none,617,person,person,keep,none,none,none
kaist_set04v001_000618,kaist,B+D,thermal,none,cleaned/thermal_with_people/I00618.jpg,set04v001,none,618,person,person,keep,none,none,none
kaist_set04v001_000619,kaist,B+D,thermal,none,cleaned/thermal_with_people/I00619.jpg,set04v001,none,619,person,person,keep,none,none,none
kaist_set04v001_000620,kaist,B+D,thermal,none,cleaned/thermal_with_people/I00620.jpg,set04v001,none,620,person,person,keep,none,none,none
kaist_set04v001_000621,kaist,B+D,thermal,none,cleaned/thermal_with_people/I00621.jpg,set04v001,none,621,person,person,keep,none,none,none
kaist_set04v001_000622,kaist,B+D,thermal,none,cleaned/thermal_with_people/I00622.jpg,set04v001,none,622,person,person,keep,none,none,none
kaist_set04v001_000623,kaist,B+D,thermal,none,cleaned/thermal_with_people/I00623.jpg,set04v001,none,623,person,person,keep,none,none,none
kaist_set04v001_000624,kaist,B+D,thermal,none,cleaned/thermal_with_people/I00624.jpg,set04v001,none,624,person,person,keep,none,none,none
kaist_set04v001_000625,kaist,B+D,thermal,none,cleaned/thermal_with_people/I00625.jpg,set04v001,none,625,person,person,keep,none,none,none
kaist_set04v001_000626,kaist,B+D,thermal,none,cleaned/thermal_with_people/I00626.jpg,set04v001,none,626,person,person,keep,none,none,none
kaist_set04v001_000627,kaist,B+D,thermal,none,cleaned/thermal_with_people/I00627.jpg,set04v001,none,627,person,person,keep,none,none,none
kaist_set04v001_000628,kaist,B+D,thermal,none,cleaned/thermal_with_people/I00628.jpg,set04v001,none,628,person,person,keep,none,none,none
kaist_set04v001_000629,kaist,B+D,thermal,none,cleaned/thermal_with_people/I00629.jpg,set04v001,none,629,person,person,keep,none,none,none
kaist_set04v001_000630,kaist,B+D,thermal,none,images/set04/V001/lwir/I00630.jpg,set04v001,none,630,none,none,exclude,E-NO-PERSON,none,No pedestrian in frame
kaist_set04v001_000631,kaist,B+D,thermal,none,images/set04/V001/lwir/I00631.jpg,set04v001,none,631,none,none,exclude,E-NO-PERSON,none,No pedestrian in frame
kaist_set04v001_000632,kaist,B+D,thermal,none,images/set04/V001/lwir/I00632.jpg,set04v001,none,632,none,none,exclude,E-NO-PERSON,none,No pedestrian in frame
kaist_set04v001_000633,kaist,B+D,thermal,none,images/set04/V001/lwir/I00633.jpg,set04v001,none,633,none,none,exclude,E-NO-PERSON,none,No pedestrian in frame
kaist_set04v001_000634,kaist,B+D,thermal,none,images/set04/V001/lwir/I00634.jpg,set04v001,none,634,none,none,exclude,E-NO-PERSON,none,No pedestrian in frame
kaist_set04v001_000635,kaist,B+D,thermal,none,images/set04/V001/lwir/I00635.jpg,set04v001,none,635,none,none,exclude,E-NO-PERSON,none,No pedestrian in frame
kaist_set04v001_000636,kaist,B+D,thermal,none,images/set04/V001/lwir/I00636.jpg,set04v001,none,636,none,none,exclude,E-NO-PERSON,none,No pedestrian in frame
kaist_set04v001_000637,kaist,B+D,thermal,none,images/set04/V001/lwir/I00637.jpg,set04v001,none,637,none,none,exclude,E-NO-PERSON,none,No pedestrian in frame
kaist_set04v001_000638,kaist,B+D,thermal,none,images/set04/V001/lwir/I00638.jpg,set04v001,none,638,none,none,exclude,E-NO-PERSON,none,No pedestrian in frame
kaist_set04v001_000639,kaist,B+D,thermal,none,images/set04/V001/lwir/I00639.jpg,set04v001,none,639,none,none,exclude,E-NO-PERSON,none,No pedestrian in frame
kaist_set04v001_000640,kaist,B+D,thermal,none,images/set04/V001/lwir/I00640.jpg,set04v001,none,640,none,none,exclude,E-NO-PERSON,none,No pedestrian in frame
kaist_set04v001_000641,kaist,B+D,thermal,none,images/set04/V001/lwir/I00641.jpg,set04v001,none,641,none,none,exclude,E-NO-PERSON,none,No pedestrian in frame
kaist_set04v001_000642,kaist,B+D,thermal,none,images/set04/V001/lwir/I00642.jpg,set04v001,none,642,none,none,exclude,E-NO-PERSON,none,No pedestrian in frame
kaist_set04v001_000643,kaist,B+D,thermal,none,images/set04/V001/lwir/I00643.jpg,set04v001,none,643,none,none,exclude,E-NO-PERSON,none,No pedestrian in frame
kaist_set04v001_000644,kaist,B+D,thermal,none,images/set04/V001/lwir/I00644.jpg,set04v001,none,644,none,none,exclude,E-NO-PERSON,none,No pedestrian in frame
kaist_set04v001_000645,kaist,B+D,thermal,none,images/set04/V001/lwir/I00645.jpg,set04v001,none,645,none,none,exclude,E-NO-PERSON,none,No pedestrian in frame
kaist_set04v001_000646,kaist,B+D,thermal,none,images/set04/V001/lwir/I00646.jpg,set04v001,none,646,none,none,exclude,E-NO-PERSON,none,No pedestrian in frame
kaist_set04v001_000647,kaist,B+D,thermal,none,images/set04/V001/lwir/I00647.jpg,set04v001,none,647,none,none,exclude,E-NO-PERSON,none,No pedestrian in frame
kaist_set04v001_000648,kaist,B+D,thermal,none,images/set04/V001/lwir/I00648.jpg,set04v001,none,648,none,none,exclude,E-NO-PERSON,none,No pedestrian in frame
kaist_set04v001_000649,kaist,B+D,thermal,none,images/set04/V001/lwir/I00649.jpg,set04v001,none,649,none,none,exclude,E-NO-PERSON,none,No pedestrian in frame
kaist_set04v001_000650,kaist,B+D,thermal,none,images/set04/V001/lwir/I00650.jpg,set04v001,none,650,none,none,exclude,E-NO-PERSON,none,No pedestrian in frame
kaist_set04v001_000651,kaist,B+D,thermal,none,images/set04/V001/lwir/I00651.jpg,set04v001,none,651,none,none,exclude,E-NO-PERSON,none,No pedestrian in frame
kaist_set04v001_000652,kaist,B+D,thermal,none,images/set04/V001/lwir/I00652.jpg,set04v001,none,652,none,none,exclude,E-NO-PERSON,none,No pedestrian in frame
kaist_set04v001_000653,kaist,B+D,thermal,none,images/set04/V001/lwir/I00653.jpg,set04v001,none,653,none,none,exclude,E-NO-PERSON,none,No pedestrian in frame
kaist_set04v001_000654,kaist,B+D,thermal,none,images/set04/V001/lwir/I00654.jpg,set04v001,none,654,none,none,exclude,E-NO-PERSON,none,No pedestrian in frame
kaist_set04v001_000655,kaist,B+D,thermal,none,images/set04/V001/lwir/I00655.jpg,set04v001,none,655,none,none,exclude,E-NO-PERSON,none,No pedestrian in frame
kaist_set04v001_000656,kaist,B+D,thermal,none,images/set04/V001/lwir/I00656.jpg,set04v001,none,656,none,none,exclude,E-NO-PERSON,none,No pedestrian in frame
kaist_set04v001_000657,kaist,B+D,thermal,none,images/set04/V001/lwir/I00657.jpg,set04v001,none,657,none,none,exclude,E-NO-PERSON,none,No pedestrian in frame
kaist_set04v001_000658,kaist,B+D,thermal,none,images/set04/V001/lwir/I00658.jpg,set04v001,none,658,none,none,exclude,E-NO-PERSON,none,No pedestrian in frame
kaist_set04v001_000659,kaist,B+D,thermal,none,images/set04/V001/lwir/I00659.jpg,set04v001,none,659,none,none,exclude,E-NO-PERSON,none,No pedestrian in frame
kaist_set04v001_000660,kaist,B+D,thermal,none,images/set04/V001/lwir/I00660.jpg,set04v001,none,660,none,none,exclude,E-NO-PERSON,none,No pedestrian in frame
kaist_set04v001_000661,kaist,B+D,thermal,none,images/set04/V001/lwir/I00661.jpg,set04v001,none,661,none,none,exclude,E-NO-PERSON,none,No pedestrian in frame
kaist_set04v001_000662,kaist,B+D,thermal,none,images/set04/V001/lwir/I00662.jpg,set04v001,none,662,none,none,exclude,E-NO-PERSON,none,No pedestrian in frame
kaist_set04v001_000663,kaist,B+D,thermal,none,images/set04/V001/lwir/I00663.jpg,set04v001,none,663,none,none,exclude,E-NO-PERSON,none,No pedestrian in frame
kaist_set04v001_000664,kaist,B+D,thermal,none,images/set04/V001/lwir/I00664.jpg,set04v001,none,664,none,none,exclude,E-NO-PERSON,none,No pedestrian in frame
kaist_set04v001_000665,kaist,B+D,thermal,none,images/set04/V001/lwir/I00665.jpg,set04v001,none,665,none,none,exclude,E-NO-PERSON,none,No pedestrian in frame
kaist_set04v001_000666,kaist,B+D,thermal,none,images/set04/V001/lwir/I00666.jpg,set04v001,none,666,none,none,exclude,E-NO-PERSON,none,No pedestrian in frame
kaist_set04v001_000667,kaist,B+D,thermal,none,images/set04/V001/lwir/I00667.jpg,set04v001,none,667,none,none,exclude,E-NO-PERSON,none,No pedestrian in frame
kaist_set04v001_000668,kaist,B+D,thermal,none,images/set04/V001/lwir/I00668.jpg,set04v001,none,668,none,none,exclude,E-NO-PERSON,none,No pedestrian in frame
kaist_set04v001_000669,kaist,B+D,thermal,none,images/set04/V001/lwir/I00669.jpg,set04v001,none,669,none,none,exclude,E-NO-PERSON,none,No pedestrian in frame
kaist_set04v001_000670,kaist,B+D,thermal,none,images/set04/V001/lwir/I00670.jpg,set04v001,none,670,none,none,exclude,E-NO-PERSON,none,No pedestrian in frame
kaist_set04v001_000671,kaist,B+D,thermal,none,images/set04/V001/lwir/I00671.jpg,set04v001,none,671,none,none,exclude,E-NO-PERSON,none,No pedestrian in frame
kaist_set04v001_000672,kaist,B+D,thermal,none,images/set04/V001/lwir/I00672.jpg,set04v001,none,672,none,none,exclude,E-NO-PERSON,none,No pedestrian in frame
kaist_set04v001_000673,kaist,B+D,thermal,none,images/set04/V001/lwir/I00673.jpg,set04v001,none,673,none,none,exclude,E-NO-PERSON,none,No pedestrian in frame
kaist_set04v001_000674,kaist,B+D,thermal,none,cleaned/thermal_with_people/I00674.jpg,set04v001,none,674,person,person,keep,none,none,none
kaist_set04v001_000675,kaist,B+D,thermal,none,cleaned/thermal_with_people/I00675.jpg,set04v001,none,675,person,person,keep,none,none,none
kaist_set04v001_000676,kaist,B+D,thermal,none,cleaned/thermal_with_people/I00676.jpg,set04v001,none,676,person,person,keep,none,none,none
kaist_set04v001_000677,kaist,B+D,thermal,none,cleaned/thermal_with_people/I00677.jpg,set04v001,none,677,person,person,keep,none,none,none
kaist_set04v001_000678,kaist,B+D,thermal,none,cleaned/thermal_with_people/I00678.jpg,set04v001,none,678,person,person,keep,none,none,none
kaist_set04v001_000679,kaist,B+D,thermal,none,cleaned/thermal_with_people/I00679.jpg,set04v001,none,679,person,person,keep,none,none,none
kaist_set04v001_000680,kaist,B+D,thermal,none,cleaned/thermal_with_people/I00680.jpg,set04v001,none,680,person,person,keep,none,none,none
kaist_set04v001_000681,kaist,B+D,thermal,none,cleaned/thermal_with_people/I00681.jpg,set04v001,none,681,person,person,keep,none,none,none
kaist_set04v001_000682,kaist,B+D,thermal,none,cleaned/thermal_with_people/I00682.jpg,set04v001,none,682,person,person,keep,none,none,none
kaist_set04v001_000683,kaist,B+D,thermal,none,cleaned/thermal_with_people/I00683.jpg,set04v001,none,683,person,person,keep,none,none,none
kaist_set04v001_000684,kaist,B+D,thermal,none,cleaned/thermal_with_people/I00684.jpg,set04v001,none,684,person,person,keep,none,none,none
kaist_set04v001_000685,kaist,B+D,thermal,none,cleaned/thermal_with_people/I00685.jpg,set04v001,none,685,person,person,keep,none,none,none
kaist_set04v001_000686,kaist,B+D,thermal,none,cleaned/thermal_with_people/I00686.jpg,set04v001,none,686,person,person,keep,none,none,none
kaist_set04v001_000687,kaist,B+D,thermal,none,cleaned/thermal_with_people/I00687.jpg,set04v001,none,687,person,person,keep,none,none,none
kaist_set04v001_000688,kaist,B+D,thermal,none,cleaned/thermal_with_people/I00688.jpg,set04v001,none,688,person,person,keep,none,none,none
kaist_set04v001_000689,kaist,B+D,thermal,none,cleaned/thermal_with_people/I00689.jpg,set04v001,none,689,person,person,keep,none,none,none
kaist_set04v001_000690,kaist,B+D,thermal,none,cleaned/thermal_with_people/I00690.jpg,set04v001,none,690,person,person,keep,none,none,none
kaist_set04v001_000691,kaist,B+D,thermal,none,cleaned/thermal_with_people/I00691.jpg,set04v001,none,691,person,person,keep,none,none,none
kaist_set04v001_000692,kaist,B+D,thermal,none,cleaned/thermal_with_people/I00692.jpg,set04v001,none,692,person,person,keep,none,none,none
kaist_set04v001_000693,kaist,B+D,thermal,none,cleaned/thermal_with_people/I00693.jpg,set04v001,none,693,person,person,keep,none,none,none
kaist_set04v001_000694,kaist,B+D,thermal,none,cleaned/thermal_with_people/I00694.jpg,set04v001,none,694,person,person,keep,none,none,none
kaist_set04v001_000695,kaist,B+D,thermal,none,cleaned/thermal_with_people/I00695.jpg,set04v001,none,695,person,person,keep,none,none,none
kaist_set04v001_000696,kaist,B+D,thermal,none,cleaned/thermal_with_people/I00696.jpg,set04v001,none,696,person,person,keep,none,none,none
kaist_set04v001_000697,kaist,B+D,thermal,none,cleaned/thermal_with_people/I00697.jpg,set04v001,none,697,person,person,keep,none,none,none
kaist_set04v001_000698,kaist,B+D,thermal,none,cleaned/thermal_with_people/I00698.jpg,set04v001,none,698,person,person,keep,none,none,none
kaist_set04v001_000699,kaist,B+D,thermal,none,cleaned/thermal_with_people/I00699.jpg,set04v001,none,699,person,person,keep,none,none,none
kaist_set04v001_000700,kaist,B+D,thermal,none,cleaned/thermal_with_people/I00700.jpg,set04v001,none,700,person,person,keep,none,none,none
kaist_set04v001_000701,kaist,B+D,thermal,none,cleaned/thermal_with_people/I00701.jpg,set04v001,none,701,person,person,keep,none,none,none
kaist_set04v001_000702,kaist,B+D,thermal,none,cleaned/thermal_with_people/I00702.jpg,set04v001,none,702,person,person,keep,none,none,none
kaist_set04v001_000703,kaist,B+D,thermal,none,cleaned/thermal_with_people/I00703.jpg,set04v001,none,703,person,person,keep,none,none,none
kaist_set04v001_000704,kaist,B+D,thermal,none,cleaned/thermal_with_people/I00704.jpg,set04v001,none,704,person,person,keep,none,none,none
kaist_set04v001_000705,kaist,B+D,thermal,none,cleaned/thermal_with_people/I00705.jpg,set04v001,none,705,person,person,keep,none,none,none
kaist_set04v001_000706,kaist,B+D,thermal,none,images/set04/V001/lwir/I00706.jpg,set04v001,none,706,none,none,exclude,E-NO-PERSON,none,No pedestrian in frame
kaist_set04v001_000707,kaist,B+D,thermal,none,images/set04/V001/lwir/I00707.jpg,set04v001,none,707,none,none,exclude,E-NO-PERSON,none,No pedestrian in frame
kaist_set04v001_000708,kaist,B+D,thermal,none,images/set04/V001/lwir/I00708.jpg,set04v001,none,708,none,none,exclude,E-NO-PERSON,none,No pedestrian in frame
kaist_set04v001_000709,kaist,B+D,thermal,none,images/set04/V001/lwir/I00709.jpg,set04v001,none,709,none,none,exclude,E-NO-PERSON,none,No pedestrian in frame
kaist_set04v001_000710,kaist,B+D,thermal,none,images/set04/V001/lwir/I00710.jpg,set04v001,none,710,none,none,exclude,E-NO-PERSON,none,No pedestrian in frame
kaist_set04v001_000711,kaist,B+D,thermal,none,images/set04/V001/lwir/I00711.jpg,set04v001,none,711,none,none,exclude,E-NO-PERSON,none,No pedestrian in frame
kaist_set04v001_000712,kaist,B+D,thermal,none,images/set04/V001/lwir/I00712.jpg,set04v001,none,712,none,none,exclude,E-NO-PERSON,none,No pedestrian in frame
kaist_set04v001_000713,kaist,B+D,thermal,none,images/set04/V001/lwir/I00713.jpg,set04v001,none,713,none,none,exclude,E-NO-PERSON,none,No pedestrian in frame
kaist_set04v001_000714,kaist,B+D,thermal,none,images/set04/V001/lwir/I00714.jpg,set04v001,none,714,none,none,exclude,E-NO-PERSON,none,No pedestrian in frame
kaist_set04v001_000715,kaist,B+D,thermal,none,images/set04/V001/lwir/I00715.jpg,set04v001,none,715,none,none,exclude,E-NO-PERSON,none,No pedestrian in frame
kaist_set04v001_000716,kaist,B+D,thermal,none,images/set04/V001/lwir/I00716.jpg,set04v001,none,716,none,none,exclude,E-NO-PERSON,none,No pedestrian in frame
kaist_set04v001_000717,kaist,B+D,thermal,none,images/set04/V001/lwir/I00717.jpg,set04v001,none,717,none,none,exclude,E-NO-PERSON,none,No pedestrian in frame
kaist_set04v001_000718,kaist,B+D,thermal,none,images/set04/V001/lwir/I00718.jpg,set04v001,none,718,none,none,exclude,E-NO-PERSON,none,No pedestrian in frame
kaist_set04v001_000719,kaist,B+D,thermal,none,images/set04/V001/lwir/I00719.jpg,set04v001,none,719,none,none,exclude,E-NO-PERSON,none,No pedestrian in frame
kaist_set04v001_000720,kaist,B+D,thermal,none,images/set04/V001/lwir/I00720.jpg,set04v001,none,720,none,none,exclude,E-NO-PERSON,none,No pedestrian in frame
kaist_set04v001_000721,kaist,B+D,thermal,none,images/set04/V001/lwir/I00721.jpg,set04v001,none,721,none,none,exclude,E-NO-PERSON,none,No pedestrian in frame
kaist_set04v001_000722,kaist,B+D,thermal,none,images/set04/V001/lwir/I00722.jpg,set04v001,none,722,none,none,exclude,E-NO-PERSON,none,No pedestrian in frame
kaist_set04v001_000723,kaist,B+D,thermal,none,images/set04/V001/lwir/I00723.jpg,set04v001,none,723,none,none,exclude,E-NO-PERSON,none,No pedestrian in frame
kaist_set04v001_000724,kaist,B+D,thermal,none,images/set04/V001/lwir/I00724.jpg,set04v001,none,724,none,none,exclude,E-NO-PERSON,none,No pedestrian in frame
kaist_set04v001_000725,kaist,B+D,thermal,none,images/set04/V001/lwir/I00725.jpg,set04v001,none,725,none,none,exclude,E-NO-PERSON,none,No pedestrian in frame
kaist_set04v001_000726,kaist,B+D,thermal,none,images/set04/V001/lwir/I00726.jpg,set04v001,none,726,none,none,exclude,E-NO-PERSON,none,No pedestrian in frame
kaist_set04v001_000727,kaist,B+D,thermal,none,images/set04/V001/lwir/I00727.jpg,set04v001,none,727,none,none,exclude,E-NO-PERSON,none,No pedestrian in frame
kaist_set04v001_000728,kaist,B+D,thermal,none,images/set04/V001/lwir/I00728.jpg,set04v001,none,728,none,none,exclude,E-NO-PERSON,none,No pedestrian in frame
kaist_set04v001_000729,kaist,B+D,thermal,none,images/set04/V001/lwir/I00729.jpg,set04v001,none,729,none,none,exclude,E-NO-PERSON,none,No pedestrian in frame
kaist_set04v001_000730,kaist,B+D,thermal,none,images/set04/V001/lwir/I00730.jpg,set04v001,none,730,none,none,exclude,E-NO-PERSON,none,No pedestrian in frame
kaist_set04v001_000731,kaist,B+D,thermal,none,images/set04/V001/lwir/I00731.jpg,set04v001,none,731,none,none,exclude,E-NO-PERSON,none,No pedestrian in frame
kaist_set04v001_000732,kaist,B+D,thermal,none,images/set04/V001/lwir/I00732.jpg,set04v001,none,732,none,none,exclude,E-NO-PERSON,none,No pedestrian in frame
kaist_set04v001_000733,kaist,B+D,thermal,none,images/set04/V001/lwir/I00733.jpg,set04v001,none,733,none,none,exclude,E-NO-PERSON,none,No pedestrian in frame
kaist_set04v001_000734,kaist,B+D,thermal,none,images/set04/V001/lwir/I00734.jpg,set04v001,none,734,none,none,exclude,E-NO-PERSON,none,No pedestrian in frame
kaist_set04v001_000735,kaist,B+D,thermal,none,images/set04/V001/lwir/I00735.jpg,set04v001,none,735,none,none,exclude,E-NO-PERSON,none,No pedestrian in frame
kaist_set04v001_000736,kaist,B+D,thermal,none,images/set04/V001/lwir/I00736.jpg,set04v001,none,736,none,none,exclude,E-NO-PERSON,none,No pedestrian in frame
kaist_set04v001_000737,kaist,B+D,thermal,none,images/set04/V001/lwir/I00737.jpg,set04v001,none,737,none,none,exclude,E-NO-PERSON,none,No pedestrian in frame
kaist_set04v001_000738,kaist,B+D,thermal,none,images/set04/V001/lwir/I00738.jpg,set04v001,none,738,none,none,exclude,E-NO-PERSON,none,No pedestrian in frame
kaist_set04v001_000739,kaist,B+D,thermal,none,images/set04/V001/lwir/I00739.jpg,set04v001,none,739,none,none,exclude,E-NO-PERSON,none,No pedestrian in frame
kaist_set04v001_000740,kaist,B+D,thermal,none,images/set04/V001/lwir/I00740.jpg,set04v001,none,740,none,none,exclude,E-NO-PERSON,none,No pedestrian in frame
kaist_set04v001_000741,kaist,B+D,thermal,none,images/set04/V001/lwir/I00741.jpg,set04v001,none,741,none,none,exclude,E-NO-PERSON,none,No pedestrian in frame
kaist_set04v001_000742,kaist,B+D,thermal,none,images/set04/V001/lwir/I00742.jpg,set04v001,none,742,none,none,exclude,E-NO-PERSON,none,No pedestrian in frame
kaist_set04v001_000743,kaist,B+D,thermal,none,images/set04/V001/lwir/I00743.jpg,set04v001,none,743,none,none,exclude,E-NO-PERSON,none,No pedestrian in frame
kaist_set04v001_000744,kaist,B+D,thermal,none,images/set04/V001/lwir/I00744.jpg,set04v001,none,744,none,none,exclude,E-NO-PERSON,none,No pedestrian in frame
kaist_set04v001_000745,kaist,B+D,thermal,none,images/set04/V001/lwir/I00745.jpg,set04v001,none,745,none,none,exclude,E-NO-PERSON,none,No pedestrian in frame
kaist_set04v001_000746,kaist,B+D,thermal,none,images/set04/V001/lwir/I00746.jpg,set04v001,none,746,none,none,exclude,E-NO-PERSON,none,No pedestrian in frame
kaist_set04v001_000747,kaist,B+D,thermal,none,images/set04/V001/lwir/I00747.jpg,set04v001,none,747,none,none,exclude,E-NO-PERSON,none,No pedestrian in frame
kaist_set04v001_000748,kaist,B+D,thermal,none,images/set04/V001/lwir/I00748.jpg,set04v001,none,748,none,none,exclude,E-NO-PERSON,none,No pedestrian in frame
kaist_set04v001_000749,kaist,B+D,thermal,none,images/set04/V001/lwir/I00749.jpg,set04v001,none,749,none,none,exclude,E-NO-PERSON,none,No pedestrian in frame
kaist_set04v001_000750,kaist,B+D,thermal,none,images/set04/V001/lwir/I00750.jpg,set04v001,none,750,none,none,exclude,E-NO-PERSON,none,No pedestrian in frame
kaist_set04v001_000751,kaist,B+D,thermal,none,images/set04/V001/lwir/I00751.jpg,set04v001,none,751,none,none,exclude,E-NO-PERSON,none,No pedestrian in frame
kaist_set04v001_000752,kaist,B+D,thermal,none,images/set04/V001/lwir/I00752.jpg,set04v001,none,752,none,none,exclude,E-NO-PERSON,none,No pedestrian in frame
kaist_set04v001_000753,kaist,B+D,thermal,none,images/set04/V001/lwir/I00753.jpg,set04v001,none,753,none,none,exclude,E-NO-PERSON,none,No pedestrian in frame
kaist_set04v001_000754,kaist,B+D,thermal,none,images/set04/V001/lwir/I00754.jpg,set04v001,none,754,none,none,exclude,E-NO-PERSON,none,No pedestrian in frame
kaist_set04v001_000755,kaist,B+D,thermal,none,images/set04/V001/lwir/I00755.jpg,set04v001,none,755,none,none,exclude,E-NO-PERSON,none,No pedestrian in frame
kaist_set04v001_000756,kaist,B+D,thermal,none,images/set04/V001/lwir/I00756.jpg,set04v001,none,756,none,none,exclude,E-NO-PERSON,none,No pedestrian in frame
kaist_set04v001_000757,kaist,B+D,thermal,none,images/set04/V001/lwir/I00757.jpg,set04v001,none,757,none,none,exclude,E-NO-PERSON,none,No pedestrian in frame
kaist_set04v001_000758,kaist,B+D,thermal,none,images/set04/V001/lwir/I00758.jpg,set04v001,none,758,none,none,exclude,E-NO-PERSON,none,No pedestrian in frame
kaist_set04v001_000759,kaist,B+D,thermal,none,images/set04/V001/lwir/I00759.jpg,set04v001,none,759,none,none,exclude,E-NO-PERSON,none,No pedestrian in frame
kaist_set04v001_000760,kaist,B+D,thermal,none,images/set04/V001/lwir/I00760.jpg,set04v001,none,760,none,none,exclude,E-NO-PERSON,none,No pedestrian in frame
kaist_set04v001_000761,kaist,B+D,thermal,none,images/set04/V001/lwir/I00761.jpg,set04v001,none,761,none,none,exclude,E-NO-PERSON,none,No pedestrian in frame
kaist_set04v001_000762,kaist,B+D,thermal,none,images/set04/V001/lwir/I00762.jpg,set04v001,none,762,none,none,exclude,E-NO-PERSON,none,No pedestrian in frame
kaist_set04v001_000763,kaist,B+D,thermal,none,images/set04/V001/lwir/I00763.jpg,set04v001,none,763,none,none,exclude,E-NO-PERSON,none,No pedestrian in frame
kaist_set04v001_000764,kaist,B+D,thermal,none,images/set04/V001/lwir/I00764.jpg,set04v001,none,764,none,none,exclude,E-NO-PERSON,none,No pedestrian in frame
kaist_set04v001_000765,kaist,B+D,thermal,none,images/set04/V001/lwir/I00765.jpg,set04v001,none,765,none,none,exclude,E-NO-PERSON,none,No pedestrian in frame
kaist_set04v001_000766,kaist,B+D,thermal,none,images/set04/V001/lwir/I00766.jpg,set04v001,none,766,none,none,exclude,E-NO-PERSON,none,No pedestrian in frame
kaist_set04v001_000767,kaist,B+D,thermal,none,images/set04/V001/lwir/I00767.jpg,set04v001,none,767,none,none,exclude,E-NO-PERSON,none,No pedestrian in frame
kaist_set04v001_000768,kaist,B+D,thermal,none,images/set04/V001/lwir/I00768.jpg,set04v001,none,768,none,none,exclude,E-NO-PERSON,none,No pedestrian in frame
kaist_set04v001_000769,kaist,B+D,thermal,none,images/set04/V001/lwir/I00769.jpg,set04v001,none,769,none,none,exclude,E-NO-PERSON,none,No pedestrian in frame
kaist_set04v001_000770,kaist,B+D,thermal,none,images/set04/V001/lwir/I00770.jpg,set04v001,none,770,none,none,exclude,E-NO-PERSON,none,No pedestrian in frame
kaist_set04v001_000771,kaist,B+D,thermal,none,images/set04/V001/lwir/I00771.jpg,set04v001,none,771,none,none,exclude,E-NO-PERSON,none,No pedestrian in frame
kaist_set04v001_000772,kaist,B+D,thermal,none,images/set04/V001/lwir/I00772.jpg,set04v001,none,772,none,none,exclude,E-NO-PERSON,none,No pedestrian in frame
kaist_set04v001_000773,kaist,B+D,thermal,none,images/set04/V001/lwir/I00773.jpg,set04v001,none,773,none,none,exclude,E-NO-PERSON,none,No pedestrian in frame
kaist_set04v001_000774,kaist,B+D,thermal,none,images/set04/V001/lwir/I00774.jpg,set04v001,none,774,none,none,exclude,E-NO-PERSON,none,No pedestrian in frame
kaist_set04v001_000775,kaist,B+D,thermal,none,images/set04/V001/lwir/I00775.jpg,set04v001,none,775,none,none,exclude,E-NO-PERSON,none,No pedestrian in frame
kaist_set04v001_000776,kaist,B+D,thermal,none,images/set04/V001/lwir/I00776.jpg,set04v001,none,776,none,none,exclude,E-NO-PERSON,none,No pedestrian in frame
kaist_set04v001_000777,kaist,B+D,thermal,none,images/set04/V001/lwir/I00777.jpg,set04v001,none,777,none,none,exclude,E-NO-PERSON,none,No pedestrian in frame
kaist_set04v001_000778,kaist,B+D,thermal,none,images/set04/V001/lwir/I00778.jpg,set04v001,none,778,none,none,exclude,E-NO-PERSON,none,No pedestrian in frame
kaist_set04v001_000779,kaist,B+D,thermal,none,images/set04/V001/lwir/I00779.jpg,set04v001,none,779,none,none,exclude,E-NO-PERSON,none,No pedestrian in frame
kaist_set04v001_000780,kaist,B+D,thermal,none,images/set04/V001/lwir/I00780.jpg,set04v001,none,780,none,none,exclude,E-NO-PERSON,none,No pedestrian in frame
kaist_set04v001_000781,kaist,B+D,thermal,none,images/set04/V001/lwir/I00781.jpg,set04v001,none,781,none,none,exclude,E-NO-PERSON,none,No pedestrian in frame
kaist_set04v001_000782,kaist,B+D,thermal,none,images/set04/V001/lwir/I00782.jpg,set04v001,none,782,none,none,exclude,E-NO-PERSON,none,No pedestrian in frame
kaist_set04v001_000783,kaist,B+D,thermal,none,images/set04/V001/lwir/I00783.jpg,set04v001,none,783,none,none,exclude,E-NO-PERSON,none,No pedestrian in frame
kaist_set04v001_000784,kaist,B+D,thermal,none,images/set04/V001/lwir/I00784.jpg,set04v001,none,784,none,none,exclude,E-NO-PERSON,none,No pedestrian in frame
kaist_set04v001_000785,kaist,B+D,thermal,none,images/set04/V001/lwir/I00785.jpg,set04v001,none,785,none,none,exclude,E-NO-PERSON,none,No pedestrian in frame
kaist_set04v001_000786,kaist,B+D,thermal,none,images/set04/V001/lwir/I00786.jpg,set04v001,none,786,none,none,exclude,E-NO-PERSON,none,No pedestrian in frame
kaist_set04v001_000787,kaist,B+D,thermal,none,images/set04/V001/lwir/I00787.jpg,set04v001,none,787,none,none,exclude,E-NO-PERSON,none,No pedestrian in frame
kaist_set04v001_000788,kaist,B+D,thermal,none,images/set04/V001/lwir/I00788.jpg,set04v001,none,788,none,none,exclude,E-NO-PERSON,none,No pedestrian in frame
kaist_set04v001_000789,kaist,B+D,thermal,none,images/set04/V001/lwir/I00789.jpg,set04v001,none,789,none,none,exclude,E-NO-PERSON,none,No pedestrian in frame
kaist_set04v001_000790,kaist,B+D,thermal,none,images/set04/V001/lwir/I00790.jpg,set04v001,none,790,none,none,exclude,E-NO-PERSON,none,No pedestrian in frame
kaist_set04v001_000791,kaist,B+D,thermal,none,images/set04/V001/lwir/I00791.jpg,set04v001,none,791,none,none,exclude,E-NO-PERSON,none,No pedestrian in frame
kaist_set04v001_000792,kaist,B+D,thermal,none,images/set04/V001/lwir/I00792.jpg,set04v001,none,792,none,none,exclude,E-NO-PERSON,none,No pedestrian in frame
kaist_set04v001_000793,kaist,B+D,thermal,none,images/set04/V001/lwir/I00793.jpg,set04v001,none,793,none,none,exclude,E-NO-PERSON,none,No pedestrian in frame
kaist_set04v001_000794,kaist,B+D,thermal,none,images/set04/V001/lwir/I00794.jpg,set04v001,none,794,none,none,exclude,E-NO-PERSON,none,No pedestrian in frame
kaist_set04v001_000795,kaist,B+D,thermal,none,images/set04/V001/lwir/I00795.jpg,set04v001,none,795,none,none,exclude,E-NO-PERSON,none,No pedestrian in frame
kaist_set04v001_000796,kaist,B+D,thermal,none,images/set04/V001/lwir/I00796.jpg,set04v001,none,796,none,none,exclude,E-NO-PERSON,none,No pedestrian in frame
kaist_set04v001_000797,kaist,B+D,thermal,none,images/set04/V001/lwir/I00797.jpg,set04v001,none,797,none,none,exclude,E-NO-PERSON,none,No pedestrian in frame
kaist_set04v001_000798,kaist,B+D,thermal,none,images/set04/V001/lwir/I00798.jpg,set04v001,none,798,none,none,exclude,E-NO-PERSON,none,No pedestrian in frame
kaist_set04v001_000799,kaist,B+D,thermal,none,images/set04/V001/lwir/I00799.jpg,set04v001,none,799,none,none,exclude,E-NO-PERSON,none,No pedestrian in frame
kaist_set04v001_000800,kaist,B+D,thermal,none,images/set04/V001/lwir/I00800.jpg,set04v001,none,800,none,none,exclude,E-NO-PERSON,none,No pedestrian in frame
kaist_set04v001_000801,kaist,B+D,thermal,none,images/set04/V001/lwir/I00801.jpg,set04v001,none,801,none,none,exclude,E-NO-PERSON,none,No pedestrian in frame
kaist_set04v001_000802,kaist,B+D,thermal,none,images/set04/V001/lwir/I00802.jpg,set04v001,none,802,none,none,exclude,E-NO-PERSON,none,No pedestrian in frame
kaist_set04v001_000803,kaist,B+D,thermal,none,images/set04/V001/lwir/I00803.jpg,set04v001,none,803,none,none,exclude,E-NO-PERSON,none,No pedestrian in frame
kaist_set04v001_000804,kaist,B+D,thermal,none,images/set04/V001/lwir/I00804.jpg,set04v001,none,804,none,none,exclude,E-NO-PERSON,none,No pedestrian in frame
kaist_set04v001_000805,kaist,B+D,thermal,none,images/set04/V001/lwir/I00805.jpg,set04v001,none,805,none,none,exclude,E-NO-PERSON,none,No pedestrian in frame
kaist_set04v001_000806,kaist,B+D,thermal,none,images/set04/V001/lwir/I00806.jpg,set04v001,none,806,none,none,exclude,E-NO-PERSON,none,No pedestrian in frame
kaist_set04v001_000807,kaist,B+D,thermal,none,images/set04/V001/lwir/I00807.jpg,set04v001,none,807,none,none,exclude,E-NO-PERSON,none,No pedestrian in frame
kaist_set04v001_000808,kaist,B+D,thermal,none,images/set04/V001/lwir/I00808.jpg,set04v001,none,808,none,none,exclude,E-NO-PERSON,none,No pedestrian in frame
kaist_set04v001_000809,kaist,B+D,thermal,none,images/set04/V001/lwir/I00809.jpg,set04v001,none,809,none,none,exclude,E-NO-PERSON,none,No pedestrian in frame
kaist_set04v001_000810,kaist,B+D,thermal,none,images/set04/V001/lwir/I00810.jpg,set04v001,none,810,none,none,exclude,E-NO-PERSON,none,No pedestrian in frame
kaist_set04v001_000811,kaist,B+D,thermal,none,images/set04/V001/lwir/I00811.jpg,set04v001,none,811,none,none,exclude,E-NO-PERSON,none,No pedestrian in frame
kaist_set04v001_000812,kaist,B+D,thermal,none,images/set04/V001/lwir/I00812.jpg,set04v001,none,812,none,none,exclude,E-NO-PERSON,none,No pedestrian in frame
kaist_set04v001_000813,kaist,B+D,thermal,none,images/set04/V001/lwir/I00813.jpg,set04v001,none,813,none,none,exclude,E-NO-PERSON,none,No pedestrian in frame
kaist_set04v001_000814,kaist,B+D,thermal,none,images/set04/V001/lwir/I00814.jpg,set04v001,none,814,none,none,exclude,E-NO-PERSON,none,No pedestrian in frame
kaist_set04v001_000815,kaist,B+D,thermal,none,images/set04/V001/lwir/I00815.jpg,set04v001,none,815,none,none,exclude,E-NO-PERSON,none,No pedestrian in frame
kaist_set04v001_000816,kaist,B+D,thermal,none,images/set04/V001/lwir/I00816.jpg,set04v001,none,816,none,none,exclude,E-NO-PERSON,none,No pedestrian in frame
kaist_set04v001_000817,kaist,B+D,thermal,none,images/set04/V001/lwir/I00817.jpg,set04v001,none,817,none,none,exclude,E-NO-PERSON,none,No pedestrian in frame
kaist_set04v001_000818,kaist,B+D,thermal,none,images/set04/V001/lwir/I00818.jpg,set04v001,none,818,none,none,exclude,E-NO-PERSON,none,No pedestrian in frame
kaist_set04v001_000819,kaist,B+D,thermal,none,images/set04/V001/lwir/I00819.jpg,set04v001,none,819,none,none,exclude,E-NO-PERSON,none,No pedestrian in frame
kaist_set04v001_000820,kaist,B+D,thermal,none,images/set04/V001/lwir/I00820.jpg,set04v001,none,820,none,none,exclude,E-NO-PERSON,none,No pedestrian in frame
kaist_set04v001_000821,kaist,B+D,thermal,none,images/set04/V001/lwir/I00821.jpg,set04v001,none,821,none,none,exclude,E-NO-PERSON,none,No pedestrian in frame
kaist_set04v001_000822,kaist,B+D,thermal,none,images/set04/V001/lwir/I00822.jpg,set04v001,none,822,none,none,exclude,E-NO-PERSON,none,No pedestrian in frame
kaist_set04v001_000823,kaist,B+D,thermal,none,images/set04/V001/lwir/I00823.jpg,set04v001,none,823,none,none,exclude,E-NO-PERSON,none,No pedestrian in frame
kaist_set04v001_000824,kaist,B+D,thermal,none,images/set04/V001/lwir/I00824.jpg,set04v001,none,824,none,none,exclude,E-NO-PERSON,none,No pedestrian in frame
kaist_set04v001_000825,kaist,B+D,thermal,none,images/set04/V001/lwir/I00825.jpg,set04v001,none,825,none,none,exclude,E-NO-PERSON,none,No pedestrian in frame
kaist_set04v001_000826,kaist,B+D,thermal,none,images/set04/V001/lwir/I00826.jpg,set04v001,none,826,none,none,exclude,E-NO-PERSON,none,No pedestrian in frame
kaist_set04v001_000827,kaist,B+D,thermal,none,images/set04/V001/lwir/I00827.jpg,set04v001,none,827,none,none,exclude,E-NO-PERSON,none,No pedestrian in frame
kaist_set04v001_000828,kaist,B+D,thermal,none,images/set04/V001/lwir/I00828.jpg,set04v001,none,828,none,none,exclude,E-NO-PERSON,none,No pedestrian in frame
kaist_set04v001_000829,kaist,B+D,thermal,none,images/set04/V001/lwir/I00829.jpg,set04v001,none,829,none,none,exclude,E-NO-PERSON,none,No pedestrian in frame
kaist_set04v001_000830,kaist,B+D,thermal,none,images/set04/V001/lwir/I00830.jpg,set04v001,none,830,none,none,exclude,E-NO-PERSON,none,No pedestrian in frame
kaist_set04v001_000831,kaist,B+D,thermal,none,images/set04/V001/lwir/I00831.jpg,set04v001,none,831,none,none,exclude,E-NO-PERSON,none,No pedestrian in frame
kaist_set04v001_000832,kaist,B+D,thermal,none,images/set04/V001/lwir/I00832.jpg,set04v001,none,832,none,none,exclude,E-NO-PERSON,none,No pedestrian in frame
kaist_set04v001_000833,kaist,B+D,thermal,none,images/set04/V001/lwir/I00833.jpg,set04v001,none,833,none,none,exclude,E-NO-PERSON,none,No pedestrian in frame
kaist_set04v001_000834,kaist,B+D,thermal,none,images/set04/V001/lwir/I00834.jpg,set04v001,none,834,none,none,exclude,E-NO-PERSON,none,No pedestrian in frame
kaist_set04v001_000835,kaist,B+D,thermal,none,images/set04/V001/lwir/I00835.jpg,set04v001,none,835,none,none,exclude,E-NO-PERSON,none,No pedestrian in frame
kaist_set04v001_000836,kaist,B+D,thermal,none,images/set04/V001/lwir/I00836.jpg,set04v001,none,836,none,none,exclude,E-NO-PERSON,none,No pedestrian in frame
kaist_set04v001_000837,kaist,B+D,thermal,none,images/set04/V001/lwir/I00837.jpg,set04v001,none,837,none,none,exclude,E-NO-PERSON,none,No pedestrian in frame
kaist_set04v001_000838,kaist,B+D,thermal,none,images/set04/V001/lwir/I00838.jpg,set04v001,none,838,none,none,exclude,E-NO-PERSON,none,No pedestrian in frame
kaist_set04v001_000839,kaist,B+D,thermal,none,images/set04/V001/lwir/I00839.jpg,set04v001,none,839,none,none,exclude,E-NO-PERSON,none,No pedestrian in frame
kaist_set04v001_000840,kaist,B+D,thermal,none,images/set04/V001/lwir/I00840.jpg,set04v001,none,840,none,none,exclude,E-NO-PERSON,none,No pedestrian in frame
kaist_set04v001_000841,kaist,B+D,thermal,none,images/set04/V001/lwir/I00841.jpg,set04v001,none,841,none,none,exclude,E-NO-PERSON,none,No pedestrian in frame
kaist_set04v001_000842,kaist,B+D,thermal,none,images/set04/V001/lwir/I00842.jpg,set04v001,none,842,none,none,exclude,E-NO-PERSON,none,No pedestrian in frame
kaist_set04v001_000843,kaist,B+D,thermal,none,images/set04/V001/lwir/I00843.jpg,set04v001,none,843,none,none,exclude,E-NO-PERSON,none,No pedestrian in frame
kaist_set04v001_000844,kaist,B+D,thermal,none,images/set04/V001/lwir/I00844.jpg,set04v001,none,844,none,none,exclude,E-NO-PERSON,none,No pedestrian in frame
kaist_set04v001_000845,kaist,B+D,thermal,none,images/set04/V001/lwir/I00845.jpg,set04v001,none,845,none,none,exclude,E-NO-PERSON,none,No pedestrian in frame
kaist_set04v001_000846,kaist,B+D,thermal,none,images/set04/V001/lwir/I00846.jpg,set04v001,none,846,none,none,exclude,E-NO-PERSON,none,No pedestrian in frame
kaist_set04v001_000847,kaist,B+D,thermal,none,images/set04/V001/lwir/I00847.jpg,set04v001,none,847,none,none,exclude,E-NO-PERSON,none,No pedestrian in frame
kaist_set04v001_000848,kaist,B+D,thermal,none,images/set04/V001/lwir/I00848.jpg,set04v001,none,848,none,none,exclude,E-NO-PERSON,none,No pedestrian in frame
kaist_set04v001_000849,kaist,B+D,thermal,none,images/set04/V001/lwir/I00849.jpg,set04v001,none,849,none,none,exclude,E-NO-PERSON,none,No pedestrian in frame
kaist_set04v001_000850,kaist,B+D,thermal,none,images/set04/V001/lwir/I00850.jpg,set04v001,none,850,none,none,exclude,E-NO-PERSON,none,No pedestrian in frame
kaist_set04v001_000851,kaist,B+D,thermal,none,images/set04/V001/lwir/I00851.jpg,set04v001,none,851,none,none,exclude,E-NO-PERSON,none,No pedestrian in frame
kaist_set04v001_000852,kaist,B+D,thermal,none,images/set04/V001/lwir/I00852.jpg,set04v001,none,852,none,none,exclude,E-NO-PERSON,none,No pedestrian in frame
kaist_set04v001_000853,kaist,B+D,thermal,none,images/set04/V001/lwir/I00853.jpg,set04v001,none,853,none,none,exclude,E-NO-PERSON,none,No pedestrian in frame
kaist_set04v001_000854,kaist,B+D,thermal,none,images/set04/V001/lwir/I00854.jpg,set04v001,none,854,none,none,exclude,E-NO-PERSON,none,No pedestrian in frame
kaist_set04v001_000855,kaist,B+D,thermal,none,images/set04/V001/lwir/I00855.jpg,set04v001,none,855,none,none,exclude,E-NO-PERSON,none,No pedestrian in frame
kaist_set04v001_000856,kaist,B+D,thermal,none,images/set04/V001/lwir/I00856.jpg,set04v001,none,856,none,none,exclude,E-NO-PERSON,none,No pedestrian in frame
kaist_set04v001_000857,kaist,B+D,thermal,none,images/set04/V001/lwir/I00857.jpg,set04v001,none,857,none,none,exclude,E-NO-PERSON,none,No pedestrian in frame
kaist_set04v001_000858,kaist,B+D,thermal,none,images/set04/V001/lwir/I00858.jpg,set04v001,none,858,none,none,exclude,E-NO-PERSON,none,No pedestrian in frame
kaist_set04v001_000859,kaist,B+D,thermal,none,images/set04/V001/lwir/I00859.jpg,set04v001,none,859,none,none,exclude,E-NO-PERSON,none,No pedestrian in frame
kaist_set04v001_000860,kaist,B+D,thermal,none,images/set04/V001/lwir/I00860.jpg,set04v001,none,860,none,none,exclude,E-NO-PERSON,none,No pedestrian in frame
kaist_set04v001_000861,kaist,B+D,thermal,none,images/set04/V001/lwir/I00861.jpg,set04v001,none,861,none,none,exclude,E-NO-PERSON,none,No pedestrian in frame
kaist_set04v001_000862,kaist,B+D,thermal,none,images/set04/V001/lwir/I00862.jpg,set04v001,none,862,none,none,exclude,E-NO-PERSON,none,No pedestrian in frame
kaist_set04v001_000863,kaist,B+D,thermal,none,images/set04/V001/lwir/I00863.jpg,set04v001,none,863,none,none,exclude,E-NO-PERSON,none,No pedestrian in frame
kaist_set04v001_000864,kaist,B+D,thermal,none,images/set04/V001/lwir/I00864.jpg,set04v001,none,864,none,none,exclude,E-NO-PERSON,none,No pedestrian in frame
kaist_set04v001_000865,kaist,B+D,thermal,none,images/set04/V001/lwir/I00865.jpg,set04v001,none,865,none,none,exclude,E-NO-PERSON,none,No pedestrian in frame
kaist_set04v001_000866,kaist,B+D,thermal,none,images/set04/V001/lwir/I00866.jpg,set04v001,none,866,none,none,exclude,E-NO-PERSON,none,No pedestrian in frame
kaist_set04v001_000867,kaist,B+D,thermal,none,images/set04/V001/lwir/I00867.jpg,set04v001,none,867,none,none,exclude,E-NO-PERSON,none,No pedestrian in frame
kaist_set04v001_000868,kaist,B+D,thermal,none,images/set04/V001/lwir/I00868.jpg,set04v001,none,868,none,none,exclude,E-NO-PERSON,none,No pedestrian in frame
kaist_set04v001_000869,kaist,B+D,thermal,none,images/set04/V001/lwir/I00869.jpg,set04v001,none,869,none,none,exclude,E-NO-PERSON,none,No pedestrian in frame
kaist_set04v001_000870,kaist,B+D,thermal,none,images/set04/V001/lwir/I00870.jpg,set04v001,none,870,none,none,exclude,E-NO-PERSON,none,No pedestrian in frame
kaist_set04v001_000871,kaist,B+D,thermal,none,images/set04/V001/lwir/I00871.jpg,set04v001,none,871,none,none,exclude,E-NO-PERSON,none,No pedestrian in frame
kaist_set04v001_000872,kaist,B+D,thermal,none,images/set04/V001/lwir/I00872.jpg,set04v001,none,872,none,none,exclude,E-NO-PERSON,none,No pedestrian in frame
kaist_set04v001_000873,kaist,B+D,thermal,none,images/set04/V001/lwir/I00873.jpg,set04v001,none,873,none,none,exclude,E-NO-PERSON,none,No pedestrian in frame
kaist_set04v001_000874,kaist,B+D,thermal,none,images/set04/V001/lwir/I00874.jpg,set04v001,none,874,none,none,exclude,E-NO-PERSON,none,No pedestrian in frame
kaist_set04v001_000875,kaist,B+D,thermal,none,images/set04/V001/lwir/I00875.jpg,set04v001,none,875,none,none,exclude,E-NO-PERSON,none,No pedestrian in frame
kaist_set04v001_000876,kaist,B+D,thermal,none,images/set04/V001/lwir/I00876.jpg,set04v001,none,876,none,none,exclude,E-NO-PERSON,none,No pedestrian in frame
kaist_set04v001_000877,kaist,B+D,thermal,none,images/set04/V001/lwir/I00877.jpg,set04v001,none,877,none,none,exclude,E-NO-PERSON,none,No pedestrian in frame
kaist_set04v001_000878,kaist,B+D,thermal,none,images/set04/V001/lwir/I00878.jpg,set04v001,none,878,none,none,exclude,E-NO-PERSON,none,No pedestrian in frame
kaist_set04v001_000879,kaist,B+D,thermal,none,images/set04/V001/lwir/I00879.jpg,set04v001,none,879,none,none,exclude,E-NO-PERSON,none,No pedestrian in frame
kaist_set04v001_000880,kaist,B+D,thermal,none,images/set04/V001/lwir/I00880.jpg,set04v001,none,880,none,none,exclude,E-NO-PERSON,none,No pedestrian in frame
kaist_set04v001_000881,kaist,B+D,thermal,none,images/set04/V001/lwir/I00881.jpg,set04v001,none,881,none,none,exclude,E-NO-PERSON,none,No pedestrian in frame
kaist_set04v001_000882,kaist,B+D,thermal,none,images/set04/V001/lwir/I00882.jpg,set04v001,none,882,none,none,exclude,E-NO-PERSON,none,No pedestrian in frame
kaist_set04v001_000883,kaist,B+D,thermal,none,images/set04/V001/lwir/I00883.jpg,set04v001,none,883,none,none,exclude,E-NO-PERSON,none,No pedestrian in frame
kaist_set04v001_000884,kaist,B+D,thermal,none,images/set04/V001/lwir/I00884.jpg,set04v001,none,884,none,none,exclude,E-NO-PERSON,none,No pedestrian in frame
kaist_set04v001_000885,kaist,B+D,thermal,none,images/set04/V001/lwir/I00885.jpg,set04v001,none,885,none,none,exclude,E-NO-PERSON,none,No pedestrian in frame
kaist_set04v001_000886,kaist,B+D,thermal,none,images/set04/V001/lwir/I00886.jpg,set04v001,none,886,none,none,exclude,E-NO-PERSON,none,No pedestrian in frame
kaist_set04v001_000887,kaist,B+D,thermal,none,images/set04/V001/lwir/I00887.jpg,set04v001,none,887,none,none,exclude,E-NO-PERSON,none,No pedestrian in frame
kaist_set04v001_000888,kaist,B+D,thermal,none,images/set04/V001/lwir/I00888.jpg,set04v001,none,888,none,none,exclude,E-NO-PERSON,none,No pedestrian in frame
kaist_set04v001_000889,kaist,B+D,thermal,none,images/set04/V001/lwir/I00889.jpg,set04v001,none,889,none,none,exclude,E-NO-PERSON,none,No pedestrian in frame
kaist_set04v001_000890,kaist,B+D,thermal,none,images/set04/V001/lwir/I00890.jpg,set04v001,none,890,none,none,exclude,E-NO-PERSON,none,No pedestrian in frame
kaist_set04v001_000891,kaist,B+D,thermal,none,images/set04/V001/lwir/I00891.jpg,set04v001,none,891,none,none,exclude,E-NO-PERSON,none,No pedestrian in frame
kaist_set04v001_000892,kaist,B+D,thermal,none,images/set04/V001/lwir/I00892.jpg,set04v001,none,892,none,none,exclude,E-NO-PERSON,none,No pedestrian in frame
kaist_set04v001_000893,kaist,B+D,thermal,none,images/set04/V001/lwir/I00893.jpg,set04v001,none,893,none,none,exclude,E-NO-PERSON,none,No pedestrian in frame
kaist_set04v001_000894,kaist,B+D,thermal,none,images/set04/V001/lwir/I00894.jpg,set04v001,none,894,none,none,exclude,E-NO-PERSON,none,No pedestrian in frame
kaist_set04v001_000895,kaist,B+D,thermal,none,images/set04/V001/lwir/I00895.jpg,set04v001,none,895,none,none,exclude,E-NO-PERSON,none,No pedestrian in frame
kaist_set04v001_000896,kaist,B+D,thermal,none,images/set04/V001/lwir/I00896.jpg,set04v001,none,896,none,none,exclude,E-NO-PERSON,none,No pedestrian in frame
kaist_set04v001_000897,kaist,B+D,thermal,none,images/set04/V001/lwir/I00897.jpg,set04v001,none,897,none,none,exclude,E-NO-PERSON,none,No pedestrian in frame
kaist_set04v001_000898,kaist,B+D,thermal,none,images/set04/V001/lwir/I00898.jpg,set04v001,none,898,none,none,exclude,E-NO-PERSON,none,No pedestrian in frame
kaist_set04v001_000899,kaist,B+D,thermal,none,images/set04/V001/lwir/I00899.jpg,set04v001,none,899,none,none,exclude,E-NO-PERSON,none,No pedestrian in frame
kaist_set04v001_000900,kaist,B+D,thermal,none,images/set04/V001/lwir/I00900.jpg,set04v001,none,900,none,none,exclude,E-NO-PERSON,none,No pedestrian in frame
kaist_set04v001_000901,kaist,B+D,thermal,none,images/set04/V001/lwir/I00901.jpg,set04v001,none,901,none,none,exclude,E-NO-PERSON,none,No pedestrian in frame
kaist_set04v001_000902,kaist,B+D,thermal,none,images/set04/V001/lwir/I00902.jpg,set04v001,none,902,none,none,exclude,E-NO-PERSON,none,No pedestrian in frame
kaist_set04v001_000903,kaist,B+D,thermal,none,images/set04/V001/lwir/I00903.jpg,set04v001,none,903,none,none,exclude,E-NO-PERSON,none,No pedestrian in frame
kaist_set04v001_000904,kaist,B+D,thermal,none,images/set04/V001/lwir/I00904.jpg,set04v001,none,904,none,none,exclude,E-NO-PERSON,none,No pedestrian in frame
kaist_set04v001_000905,kaist,B+D,thermal,none,images/set04/V001/lwir/I00905.jpg,set04v001,none,905,none,none,exclude,E-NO-PERSON,none,No pedestrian in frame
kaist_set04v001_000906,kaist,B+D,thermal,none,images/set04/V001/lwir/I00906.jpg,set04v001,none,906,none,none,exclude,E-NO-PERSON,none,No pedestrian in frame
kaist_set04v001_000907,kaist,B+D,thermal,none,images/set04/V001/lwir/I00907.jpg,set04v001,none,907,none,none,exclude,E-NO-PERSON,none,No pedestrian in frame
kaist_set04v001_000908,kaist,B+D,thermal,none,images/set04/V001/lwir/I00908.jpg,set04v001,none,908,none,none,exclude,E-NO-PERSON,none,No pedestrian in frame
kaist_set04v001_000909,kaist,B+D,thermal,none,images/set04/V001/lwir/I00909.jpg,set04v001,none,909,none,none,exclude,E-NO-PERSON,none,No pedestrian in frame
kaist_set04v001_000910,kaist,B+D,thermal,none,images/set04/V001/lwir/I00910.jpg,set04v001,none,910,none,none,exclude,E-NO-PERSON,none,No pedestrian in frame
kaist_set04v001_000911,kaist,B+D,thermal,none,images/set04/V001/lwir/I00911.jpg,set04v001,none,911,none,none,exclude,E-NO-PERSON,none,No pedestrian in frame
kaist_set04v001_000912,kaist,B+D,thermal,none,images/set04/V001/lwir/I00912.jpg,set04v001,none,912,none,none,exclude,E-NO-PERSON,none,No pedestrian in frame
kaist_set04v001_000913,kaist,B+D,thermal,none,images/set04/V001/lwir/I00913.jpg,set04v001,none,913,none,none,exclude,E-NO-PERSON,none,No pedestrian in frame
kaist_set04v001_000914,kaist,B+D,thermal,none,images/set04/V001/lwir/I00914.jpg,set04v001,none,914,none,none,exclude,E-NO-PERSON,none,No pedestrian in frame
kaist_set04v001_000915,kaist,B+D,thermal,none,images/set04/V001/lwir/I00915.jpg,set04v001,none,915,none,none,exclude,E-NO-PERSON,none,No pedestrian in frame
kaist_set04v001_000916,kaist,B+D,thermal,none,images/set04/V001/lwir/I00916.jpg,set04v001,none,916,none,none,exclude,E-NO-PERSON,none,No pedestrian in frame
kaist_set04v001_000917,kaist,B+D,thermal,none,images/set04/V001/lwir/I00917.jpg,set04v001,none,917,none,none,exclude,E-NO-PERSON,none,No pedestrian in frame
kaist_set04v001_000918,kaist,B+D,thermal,none,images/set04/V001/lwir/I00918.jpg,set04v001,none,918,none,none,exclude,E-NO-PERSON,none,No pedestrian in frame
kaist_set04v001_000919,kaist,B+D,thermal,none,images/set04/V001/lwir/I00919.jpg,set04v001,none,919,none,none,exclude,E-NO-PERSON,none,No pedestrian in frame
kaist_set04v001_000920,kaist,B+D,thermal,none,images/set04/V001/lwir/I00920.jpg,set04v001,none,920,none,none,exclude,E-NO-PERSON,none,No pedestrian in frame
kaist_set04v001_000921,kaist,B+D,thermal,none,images/set04/V001/lwir/I00921.jpg,set04v001,none,921,none,none,exclude,E-NO-PERSON,none,No pedestrian in frame
kaist_set04v001_000922,kaist,B+D,thermal,none,images/set04/V001/lwir/I00922.jpg,set04v001,none,922,none,none,exclude,E-NO-PERSON,none,No pedestrian in frame
kaist_set04v001_000923,kaist,B+D,thermal,none,images/set04/V001/lwir/I00923.jpg,set04v001,none,923,none,none,exclude,E-NO-PERSON,none,No pedestrian in frame
kaist_set04v001_000924,kaist,B+D,thermal,none,images/set04/V001/lwir/I00924.jpg,set04v001,none,924,none,none,exclude,E-NO-PERSON,none,No pedestrian in frame
kaist_set04v001_000925,kaist,B+D,thermal,none,images/set04/V001/lwir/I00925.jpg,set04v001,none,925,none,none,exclude,E-NO-PERSON,none,No pedestrian in frame
kaist_set04v001_000926,kaist,B+D,thermal,none,images/set04/V001/lwir/I00926.jpg,set04v001,none,926,none,none,exclude,E-NO-PERSON,none,No pedestrian in frame
kaist_set04v001_000927,kaist,B+D,thermal,none,images/set04/V001/lwir/I00927.jpg,set04v001,none,927,none,none,exclude,E-NO-PERSON,none,No pedestrian in frame
kaist_set04v001_000928,kaist,B+D,thermal,none,images/set04/V001/lwir/I00928.jpg,set04v001,none,928,none,none,exclude,E-NO-PERSON,none,No pedestrian in frame
kaist_set04v001_000929,kaist,B+D,thermal,none,images/set04/V001/lwir/I00929.jpg,set04v001,none,929,none,none,exclude,E-NO-PERSON,none,No pedestrian in frame
kaist_set04v001_000930,kaist,B+D,thermal,none,images/set04/V001/lwir/I00930.jpg,set04v001,none,930,none,none,exclude,E-NO-PERSON,none,No pedestrian in frame
kaist_set04v001_000931,kaist,B+D,thermal,none,images/set04/V001/lwir/I00931.jpg,set04v001,none,931,none,none,exclude,E-NO-PERSON,none,No pedestrian in frame
kaist_set04v001_000932,kaist,B+D,thermal,none,cleaned/thermal_with_people/I00932.jpg,set04v001,none,932,person,person,keep,none,none,none
kaist_set04v001_000933,kaist,B+D,thermal,none,cleaned/thermal_with_people/I00933.jpg,set04v001,none,933,person,person,keep,none,none,none
kaist_set04v001_000934,kaist,B+D,thermal,none,cleaned/thermal_with_people/I00934.jpg,set04v001,none,934,person,person,keep,none,none,none
kaist_set04v001_000935,kaist,B+D,thermal,none,cleaned/thermal_with_people/I00935.jpg,set04v001,none,935,person,person,keep,none,none,none
kaist_set04v001_000936,kaist,B+D,thermal,none,cleaned/thermal_with_people/I00936.jpg,set04v001,none,936,person,person,keep,none,none,none
kaist_set04v001_000937,kaist,B+D,thermal,none,cleaned/thermal_with_people/I00937.jpg,set04v001,none,937,person,person,keep,none,none,none
kaist_set04v001_000938,kaist,B+D,thermal,none,cleaned/thermal_with_people/I00938.jpg,set04v001,none,938,person,person,keep,none,none,none
kaist_set04v001_000939,kaist,B+D,thermal,none,cleaned/thermal_with_people/I00939.jpg,set04v001,none,939,person,person,keep,none,none,none
kaist_set04v001_000940,kaist,B+D,thermal,none,cleaned/thermal_with_people/I00940.jpg,set04v001,none,940,person,person,keep,none,none,none
kaist_set04v001_000941,kaist,B+D,thermal,none,cleaned/thermal_with_people/I00941.jpg,set04v001,none,941,person,person,keep,none,none,none
kaist_set04v001_000942,kaist,B+D,thermal,none,cleaned/thermal_with_people/I00942.jpg,set04v001,none,942,person,person,keep,none,none,none
kaist_set04v001_000943,kaist,B+D,thermal,none,cleaned/thermal_with_people/I00943.jpg,set04v001,none,943,person,person,keep,none,none,none
kaist_set04v001_000944,kaist,B+D,thermal,none,cleaned/thermal_with_people/I00944.jpg,set04v001,none,944,person,person,keep,none,none,none
kaist_set04v001_000945,kaist,B+D,thermal,none,cleaned/thermal_with_people/I00945.jpg,set04v001,none,945,person,person,keep,none,none,none
kaist_set04v001_000946,kaist,B+D,thermal,none,cleaned/thermal_with_people/I00946.jpg,set04v001,none,946,person,person,keep,none,none,none
kaist_set04v001_000947,kaist,B+D,thermal,none,cleaned/thermal_with_people/I00947.jpg,set04v001,none,947,person,person,keep,none,none,none
kaist_set04v001_000948,kaist,B+D,thermal,none,cleaned/thermal_with_people/I00948.jpg,set04v001,none,948,person,person,keep,none,none,none
kaist_set04v001_000949,kaist,B+D,thermal,none,cleaned/thermal_with_people/I00949.jpg,set04v001,none,949,person,person,keep,none,none,none
kaist_set04v001_000950,kaist,B+D,thermal,none,cleaned/thermal_with_people/I00950.jpg,set04v001,none,950,person,person,keep,none,none,none
kaist_set04v001_000951,kaist,B+D,thermal,none,cleaned/thermal_with_people/I00951.jpg,set04v001,none,951,person,person,keep,none,none,none
kaist_set04v001_000952,kaist,B+D,thermal,none,cleaned/thermal_with_people/I00952.jpg,set04v001,none,952,person,person,keep,none,none,none
kaist_set04v001_000953,kaist,B+D,thermal,none,cleaned/thermal_with_people/I00953.jpg,set04v001,none,953,person,person,keep,none,none,none
kaist_set04v001_000954,kaist,B+D,thermal,none,cleaned/thermal_with_people/I00954.jpg,set04v001,none,954,person,person,keep,none,none,none
kaist_set04v001_000955,kaist,B+D,thermal,none,cleaned/thermal_with_people/I00955.jpg,set04v001,none,955,person,person,keep,none,none,none
kaist_set04v001_000956,kaist,B+D,thermal,none,cleaned/thermal_with_people/I00956.jpg,set04v001,none,956,person,person,keep,none,none,none
kaist_set04v001_000957,kaist,B+D,thermal,none,cleaned/thermal_with_people/I00957.jpg,set04v001,none,957,person,person,keep,none,none,none
kaist_set04v001_000958,kaist,B+D,thermal,none,cleaned/thermal_with_people/I00958.jpg,set04v001,none,958,person,person,keep,none,none,none
kaist_set04v001_000959,kaist,B+D,thermal,none,cleaned/thermal_with_people/I00959.jpg,set04v001,none,959,person,person,keep,none,none,none
kaist_set04v001_000960,kaist,B+D,thermal,none,cleaned/thermal_with_people/I00960.jpg,set04v001,none,960,person,person,keep,none,none,none
kaist_set04v001_000961,kaist,B+D,thermal,none,images/set04/V001/lwir/I00961.jpg,set04v001,none,961,none,none,exclude,E-NO-PERSON,none,No pedestrian in frame
kaist_set04v001_000962,kaist,B+D,thermal,none,images/set04/V001/lwir/I00962.jpg,set04v001,none,962,none,none,exclude,E-NO-PERSON,none,No pedestrian in frame
kaist_set04v001_000963,kaist,B+D,thermal,none,images/set04/V001/lwir/I00963.jpg,set04v001,none,963,none,none,exclude,E-NO-PERSON,none,No pedestrian in frame
kaist_set04v001_000964,kaist,B+D,thermal,none,images/set04/V001/lwir/I00964.jpg,set04v001,none,964,none,none,exclude,E-NO-PERSON,none,No pedestrian in frame
kaist_set04v001_000965,kaist,B+D,thermal,none,images/set04/V001/lwir/I00965.jpg,set04v001,none,965,none,none,exclude,E-NO-PERSON,none,No pedestrian in frame
kaist_set04v001_000966,kaist,B+D,thermal,none,images/set04/V001/lwir/I00966.jpg,set04v001,none,966,none,none,exclude,E-NO-PERSON,none,No pedestrian in frame
kaist_set04v001_000967,kaist,B+D,thermal,none,images/set04/V001/lwir/I00967.jpg,set04v001,none,967,none,none,exclude,E-NO-PERSON,none,No pedestrian in frame
kaist_set04v001_000968,kaist,B+D,thermal,none,images/set04/V001/lwir/I00968.jpg,set04v001,none,968,none,none,exclude,E-NO-PERSON,none,No pedestrian in frame
kaist_set04v001_000969,kaist,B+D,thermal,none,images/set04/V001/lwir/I00969.jpg,set04v001,none,969,none,none,exclude,E-NO-PERSON,none,No pedestrian in frame
kaist_set04v001_000970,kaist,B+D,thermal,none,images/set04/V001/lwir/I00970.jpg,set04v001,none,970,none,none,exclude,E-NO-PERSON,none,No pedestrian in frame
kaist_set04v001_000971,kaist,B+D,thermal,none,images/set04/V001/lwir/I00971.jpg,set04v001,none,971,none,none,exclude,E-NO-PERSON,none,No pedestrian in frame
kaist_set04v001_000972,kaist,B+D,thermal,none,images/set04/V001/lwir/I00972.jpg,set04v001,none,972,none,none,exclude,E-NO-PERSON,none,No pedestrian in frame
kaist_set04v001_000973,kaist,B+D,thermal,none,images/set04/V001/lwir/I00973.jpg,set04v001,none,973,none,none,exclude,E-NO-PERSON,none,No pedestrian in frame
kaist_set04v001_000974,kaist,B+D,thermal,none,images/set04/V001/lwir/I00974.jpg,set04v001,none,974,none,none,exclude,E-NO-PERSON,none,No pedestrian in frame
kaist_set04v001_000975,kaist,B+D,thermal,none,images/set04/V001/lwir/I00975.jpg,set04v001,none,975,none,none,exclude,E-NO-PERSON,none,No pedestrian in frame
kaist_set04v001_000976,kaist,B+D,thermal,none,images/set04/V001/lwir/I00976.jpg,set04v001,none,976,none,none,exclude,E-NO-PERSON,none,No pedestrian in frame
kaist_set04v001_000977,kaist,B+D,thermal,none,images/set04/V001/lwir/I00977.jpg,set04v001,none,977,none,none,exclude,E-NO-PERSON,none,No pedestrian in frame
kaist_set04v001_000978,kaist,B+D,thermal,none,images/set04/V001/lwir/I00978.jpg,set04v001,none,978,none,none,exclude,E-NO-PERSON,none,No pedestrian in frame
kaist_set04v001_000979,kaist,B+D,thermal,none,images/set04/V001/lwir/I00979.jpg,set04v001,none,979,none,none,exclude,E-NO-PERSON,none,No pedestrian in frame
kaist_set04v001_000980,kaist,B+D,thermal,none,images/set04/V001/lwir/I00980.jpg,set04v001,none,980,none,none,exclude,E-NO-PERSON,none,No pedestrian in frame
kaist_set04v001_000981,kaist,B+D,thermal,none,images/set04/V001/lwir/I00981.jpg,set04v001,none,981,none,none,exclude,E-NO-PERSON,none,No pedestrian in frame
kaist_set04v001_000982,kaist,B+D,thermal,none,images/set04/V001/lwir/I00982.jpg,set04v001,none,982,none,none,exclude,E-NO-PERSON,none,No pedestrian in frame
kaist_set04v001_000983,kaist,B+D,thermal,none,images/set04/V001/lwir/I00983.jpg,set04v001,none,983,none,none,exclude,E-NO-PERSON,none,No pedestrian in frame
kaist_set04v001_000984,kaist,B+D,thermal,none,images/set04/V001/lwir/I00984.jpg,set04v001,none,984,none,none,exclude,E-NO-PERSON,none,No pedestrian in frame
kaist_set04v001_000985,kaist,B+D,thermal,none,images/set04/V001/lwir/I00985.jpg,set04v001,none,985,none,none,exclude,E-NO-PERSON,none,No pedestrian in frame
kaist_set04v001_000986,kaist,B+D,thermal,none,images/set04/V001/lwir/I00986.jpg,set04v001,none,986,none,none,exclude,E-NO-PERSON,none,No pedestrian in frame
kaist_set04v001_000987,kaist,B+D,thermal,none,images/set04/V001/lwir/I00987.jpg,set04v001,none,987,none,none,exclude,E-NO-PERSON,none,No pedestrian in frame
kaist_set04v001_000988,kaist,B+D,thermal,none,images/set04/V001/lwir/I00988.jpg,set04v001,none,988,none,none,exclude,E-NO-PERSON,none,No pedestrian in frame
kaist_set04v001_000989,kaist,B+D,thermal,none,images/set04/V001/lwir/I00989.jpg,set04v001,none,989,none,none,exclude,E-NO-PERSON,none,No pedestrian in frame
kaist_set04v001_000990,kaist,B+D,thermal,none,images/set04/V001/lwir/I00990.jpg,set04v001,none,990,none,none,exclude,E-NO-PERSON,none,No pedestrian in frame
kaist_set04v001_000991,kaist,B+D,thermal,none,images/set04/V001/lwir/I00991.jpg,set04v001,none,991,none,none,exclude,E-NO-PERSON,none,No pedestrian in frame
kaist_set04v001_000992,kaist,B+D,thermal,none,images/set04/V001/lwir/I00992.jpg,set04v001,none,992,none,none,exclude,E-NO-PERSON,none,No pedestrian in frame
kaist_set04v001_000993,kaist,B+D,thermal,none,images/set04/V001/lwir/I00993.jpg,set04v001,none,993,none,none,exclude,E-NO-PERSON,none,No pedestrian in frame
kaist_set04v001_000994,kaist,B+D,thermal,none,images/set04/V001/lwir/I00994.jpg,set04v001,none,994,none,none,exclude,E-NO-PERSON,none,No pedestrian in frame
kaist_set04v001_000995,kaist,B+D,thermal,none,images/set04/V001/lwir/I00995.jpg,set04v001,none,995,none,none,exclude,E-NO-PERSON,none,No pedestrian in frame
kaist_set04v001_000996,kaist,B+D,thermal,none,images/set04/V001/lwir/I00996.jpg,set04v001,none,996,none,none,exclude,E-NO-PERSON,none,No pedestrian in frame
kaist_set04v001_000997,kaist,B+D,thermal,none,images/set04/V001/lwir/I00997.jpg,set04v001,none,997,none,none,exclude,E-NO-PERSON,none,No pedestrian in frame
kaist_set04v001_000998,kaist,B+D,thermal,none,images/set04/V001/lwir/I00998.jpg,set04v001,none,998,none,none,exclude,E-NO-PERSON,none,No pedestrian in frame
kaist_set04v001_000999,kaist,B+D,thermal,none,images/set04/V001/lwir/I00999.jpg,set04v001,none,999,none,none,exclude,E-NO-PERSON,none,No pedestrian in frame
kaist_set04v001_001000,kaist,B+D,thermal,none,images/set04/V001/lwir/I01000.jpg,set04v001,none,1000,none,none,exclude,E-NO-PERSON,none,No pedestrian in frame
kaist_set04v001_001001,kaist,B+D,thermal,none,images/set04/V001/lwir/I01001.jpg,set04v001,none,1001,none,none,exclude,E-NO-PERSON,none,No pedestrian in frame
kaist_set04v001_001002,kaist,B+D,thermal,none,images/set04/V001/lwir/I01002.jpg,set04v001,none,1002,none,none,exclude,E-NO-PERSON,none,No pedestrian in frame
kaist_set04v001_001003,kaist,B+D,thermal,none,images/set04/V001/lwir/I01003.jpg,set04v001,none,1003,none,none,exclude,E-NO-PERSON,none,No pedestrian in frame
kaist_set04v001_001004,kaist,B+D,thermal,none,images/set04/V001/lwir/I01004.jpg,set04v001,none,1004,none,none,exclude,E-NO-PERSON,none,No pedestrian in frame
kaist_set04v001_001005,kaist,B+D,thermal,none,images/set04/V001/lwir/I01005.jpg,set04v001,none,1005,none,none,exclude,E-NO-PERSON,none,No pedestrian in frame
kaist_set04v001_001006,kaist,B+D,thermal,none,images/set04/V001/lwir/I01006.jpg,set04v001,none,1006,none,none,exclude,E-NO-PERSON,none,No pedestrian in frame
kaist_set04v001_001007,kaist,B+D,thermal,none,images/set04/V001/lwir/I01007.jpg,set04v001,none,1007,none,none,exclude,E-NO-PERSON,none,No pedestrian in frame
kaist_set04v001_001008,kaist,B+D,thermal,none,images/set04/V001/lwir/I01008.jpg,set04v001,none,1008,none,none,exclude,E-NO-PERSON,none,No pedestrian in frame
kaist_set04v001_001009,kaist,B+D,thermal,none,images/set04/V001/lwir/I01009.jpg,set04v001,none,1009,none,none,exclude,E-NO-PERSON,none,No pedestrian in frame
kaist_set04v001_001010,kaist,B+D,thermal,none,images/set04/V001/lwir/I01010.jpg,set04v001,none,1010,none,none,exclude,E-NO-PERSON,none,No pedestrian in frame
kaist_set04v001_001011,kaist,B+D,thermal,none,images/set04/V001/lwir/I01011.jpg,set04v001,none,1011,none,none,exclude,E-NO-PERSON,none,No pedestrian in frame
kaist_set04v001_001012,kaist,B+D,thermal,none,images/set04/V001/lwir/I01012.jpg,set04v001,none,1012,none,none,exclude,E-NO-PERSON,none,No pedestrian in frame
kaist_set04v001_001013,kaist,B+D,thermal,none,images/set04/V001/lwir/I01013.jpg,set04v001,none,1013,none,none,exclude,E-NO-PERSON,none,No pedestrian in frame
kaist_set04v001_001014,kaist,B+D,thermal,none,images/set04/V001/lwir/I01014.jpg,set04v001,none,1014,none,none,exclude,E-NO-PERSON,none,No pedestrian in frame
kaist_set04v001_001015,kaist,B+D,thermal,none,images/set04/V001/lwir/I01015.jpg,set04v001,none,1015,none,none,exclude,E-NO-PERSON,none,No pedestrian in frame
kaist_set04v001_001016,kaist,B+D,thermal,none,images/set04/V001/lwir/I01016.jpg,set04v001,none,1016,none,none,exclude,E-NO-PERSON,none,No pedestrian in frame
kaist_set04v001_001017,kaist,B+D,thermal,none,images/set04/V001/lwir/I01017.jpg,set04v001,none,1017,none,none,exclude,E-NO-PERSON,none,No pedestrian in frame
kaist_set04v001_001018,kaist,B+D,thermal,none,images/set04/V001/lwir/I01018.jpg,set04v001,none,1018,none,none,exclude,E-NO-PERSON,none,No pedestrian in frame
kaist_set04v001_001019,kaist,B+D,thermal,none,images/set04/V001/lwir/I01019.jpg,set04v001,none,1019,none,none,exclude,E-NO-PERSON,none,No pedestrian in frame
kaist_set04v001_001020,kaist,B+D,thermal,none,images/set04/V001/lwir/I01020.jpg,set04v001,none,1020,none,none,exclude,E-NO-PERSON,none,No pedestrian in frame
kaist_set04v001_001021,kaist,B+D,thermal,none,images/set04/V001/lwir/I01021.jpg,set04v001,none,1021,none,none,exclude,E-NO-PERSON,none,No pedestrian in frame
kaist_set04v001_001022,kaist,B+D,thermal,none,images/set04/V001/lwir/I01022.jpg,set04v001,none,1022,none,none,exclude,E-NO-PERSON,none,No pedestrian in frame
kaist_set04v001_001023,kaist,B+D,thermal,none,images/set04/V001/lwir/I01023.jpg,set04v001,none,1023,none,none,exclude,E-NO-PERSON,none,No pedestrian in frame
kaist_set04v001_001024,kaist,B+D,thermal,none,images/set04/V001/lwir/I01024.jpg,set04v001,none,1024,none,none,exclude,E-NO-PERSON,none,No pedestrian in frame
kaist_set04v001_001025,kaist,B+D,thermal,none,images/set04/V001/lwir/I01025.jpg,set04v001,none,1025,none,none,exclude,E-NO-PERSON,none,No pedestrian in frame
kaist_set04v001_001026,kaist,B+D,thermal,none,images/set04/V001/lwir/I01026.jpg,set04v001,none,1026,none,none,exclude,E-NO-PERSON,none,No pedestrian in frame
kaist_set04v001_001027,kaist,B+D,thermal,none,images/set04/V001/lwir/I01027.jpg,set04v001,none,1027,none,none,exclude,E-NO-PERSON,none,No pedestrian in frame
kaist_set04v001_001028,kaist,B+D,thermal,none,images/set04/V001/lwir/I01028.jpg,set04v001,none,1028,none,none,exclude,E-NO-PERSON,none,No pedestrian in frame
kaist_set04v001_001029,kaist,B+D,thermal,none,images/set04/V001/lwir/I01029.jpg,set04v001,none,1029,none,none,exclude,E-NO-PERSON,none,No pedestrian in frame
kaist_set04v001_001030,kaist,B+D,thermal,none,images/set04/V001/lwir/I01030.jpg,set04v001,none,1030,none,none,exclude,E-NO-PERSON,none,No pedestrian in frame
kaist_set04v001_001031,kaist,B+D,thermal,none,images/set04/V001/lwir/I01031.jpg,set04v001,none,1031,none,none,exclude,E-NO-PERSON,none,No pedestrian in frame
kaist_set04v001_001032,kaist,B+D,thermal,none,images/set04/V001/lwir/I01032.jpg,set04v001,none,1032,none,none,exclude,E-NO-PERSON,none,No pedestrian in frame
kaist_set04v001_001033,kaist,B+D,thermal,none,images/set04/V001/lwir/I01033.jpg,set04v001,none,1033,none,none,exclude,E-NO-PERSON,none,No pedestrian in frame
kaist_set04v001_001034,kaist,B+D,thermal,none,images/set04/V001/lwir/I01034.jpg,set04v001,none,1034,none,none,exclude,E-NO-PERSON,none,No pedestrian in frame
kaist_set04v001_001035,kaist,B+D,thermal,none,images/set04/V001/lwir/I01035.jpg,set04v001,none,1035,none,none,exclude,E-NO-PERSON,none,No pedestrian in frame
kaist_set04v001_001036,kaist,B+D,thermal,none,images/set04/V001/lwir/I01036.jpg,set04v001,none,1036,none,none,exclude,E-NO-PERSON,none,No pedestrian in frame
kaist_set04v001_001037,kaist,B+D,thermal,none,images/set04/V001/lwir/I01037.jpg,set04v001,none,1037,none,none,exclude,E-NO-PERSON,none,No pedestrian in frame
kaist_set04v001_001038,kaist,B+D,thermal,none,images/set04/V001/lwir/I01038.jpg,set04v001,none,1038,none,none,exclude,E-NO-PERSON,none,No pedestrian in frame
kaist_set04v001_001039,kaist,B+D,thermal,none,images/set04/V001/lwir/I01039.jpg,set04v001,none,1039,none,none,exclude,E-NO-PERSON,none,No pedestrian in frame
kaist_set04v001_001040,kaist,B+D,thermal,none,images/set04/V001/lwir/I01040.jpg,set04v001,none,1040,none,none,exclude,E-NO-PERSON,none,No pedestrian in frame
kaist_set04v001_001041,kaist,B+D,thermal,none,images/set04/V001/lwir/I01041.jpg,set04v001,none,1041,none,none,exclude,E-NO-PERSON,none,No pedestrian in frame
kaist_set04v001_001042,kaist,B+D,thermal,none,images/set04/V001/lwir/I01042.jpg,set04v001,none,1042,none,none,exclude,E-NO-PERSON,none,No pedestrian in frame
kaist_set04v001_001043,kaist,B+D,thermal,none,images/set04/V001/lwir/I01043.jpg,set04v001,none,1043,none,none,exclude,E-NO-PERSON,none,No pedestrian in frame
kaist_set04v001_001044,kaist,B+D,thermal,none,images/set04/V001/lwir/I01044.jpg,set04v001,none,1044,none,none,exclude,E-NO-PERSON,none,No pedestrian in frame
kaist_set04v001_001045,kaist,B+D,thermal,none,images/set04/V001/lwir/I01045.jpg,set04v001,none,1045,none,none,exclude,E-NO-PERSON,none,No pedestrian in frame
kaist_set04v001_001046,kaist,B+D,thermal,none,images/set04/V001/lwir/I01046.jpg,set04v001,none,1046,none,none,exclude,E-NO-PERSON,none,No pedestrian in frame
kaist_set04v001_001047,kaist,B+D,thermal,none,images/set04/V001/lwir/I01047.jpg,set04v001,none,1047,none,none,exclude,E-NO-PERSON,none,No pedestrian in frame
kaist_set04v001_001048,kaist,B+D,thermal,none,images/set04/V001/lwir/I01048.jpg,set04v001,none,1048,none,none,exclude,E-NO-PERSON,none,No pedestrian in frame
kaist_set04v001_001049,kaist,B+D,thermal,none,images/set04/V001/lwir/I01049.jpg,set04v001,none,1049,none,none,exclude,E-NO-PERSON,none,No pedestrian in frame
kaist_set04v001_001050,kaist,B+D,thermal,none,images/set04/V001/lwir/I01050.jpg,set04v001,none,1050,none,none,exclude,E-NO-PERSON,none,No pedestrian in frame
kaist_set04v001_001051,kaist,B+D,thermal,none,images/set04/V001/lwir/I01051.jpg,set04v001,none,1051,none,none,exclude,E-NO-PERSON,none,No pedestrian in frame
kaist_set04v001_001052,kaist,B+D,thermal,none,images/set04/V001/lwir/I01052.jpg,set04v001,none,1052,none,none,exclude,E-NO-PERSON,none,No pedestrian in frame
kaist_set04v001_001053,kaist,B+D,thermal,none,images/set04/V001/lwir/I01053.jpg,set04v001,none,1053,none,none,exclude,E-NO-PERSON,none,No pedestrian in frame
kaist_set04v001_001054,kaist,B+D,thermal,none,images/set04/V001/lwir/I01054.jpg,set04v001,none,1054,none,none,exclude,E-NO-PERSON,none,No pedestrian in frame
kaist_set04v001_001055,kaist,B+D,thermal,none,images/set04/V001/lwir/I01055.jpg,set04v001,none,1055,none,none,exclude,E-NO-PERSON,none,No pedestrian in frame
kaist_set04v001_001056,kaist,B+D,thermal,none,images/set04/V001/lwir/I01056.jpg,set04v001,none,1056,none,none,exclude,E-NO-PERSON,none,No pedestrian in frame
kaist_set04v001_001057,kaist,B+D,thermal,none,images/set04/V001/lwir/I01057.jpg,set04v001,none,1057,none,none,exclude,E-NO-PERSON,none,No pedestrian in frame
kaist_set04v001_001058,kaist,B+D,thermal,none,images/set04/V001/lwir/I01058.jpg,set04v001,none,1058,none,none,exclude,E-NO-PERSON,none,No pedestrian in frame
kaist_set04v001_001059,kaist,B+D,thermal,none,images/set04/V001/lwir/I01059.jpg,set04v001,none,1059,none,none,exclude,E-NO-PERSON,none,No pedestrian in frame
kaist_set04v001_001060,kaist,B+D,thermal,none,images/set04/V001/lwir/I01060.jpg,set04v001,none,1060,none,none,exclude,E-NO-PERSON,none,No pedestrian in frame
kaist_set04v001_001061,kaist,B+D,thermal,none,images/set04/V001/lwir/I01061.jpg,set04v001,none,1061,none,none,exclude,E-NO-PERSON,none,No pedestrian in frame
kaist_set04v001_001062,kaist,B+D,thermal,none,images/set04/V001/lwir/I01062.jpg,set04v001,none,1062,none,none,exclude,E-NO-PERSON,none,No pedestrian in frame
kaist_set04v001_001063,kaist,B+D,thermal,none,images/set04/V001/lwir/I01063.jpg,set04v001,none,1063,none,none,exclude,E-NO-PERSON,none,No pedestrian in frame
kaist_set04v001_001064,kaist,B+D,thermal,none,images/set04/V001/lwir/I01064.jpg,set04v001,none,1064,none,none,exclude,E-NO-PERSON,none,No pedestrian in frame
kaist_set04v001_001065,kaist,B+D,thermal,none,images/set04/V001/lwir/I01065.jpg,set04v001,none,1065,none,none,exclude,E-NO-PERSON,none,No pedestrian in frame
kaist_set04v001_001066,kaist,B+D,thermal,none,images/set04/V001/lwir/I01066.jpg,set04v001,none,1066,none,none,exclude,E-NO-PERSON,none,No pedestrian in frame
kaist_set04v001_001067,kaist,B+D,thermal,none,images/set04/V001/lwir/I01067.jpg,set04v001,none,1067,none,none,exclude,E-NO-PERSON,none,No pedestrian in frame
kaist_set04v001_001068,kaist,B+D,thermal,none,images/set04/V001/lwir/I01068.jpg,set04v001,none,1068,none,none,exclude,E-NO-PERSON,none,No pedestrian in frame
kaist_set04v001_001069,kaist,B+D,thermal,none,images/set04/V001/lwir/I01069.jpg,set04v001,none,1069,none,none,exclude,E-NO-PERSON,none,No pedestrian in frame
kaist_set04v001_001070,kaist,B+D,thermal,none,images/set04/V001/lwir/I01070.jpg,set04v001,none,1070,none,none,exclude,E-NO-PERSON,none,No pedestrian in frame
kaist_set04v001_001071,kaist,B+D,thermal,none,images/set04/V001/lwir/I01071.jpg,set04v001,none,1071,none,none,exclude,E-NO-PERSON,none,No pedestrian in frame
kaist_set04v001_001072,kaist,B+D,thermal,none,images/set04/V001/lwir/I01072.jpg,set04v001,none,1072,none,none,exclude,E-NO-PERSON,none,No pedestrian in frame
kaist_set04v001_001073,kaist,B+D,thermal,none,images/set04/V001/lwir/I01073.jpg,set04v001,none,1073,none,none,exclude,E-NO-PERSON,none,No pedestrian in frame
kaist_set04v001_001074,kaist,B+D,thermal,none,images/set04/V001/lwir/I01074.jpg,set04v001,none,1074,none,none,exclude,E-NO-PERSON,none,No pedestrian in frame
kaist_set04v001_001075,kaist,B+D,thermal,none,images/set04/V001/lwir/I01075.jpg,set04v001,none,1075,none,none,exclude,E-NO-PERSON,none,No pedestrian in frame
kaist_set04v001_001076,kaist,B+D,thermal,none,images/set04/V001/lwir/I01076.jpg,set04v001,none,1076,none,none,exclude,E-NO-PERSON,none,No pedestrian in frame
kaist_set04v001_001077,kaist,B+D,thermal,none,images/set04/V001/lwir/I01077.jpg,set04v001,none,1077,none,none,exclude,E-NO-PERSON,none,No pedestrian in frame
kaist_set04v001_001078,kaist,B+D,thermal,none,images/set04/V001/lwir/I01078.jpg,set04v001,none,1078,none,none,exclude,E-NO-PERSON,none,No pedestrian in frame
kaist_set04v001_001079,kaist,B+D,thermal,none,images/set04/V001/lwir/I01079.jpg,set04v001,none,1079,none,none,exclude,E-NO-PERSON,none,No pedestrian in frame
kaist_set04v001_001080,kaist,B+D,thermal,none,images/set04/V001/lwir/I01080.jpg,set04v001,none,1080,none,none,exclude,E-NO-PERSON,none,No pedestrian in frame
kaist_set04v001_001081,kaist,B+D,thermal,none,images/set04/V001/lwir/I01081.jpg,set04v001,none,1081,none,none,exclude,E-NO-PERSON,none,No pedestrian in frame
kaist_set04v001_001082,kaist,B+D,thermal,none,images/set04/V001/lwir/I01082.jpg,set04v001,none,1082,none,none,exclude,E-NO-PERSON,none,No pedestrian in frame
kaist_set04v001_001083,kaist,B+D,thermal,none,images/set04/V001/lwir/I01083.jpg,set04v001,none,1083,none,none,exclude,E-NO-PERSON,none,No pedestrian in frame
kaist_set04v001_001084,kaist,B+D,thermal,none,images/set04/V001/lwir/I01084.jpg,set04v001,none,1084,none,none,exclude,E-NO-PERSON,none,No pedestrian in frame
kaist_set04v001_001085,kaist,B+D,thermal,none,images/set04/V001/lwir/I01085.jpg,set04v001,none,1085,none,none,exclude,E-NO-PERSON,none,No pedestrian in frame
kaist_set04v001_001086,kaist,B+D,thermal,none,images/set04/V001/lwir/I01086.jpg,set04v001,none,1086,none,none,exclude,E-NO-PERSON,none,No pedestrian in frame
kaist_set04v001_001087,kaist,B+D,thermal,none,images/set04/V001/lwir/I01087.jpg,set04v001,none,1087,none,none,exclude,E-NO-PERSON,none,No pedestrian in frame
kaist_set04v001_001088,kaist,B+D,thermal,none,images/set04/V001/lwir/I01088.jpg,set04v001,none,1088,none,none,exclude,E-NO-PERSON,none,No pedestrian in frame
kaist_set04v001_001089,kaist,B+D,thermal,none,images/set04/V001/lwir/I01089.jpg,set04v001,none,1089,none,none,exclude,E-NO-PERSON,none,No pedestrian in frame
kaist_set04v001_001090,kaist,B+D,thermal,none,images/set04/V001/lwir/I01090.jpg,set04v001,none,1090,none,none,exclude,E-NO-PERSON,none,No pedestrian in frame
kaist_set04v001_001091,kaist,B+D,thermal,none,images/set04/V001/lwir/I01091.jpg,set04v001,none,1091,none,none,exclude,E-NO-PERSON,none,No pedestrian in frame
kaist_set04v001_001092,kaist,B+D,thermal,none,images/set04/V001/lwir/I01092.jpg,set04v001,none,1092,none,none,exclude,E-NO-PERSON,none,No pedestrian in frame
kaist_set04v001_001093,kaist,B+D,thermal,none,images/set04/V001/lwir/I01093.jpg,set04v001,none,1093,none,none,exclude,E-NO-PERSON,none,No pedestrian in frame
kaist_set04v001_001094,kaist,B+D,thermal,none,images/set04/V001/lwir/I01094.jpg,set04v001,none,1094,none,none,exclude,E-NO-PERSON,none,No pedestrian in frame
kaist_set04v001_001095,kaist,B+D,thermal,none,images/set04/V001/lwir/I01095.jpg,set04v001,none,1095,none,none,exclude,E-NO-PERSON,none,No pedestrian in frame
kaist_set04v001_001096,kaist,B+D,thermal,none,images/set04/V001/lwir/I01096.jpg,set04v001,none,1096,none,none,exclude,E-NO-PERSON,none,No pedestrian in frame
kaist_set04v001_001097,kaist,B+D,thermal,none,images/set04/V001/lwir/I01097.jpg,set04v001,none,1097,none,none,exclude,E-NO-PERSON,none,No pedestrian in frame
kaist_set04v001_001098,kaist,B+D,thermal,none,images/set04/V001/lwir/I01098.jpg,set04v001,none,1098,none,none,exclude,E-NO-PERSON,none,No pedestrian in frame
kaist_set04v001_001099,kaist,B+D,thermal,none,images/set04/V001/lwir/I01099.jpg,set04v001,none,1099,none,none,exclude,E-NO-PERSON,none,No pedestrian in frame
kaist_set04v001_001100,kaist,B+D,thermal,none,images/set04/V001/lwir/I01100.jpg,set04v001,none,1100,none,none,exclude,E-NO-PERSON,none,No pedestrian in frame
kaist_set04v001_001101,kaist,B+D,thermal,none,images/set04/V001/lwir/I01101.jpg,set04v001,none,1101,none,none,exclude,E-NO-PERSON,none,No pedestrian in frame
kaist_set04v001_001102,kaist,B+D,thermal,none,images/set04/V001/lwir/I01102.jpg,set04v001,none,1102,none,none,exclude,E-NO-PERSON,none,No pedestrian in frame
kaist_set04v001_001103,kaist,B+D,thermal,none,images/set04/V001/lwir/I01103.jpg,set04v001,none,1103,none,none,exclude,E-NO-PERSON,none,No pedestrian in frame
kaist_set04v001_001104,kaist,B+D,thermal,none,images/set04/V001/lwir/I01104.jpg,set04v001,none,1104,none,none,exclude,E-NO-PERSON,none,No pedestrian in frame
kaist_set04v001_001105,kaist,B+D,thermal,none,images/set04/V001/lwir/I01105.jpg,set04v001,none,1105,none,none,exclude,E-NO-PERSON,none,No pedestrian in frame
kaist_set04v001_001106,kaist,B+D,thermal,none,images/set04/V001/lwir/I01106.jpg,set04v001,none,1106,none,none,exclude,E-NO-PERSON,none,No pedestrian in frame
kaist_set04v001_001107,kaist,B+D,thermal,none,images/set04/V001/lwir/I01107.jpg,set04v001,none,1107,none,none,exclude,E-NO-PERSON,none,No pedestrian in frame
kaist_set04v001_001108,kaist,B+D,thermal,none,images/set04/V001/lwir/I01108.jpg,set04v001,none,1108,none,none,exclude,E-NO-PERSON,none,No pedestrian in frame
kaist_set04v001_001109,kaist,B+D,thermal,none,images/set04/V001/lwir/I01109.jpg,set04v001,none,1109,none,none,exclude,E-NO-PERSON,none,No pedestrian in frame
kaist_set04v001_001110,kaist,B+D,thermal,none,images/set04/V001/lwir/I01110.jpg,set04v001,none,1110,none,none,exclude,E-NO-PERSON,none,No pedestrian in frame
kaist_set04v001_001111,kaist,B+D,thermal,none,images/set04/V001/lwir/I01111.jpg,set04v001,none,1111,none,none,exclude,E-NO-PERSON,none,No pedestrian in frame
kaist_set04v001_001112,kaist,B+D,thermal,none,images/set04/V001/lwir/I01112.jpg,set04v001,none,1112,none,none,exclude,E-NO-PERSON,none,No pedestrian in frame
kaist_set04v001_001113,kaist,B+D,thermal,none,images/set04/V001/lwir/I01113.jpg,set04v001,none,1113,none,none,exclude,E-NO-PERSON,none,No pedestrian in frame
kaist_set04v001_001114,kaist,B+D,thermal,none,images/set04/V001/lwir/I01114.jpg,set04v001,none,1114,none,none,exclude,E-NO-PERSON,none,No pedestrian in frame
kaist_set04v001_001115,kaist,B+D,thermal,none,images/set04/V001/lwir/I01115.jpg,set04v001,none,1115,none,none,exclude,E-NO-PERSON,none,No pedestrian in frame
kaist_set04v001_001116,kaist,B+D,thermal,none,images/set04/V001/lwir/I01116.jpg,set04v001,none,1116,none,none,exclude,E-NO-PERSON,none,No pedestrian in frame
kaist_set04v001_001117,kaist,B+D,thermal,none,images/set04/V001/lwir/I01117.jpg,set04v001,none,1117,none,none,exclude,E-NO-PERSON,none,No pedestrian in frame
kaist_set04v001_001118,kaist,B+D,thermal,none,images/set04/V001/lwir/I01118.jpg,set04v001,none,1118,none,none,exclude,E-NO-PERSON,none,No pedestrian in frame
kaist_set04v001_001119,kaist,B+D,thermal,none,images/set04/V001/lwir/I01119.jpg,set04v001,none,1119,none,none,exclude,E-NO-PERSON,none,No pedestrian in frame
kaist_set04v001_001120,kaist,B+D,thermal,none,images/set04/V001/lwir/I01120.jpg,set04v001,none,1120,none,none,exclude,E-NO-PERSON,none,No pedestrian in frame
kaist_set04v001_001121,kaist,B+D,thermal,none,images/set04/V001/lwir/I01121.jpg,set04v001,none,1121,none,none,exclude,E-NO-PERSON,none,No pedestrian in frame
kaist_set04v001_001122,kaist,B+D,thermal,none,images/set04/V001/lwir/I01122.jpg,set04v001,none,1122,none,none,exclude,E-NO-PERSON,none,No pedestrian in frame
kaist_set04v001_001123,kaist,B+D,thermal,none,images/set04/V001/lwir/I01123.jpg,set04v001,none,1123,none,none,exclude,E-NO-PERSON,none,No pedestrian in frame
kaist_set04v001_001124,kaist,B+D,thermal,none,images/set04/V001/lwir/I01124.jpg,set04v001,none,1124,none,none,exclude,E-NO-PERSON,none,No pedestrian in frame
kaist_set04v001_001125,kaist,B+D,thermal,none,images/set04/V001/lwir/I01125.jpg,set04v001,none,1125,none,none,exclude,E-NO-PERSON,none,No pedestrian in frame
kaist_set04v001_001126,kaist,B+D,thermal,none,images/set04/V001/lwir/I01126.jpg,set04v001,none,1126,none,none,exclude,E-NO-PERSON,none,No pedestrian in frame
kaist_set04v001_001127,kaist,B+D,thermal,none,images/set04/V001/lwir/I01127.jpg,set04v001,none,1127,none,none,exclude,E-NO-PERSON,none,No pedestrian in frame
kaist_set04v001_001128,kaist,B+D,thermal,none,images/set04/V001/lwir/I01128.jpg,set04v001,none,1128,none,none,exclude,E-NO-PERSON,none,No pedestrian in frame
kaist_set04v001_001129,kaist,B+D,thermal,none,images/set04/V001/lwir/I01129.jpg,set04v001,none,1129,none,none,exclude,E-NO-PERSON,none,No pedestrian in frame
kaist_set04v001_001130,kaist,B+D,thermal,none,images/set04/V001/lwir/I01130.jpg,set04v001,none,1130,none,none,exclude,E-NO-PERSON,none,No pedestrian in frame
kaist_set04v001_001131,kaist,B+D,thermal,none,images/set04/V001/lwir/I01131.jpg,set04v001,none,1131,none,none,exclude,E-NO-PERSON,none,No pedestrian in frame
kaist_set04v001_001132,kaist,B+D,thermal,none,images/set04/V001/lwir/I01132.jpg,set04v001,none,1132,none,none,exclude,E-NO-PERSON,none,No pedestrian in frame
kaist_set04v001_001133,kaist,B+D,thermal,none,images/set04/V001/lwir/I01133.jpg,set04v001,none,1133,none,none,exclude,E-NO-PERSON,none,No pedestrian in frame
kaist_set04v001_001134,kaist,B+D,thermal,none,images/set04/V001/lwir/I01134.jpg,set04v001,none,1134,none,none,exclude,E-NO-PERSON,none,No pedestrian in frame
kaist_set04v001_001135,kaist,B+D,thermal,none,images/set04/V001/lwir/I01135.jpg,set04v001,none,1135,none,none,exclude,E-NO-PERSON,none,No pedestrian in frame
kaist_set04v001_001136,kaist,B+D,thermal,none,images/set04/V001/lwir/I01136.jpg,set04v001,none,1136,none,none,exclude,E-NO-PERSON,none,No pedestrian in frame
kaist_set04v001_001137,kaist,B+D,thermal,none,images/set04/V001/lwir/I01137.jpg,set04v001,none,1137,none,none,exclude,E-NO-PERSON,none,No pedestrian in frame
kaist_set04v001_001138,kaist,B+D,thermal,none,images/set04/V001/lwir/I01138.jpg,set04v001,none,1138,none,none,exclude,E-NO-PERSON,none,No pedestrian in frame
kaist_set04v001_001139,kaist,B+D,thermal,none,cleaned/thermal_with_people/I01139.jpg,set04v001,none,1139,person,person,keep,none,none,none
kaist_set04v001_001140,kaist,B+D,thermal,none,cleaned/thermal_with_people/I01140.jpg,set04v001,none,1140,person,person,keep,none,none,none
kaist_set04v001_001141,kaist,B+D,thermal,none,cleaned/thermal_with_people/I01141.jpg,set04v001,none,1141,person,person,keep,none,none,none
kaist_set04v001_001142,kaist,B+D,thermal,none,cleaned/thermal_with_people/I01142.jpg,set04v001,none,1142,person,person,keep,none,none,none
kaist_set04v001_001143,kaist,B+D,thermal,none,cleaned/thermal_with_people/I01143.jpg,set04v001,none,1143,person,person,keep,none,none,none
kaist_set04v001_001144,kaist,B+D,thermal,none,cleaned/thermal_with_people/I01144.jpg,set04v001,none,1144,person,person,keep,none,none,none
kaist_set04v001_001145,kaist,B+D,thermal,none,cleaned/thermal_with_people/I01145.jpg,set04v001,none,1145,person,person,keep,none,none,none
kaist_set04v001_001146,kaist,B+D,thermal,none,cleaned/thermal_with_people/I01146.jpg,set04v001,none,1146,person,person,keep,none,none,none
kaist_set04v001_001147,kaist,B+D,thermal,none,cleaned/thermal_with_people/I01147.jpg,set04v001,none,1147,person,person,keep,none,none,none
kaist_set04v001_001148,kaist,B+D,thermal,none,cleaned/thermal_with_people/I01148.jpg,set04v001,none,1148,person,person,keep,none,none,none
kaist_set04v001_001149,kaist,B+D,thermal,none,cleaned/thermal_with_people/I01149.jpg,set04v001,none,1149,person,person,keep,none,none,none
kaist_set04v001_001150,kaist,B+D,thermal,none,cleaned/thermal_with_people/I01150.jpg,set04v001,none,1150,person,person,keep,none,none,none
kaist_set04v001_001151,kaist,B+D,thermal,none,cleaned/thermal_with_people/I01151.jpg,set04v001,none,1151,person,person,keep,none,none,none
kaist_set04v001_001152,kaist,B+D,thermal,none,cleaned/thermal_with_people/I01152.jpg,set04v001,none,1152,person,person,keep,none,none,none
kaist_set04v001_001153,kaist,B+D,thermal,none,cleaned/thermal_with_people/I01153.jpg,set04v001,none,1153,person,person,keep,none,none,none
kaist_set04v001_001154,kaist,B+D,thermal,none,cleaned/thermal_with_people/I01154.jpg,set04v001,none,1154,person,person,keep,none,none,none
kaist_set04v001_001155,kaist,B+D,thermal,none,cleaned/thermal_with_people/I01155.jpg,set04v001,none,1155,person,person,keep,none,none,none
kaist_set04v001_001156,kaist,B+D,thermal,none,cleaned/thermal_with_people/I01156.jpg,set04v001,none,1156,person,person,keep,none,none,none
kaist_set04v001_001157,kaist,B+D,thermal,none,cleaned/thermal_with_people/I01157.jpg,set04v001,none,1157,person,person,keep,none,none,none
kaist_set04v001_001158,kaist,B+D,thermal,none,cleaned/thermal_with_people/I01158.jpg,set04v001,none,1158,person,person,keep,none,none,none
kaist_set04v001_001159,kaist,B+D,thermal,none,cleaned/thermal_with_people/I01159.jpg,set04v001,none,1159,person,person,keep,none,none,none
kaist_set04v001_001160,kaist,B+D,thermal,none,cleaned/thermal_with_people/I01160.jpg,set04v001,none,1160,person,person,keep,none,none,none
kaist_set04v001_001161,kaist,B+D,thermal,none,cleaned/thermal_with_people/I01161.jpg,set04v001,none,1161,person,person,keep,none,none,none
kaist_set04v001_001162,kaist,B+D,thermal,none,cleaned/thermal_with_people/I01162.jpg,set04v001,none,1162,person,person,keep,none,none,none
kaist_set04v001_001163,kaist,B+D,thermal,none,cleaned/thermal_with_people/I01163.jpg,set04v001,none,1163,person,person,keep,none,none,none
kaist_set04v001_001164,kaist,B+D,thermal,none,cleaned/thermal_with_people/I01164.jpg,set04v001,none,1164,person,person,keep,none,none,none
kaist_set04v001_001165,kaist,B+D,thermal,none,cleaned/thermal_with_people/I01165.jpg,set04v001,none,1165,person,person,keep,none,none,none
kaist_set04v001_001166,kaist,B+D,thermal,none,cleaned/thermal_with_people/I01166.jpg,set04v001,none,1166,person,person,keep,none,none,none
kaist_set04v001_001167,kaist,B+D,thermal,none,cleaned/thermal_with_people/I01167.jpg,set04v001,none,1167,person,person,keep,none,none,none
kaist_set04v001_001168,kaist,B+D,thermal,none,cleaned/thermal_with_people/I01168.jpg,set04v001,none,1168,person,person,keep,none,none,none
kaist_set04v001_001169,kaist,B+D,thermal,none,cleaned/thermal_with_people/I01169.jpg,set04v001,none,1169,person,person,keep,none,none,none
kaist_set04v001_001170,kaist,B+D,thermal,none,cleaned/thermal_with_people/I01170.jpg,set04v001,none,1170,person,person,keep,none,none,none
kaist_set04v001_001171,kaist,B+D,thermal,none,cleaned/thermal_with_people/I01171.jpg,set04v001,none,1171,person,person,keep,none,none,none
kaist_set04v001_001172,kaist,B+D,thermal,none,cleaned/thermal_with_people/I01172.jpg,set04v001,none,1172,person,person,keep,none,none,none
kaist_set04v001_001173,kaist,B+D,thermal,none,cleaned/thermal_with_people/I01173.jpg,set04v001,none,1173,person,person,keep,none,none,none
kaist_set04v001_001174,kaist,B+D,thermal,none,cleaned/thermal_with_people/I01174.jpg,set04v001,none,1174,person,person,keep,none,none,none
kaist_set04v001_001175,kaist,B+D,thermal,none,cleaned/thermal_with_people/I01175.jpg,set04v001,none,1175,person,person,keep,none,none,none
kaist_set04v001_001176,kaist,B+D,thermal,none,cleaned/thermal_with_people/I01176.jpg,set04v001,none,1176,person,person,keep,none,none,none
kaist_set04v001_001177,kaist,B+D,thermal,none,cleaned/thermal_with_people/I01177.jpg,set04v001,none,1177,person,person,keep,none,none,none
kaist_set04v001_001178,kaist,B+D,thermal,none,cleaned/thermal_with_people/I01178.jpg,set04v001,none,1178,person,person,keep,none,none,none
kaist_set04v001_001179,kaist,B+D,thermal,none,cleaned/thermal_with_people/I01179.jpg,set04v001,none,1179,person,person,keep,none,none,none
kaist_set04v001_001180,kaist,B+D,thermal,none,cleaned/thermal_with_people/I01180.jpg,set04v001,none,1180,person,person,keep,none,none,none
kaist_set04v001_001181,kaist,B+D,thermal,none,cleaned/thermal_with_people/I01181.jpg,set04v001,none,1181,person,person,keep,none,none,none
kaist_set04v001_001182,kaist,B+D,thermal,none,cleaned/thermal_with_people/I01182.jpg,set04v001,none,1182,person,person,keep,none,none,none
kaist_set04v001_001183,kaist,B+D,thermal,none,cleaned/thermal_with_people/I01183.jpg,set04v001,none,1183,person,person,keep,none,none,none
kaist_set04v001_001184,kaist,B+D,thermal,none,cleaned/thermal_with_people/I01184.jpg,set04v001,none,1184,person,person,keep,none,none,none
kaist_set04v001_001185,kaist,B+D,thermal,none,cleaned/thermal_with_people/I01185.jpg,set04v001,none,1185,person,person,keep,none,none,none
kaist_set04v001_001186,kaist,B+D,thermal,none,cleaned/thermal_with_people/I01186.jpg,set04v001,none,1186,person,person,keep,none,none,none
kaist_set04v001_001187,kaist,B+D,thermal,none,cleaned/thermal_with_people/I01187.jpg,set04v001,none,1187,person,person,keep,none,none,none
kaist_set04v001_001188,kaist,B+D,thermal,none,cleaned/thermal_with_people/I01188.jpg,set04v001,none,1188,person,person,keep,none,none,none
kaist_set04v001_001189,kaist,B+D,thermal,none,cleaned/thermal_with_people/I01189.jpg,set04v001,none,1189,person,person,keep,none,none,none
kaist_set04v001_001190,kaist,B+D,thermal,none,cleaned/thermal_with_people/I01190.jpg,set04v001,none,1190,person,person,keep,none,none,none
kaist_set04v001_001191,kaist,B+D,thermal,none,cleaned/thermal_with_people/I01191.jpg,set04v001,none,1191,person,person,keep,none,none,none
kaist_set04v001_001192,kaist,B+D,thermal,none,cleaned/thermal_with_people/I01192.jpg,set04v001,none,1192,person,person,keep,none,none,none
kaist_set04v001_001193,kaist,B+D,thermal,none,cleaned/thermal_with_people/I01193.jpg,set04v001,none,1193,person,person,keep,none,none,none
kaist_set04v001_001194,kaist,B+D,thermal,none,cleaned/thermal_with_people/I01194.jpg,set04v001,none,1194,person,person,keep,none,none,none
kaist_set04v001_001195,kaist,B+D,thermal,none,cleaned/thermal_with_people/I01195.jpg,set04v001,none,1195,person,person,keep,none,none,none
kaist_set04v001_001196,kaist,B+D,thermal,none,cleaned/thermal_with_people/I01196.jpg,set04v001,none,1196,person,person,keep,none,none,none
kaist_set04v001_001197,kaist,B+D,thermal,none,cleaned/thermal_with_people/I01197.jpg,set04v001,none,1197,person,person,keep,none,none,none
kaist_set04v001_001198,kaist,B+D,thermal,none,cleaned/thermal_with_people/I01198.jpg,set04v001,none,1198,person,person,keep,none,none,none
kaist_set04v001_001199,kaist,B+D,thermal,none,cleaned/thermal_with_people/I01199.jpg,set04v001,none,1199,person,person,keep,none,none,none
kaist_set04v001_001200,kaist,B+D,thermal,none,cleaned/thermal_with_people/I01200.jpg,set04v001,none,1200,person,person,keep,none,none,none
kaist_set04v001_001201,kaist,B+D,thermal,none,cleaned/thermal_with_people/I01201.jpg,set04v001,none,1201,person,person,keep,none,none,none
kaist_set04v001_001202,kaist,B+D,thermal,none,cleaned/thermal_with_people/I01202.jpg,set04v001,none,1202,person,person,keep,none,none,none
kaist_set04v001_001203,kaist,B+D,thermal,none,cleaned/thermal_with_people/I01203.jpg,set04v001,none,1203,person,person,keep,none,none,none
kaist_set04v001_001204,kaist,B+D,thermal,none,cleaned/thermal_with_people/I01204.jpg,set04v001,none,1204,person,person,keep,none,none,none
kaist_set04v001_001205,kaist,B+D,thermal,none,cleaned/thermal_with_people/I01205.jpg,set04v001,none,1205,person,person,keep,none,none,none
kaist_set04v001_001206,kaist,B+D,thermal,none,cleaned/thermal_with_people/I01206.jpg,set04v001,none,1206,person,person,keep,none,none,none
kaist_set04v001_001207,kaist,B+D,thermal,none,cleaned/thermal_with_people/I01207.jpg,set04v001,none,1207,person,person,keep,none,none,none
kaist_set04v001_001208,kaist,B+D,thermal,none,cleaned/thermal_with_people/I01208.jpg,set04v001,none,1208,person,person,keep,none,none,none
kaist_set04v001_001209,kaist,B+D,thermal,none,cleaned/thermal_with_people/I01209.jpg,set04v001,none,1209,person,person,keep,none,none,none
kaist_set04v001_001210,kaist,B+D,thermal,none,cleaned/thermal_with_people/I01210.jpg,set04v001,none,1210,person,person,keep,none,none,none
kaist_set04v001_001211,kaist,B+D,thermal,none,cleaned/thermal_with_people/I01211.jpg,set04v001,none,1211,person,person,keep,none,none,none
kaist_set04v001_001212,kaist,B+D,thermal,none,cleaned/thermal_with_people/I01212.jpg,set04v001,none,1212,person,person,keep,none,none,none
kaist_set04v001_001213,kaist,B+D,thermal,none,cleaned/thermal_with_people/I01213.jpg,set04v001,none,1213,person,person,keep,none,none,none
kaist_set04v001_001214,kaist,B+D,thermal,none,cleaned/thermal_with_people/I01214.jpg,set04v001,none,1214,person,person,keep,none,none,none
kaist_set04v001_001215,kaist,B+D,thermal,none,cleaned/thermal_with_people/I01215.jpg,set04v001,none,1215,person,person,keep,none,none,none
kaist_set04v001_001216,kaist,B+D,thermal,none,cleaned/thermal_with_people/I01216.jpg,set04v001,none,1216,person,person,keep,none,none,none
kaist_set04v001_001217,kaist,B+D,thermal,none,cleaned/thermal_with_people/I01217.jpg,set04v001,none,1217,person,person,keep,none,none,none
kaist_set04v001_001218,kaist,B+D,thermal,none,cleaned/thermal_with_people/I01218.jpg,set04v001,none,1218,person,person,keep,none,none,none
kaist_set04v001_001219,kaist,B+D,thermal,none,cleaned/thermal_with_people/I01219.jpg,set04v001,none,1219,person,person,keep,none,none,none
kaist_set04v001_001220,kaist,B+D,thermal,none,cleaned/thermal_with_people/I01220.jpg,set04v001,none,1220,person,person,keep,none,none,none
kaist_set04v001_001221,kaist,B+D,thermal,none,cleaned/thermal_with_people/I01221.jpg,set04v001,none,1221,person,person,keep,none,none,none
kaist_set04v001_001222,kaist,B+D,thermal,none,cleaned/thermal_with_people/I01222.jpg,set04v001,none,1222,person,person,keep,none,none,none
kaist_set04v001_001223,kaist,B+D,thermal,none,cleaned/thermal_with_people/I01223.jpg,set04v001,none,1223,person,person,keep,none,none,none
kaist_set04v001_001224,kaist,B+D,thermal,none,cleaned/thermal_with_people/I01224.jpg,set04v001,none,1224,person,person,keep,none,none,none
kaist_set04v001_001225,kaist,B+D,thermal,none,cleaned/thermal_with_people/I01225.jpg,set04v001,none,1225,person,person,keep,none,none,none
kaist_set04v001_001226,kaist,B+D,thermal,none,cleaned/thermal_with_people/I01226.jpg,set04v001,none,1226,person,person,keep,none,none,none
kaist_set04v001_001227,kaist,B+D,thermal,none,cleaned/thermal_with_people/I01227.jpg,set04v001,none,1227,person,person,keep,none,none,none
kaist_set04v001_001228,kaist,B+D,thermal,none,cleaned/thermal_with_people/I01228.jpg,set04v001,none,1228,person,person,keep,none,none,none
kaist_set04v001_001229,kaist,B+D,thermal,none,cleaned/thermal_with_people/I01229.jpg,set04v001,none,1229,person,person,keep,none,none,none
kaist_set04v001_001230,kaist,B+D,thermal,none,cleaned/thermal_with_people/I01230.jpg,set04v001,none,1230,person,person,keep,none,none,none
kaist_set04v001_001231,kaist,B+D,thermal,none,cleaned/thermal_with_people/I01231.jpg,set04v001,none,1231,person,person,keep,none,none,none
kaist_set04v001_001232,kaist,B+D,thermal,none,cleaned/thermal_with_people/I01232.jpg,set04v001,none,1232,person,person,keep,none,none,none
kaist_set04v001_001233,kaist,B+D,thermal,none,cleaned/thermal_with_people/I01233.jpg,set04v001,none,1233,person,person,keep,none,none,none
kaist_set04v001_001234,kaist,B+D,thermal,none,cleaned/thermal_with_people/I01234.jpg,set04v001,none,1234,person,person,keep,none,none,none
kaist_set04v001_001235,kaist,B+D,thermal,none,cleaned/thermal_with_people/I01235.jpg,set04v001,none,1235,person,person,keep,none,none,none
kaist_set04v001_001236,kaist,B+D,thermal,none,cleaned/thermal_with_people/I01236.jpg,set04v001,none,1236,person,person,keep,none,none,none
kaist_set04v001_001237,kaist,B+D,thermal,none,cleaned/thermal_with_people/I01237.jpg,set04v001,none,1237,person,person,keep,none,none,none
kaist_set04v001_001238,kaist,B+D,thermal,none,cleaned/thermal_with_people/I01238.jpg,set04v001,none,1238,person,person,keep,none,none,none
kaist_set04v001_001239,kaist,B+D,thermal,none,cleaned/thermal_with_people/I01239.jpg,set04v001,none,1239,person,person,keep,none,none,none
kaist_set04v001_001240,kaist,B+D,thermal,none,cleaned/thermal_with_people/I01240.jpg,set04v001,none,1240,person,person,keep,none,none,none
kaist_set04v001_001241,kaist,B+D,thermal,none,cleaned/thermal_with_people/I01241.jpg,set04v001,none,1241,person,person,keep,none,none,none
kaist_set04v001_001242,kaist,B+D,thermal,none,cleaned/thermal_with_people/I01242.jpg,set04v001,none,1242,person,person,keep,none,none,none
kaist_set04v001_001243,kaist,B+D,thermal,none,cleaned/thermal_with_people/I01243.jpg,set04v001,none,1243,person,person,keep,none,none,none
kaist_set04v001_001244,kaist,B+D,thermal,none,cleaned/thermal_with_people/I01244.jpg,set04v001,none,1244,person,person,keep,none,none,none
kaist_set04v001_001245,kaist,B+D,thermal,none,cleaned/thermal_with_people/I01245.jpg,set04v001,none,1245,person,person,keep,none,none,none
kaist_set04v001_001246,kaist,B+D,thermal,none,cleaned/thermal_with_people/I01246.jpg,set04v001,none,1246,person,person,keep,none,none,none
kaist_set04v001_001247,kaist,B+D,thermal,none,cleaned/thermal_with_people/I01247.jpg,set04v001,none,1247,person,person,keep,none,none,none
kaist_set04v001_001248,kaist,B+D,thermal,none,cleaned/thermal_with_people/I01248.jpg,set04v001,none,1248,person,person,keep,none,none,none
kaist_set04v001_001249,kaist,B+D,thermal,none,cleaned/thermal_with_people/I01249.jpg,set04v001,none,1249,person,person,keep,none,none,none
kaist_set04v001_001250,kaist,B+D,thermal,none,cleaned/thermal_with_people/I01250.jpg,set04v001,none,1250,person,person,keep,none,none,none
kaist_set04v001_001251,kaist,B+D,thermal,none,cleaned/thermal_with_people/I01251.jpg,set04v001,none,1251,person,person,keep,none,none,none
kaist_set04v001_001252,kaist,B+D,thermal,none,cleaned/thermal_with_people/I01252.jpg,set04v001,none,1252,person,person,keep,none,none,none
kaist_set04v001_001253,kaist,B+D,thermal,none,cleaned/thermal_with_people/I01253.jpg,set04v001,none,1253,person,person,keep,none,none,none
kaist_set04v001_001254,kaist,B+D,thermal,none,cleaned/thermal_with_people/I01254.jpg,set04v001,none,1254,person,person,keep,none,none,none
kaist_set04v001_001255,kaist,B+D,thermal,none,cleaned/thermal_with_people/I01255.jpg,set04v001,none,1255,person,person,keep,none,none,none
kaist_set04v001_001256,kaist,B+D,thermal,none,cleaned/thermal_with_people/I01256.jpg,set04v001,none,1256,person,person,keep,none,none,none
kaist_set04v001_001257,kaist,B+D,thermal,none,cleaned/thermal_with_people/I01257.jpg,set04v001,none,1257,person,person,keep,none,none,none
kaist_set04v001_001258,kaist,B+D,thermal,none,cleaned/thermal_with_people/I01258.jpg,set04v001,none,1258,person,person,keep,none,none,none
kaist_set04v001_001259,kaist,B+D,thermal,none,cleaned/thermal_with_people/I01259.jpg,set04v001,none,1259,person,person,keep,none,none,none
kaist_set04v001_001260,kaist,B+D,thermal,none,cleaned/thermal_with_people/I01260.jpg,set04v001,none,1260,person,person,keep,none,none,none
kaist_set04v001_001261,kaist,B+D,thermal,none,cleaned/thermal_with_people/I01261.jpg,set04v001,none,1261,person,person,keep,none,none,none
kaist_set04v001_001262,kaist,B+D,thermal,none,cleaned/thermal_with_people/I01262.jpg,set04v001,none,1262,person,person,keep,none,none,none
kaist_set04v001_001263,kaist,B+D,thermal,none,cleaned/thermal_with_people/I01263.jpg,set04v001,none,1263,person,person,keep,none,none,none
kaist_set04v001_001264,kaist,B+D,thermal,none,cleaned/thermal_with_people/I01264.jpg,set04v001,none,1264,person,person,keep,none,none,none
kaist_set04v001_001265,kaist,B+D,thermal,none,cleaned/thermal_with_people/I01265.jpg,set04v001,none,1265,person,person,keep,none,none,none
kaist_set04v001_001266,kaist,B+D,thermal,none,cleaned/thermal_with_people/I01266.jpg,set04v001,none,1266,person,person,keep,none,none,none
kaist_set04v001_001267,kaist,B+D,thermal,none,cleaned/thermal_with_people/I01267.jpg,set04v001,none,1267,person,person,keep,none,none,none
kaist_set04v001_001268,kaist,B+D,thermal,none,cleaned/thermal_with_people/I01268.jpg,set04v001,none,1268,person,person,keep,none,none,none
kaist_set04v001_001269,kaist,B+D,thermal,none,cleaned/thermal_with_people/I01269.jpg,set04v001,none,1269,person,person,keep,none,none,none
kaist_set04v001_001270,kaist,B+D,thermal,none,cleaned/thermal_with_people/I01270.jpg,set04v001,none,1270,person,person,keep,none,none,none
kaist_set04v001_001271,kaist,B+D,thermal,none,cleaned/thermal_with_people/I01271.jpg,set04v001,none,1271,person,person,keep,none,none,none
kaist_set04v001_001272,kaist,B+D,thermal,none,cleaned/thermal_with_people/I01272.jpg,set04v001,none,1272,person,person,keep,none,none,none
kaist_set04v001_001273,kaist,B+D,thermal,none,cleaned/thermal_with_people/I01273.jpg,set04v001,none,1273,person,person,keep,none,none,none
kaist_set04v001_001274,kaist,B+D,thermal,none,cleaned/thermal_with_people/I01274.jpg,set04v001,none,1274,person,person,keep,none,none,none
kaist_set04v001_001275,kaist,B+D,thermal,none,cleaned/thermal_with_people/I01275.jpg,set04v001,none,1275,person,person,keep,none,none,none
kaist_set04v001_001276,kaist,B+D,thermal,none,cleaned/thermal_with_people/I01276.jpg,set04v001,none,1276,person,person,keep,none,none,none
kaist_set04v001_001277,kaist,B+D,thermal,none,cleaned/thermal_with_people/I01277.jpg,set04v001,none,1277,person,person,keep,none,none,none
kaist_set04v001_001278,kaist,B+D,thermal,none,cleaned/thermal_with_people/I01278.jpg,set04v001,none,1278,person,person,keep,none,none,none
kaist_set04v001_001279,kaist,B+D,thermal,none,cleaned/thermal_with_people/I01279.jpg,set04v001,none,1279,person,person,keep,none,none,none
kaist_set04v001_001280,kaist,B+D,thermal,none,cleaned/thermal_with_people/I01280.jpg,set04v001,none,1280,person,person,keep,none,none,none
kaist_set04v001_001281,kaist,B+D,thermal,none,cleaned/thermal_with_people/I01281.jpg,set04v001,none,1281,person,person,keep,none,none,none
kaist_set04v001_001282,kaist,B+D,thermal,none,cleaned/thermal_with_people/I01282.jpg,set04v001,none,1282,person,person,keep,none,none,none
kaist_set04v001_001283,kaist,B+D,thermal,none,cleaned/thermal_with_people/I01283.jpg,set04v001,none,1283,person,person,keep,none,none,none
kaist_set04v001_001284,kaist,B+D,thermal,none,cleaned/thermal_with_people/I01284.jpg,set04v001,none,1284,person,person,keep,none,none,none
kaist_set04v001_001285,kaist,B+D,thermal,none,cleaned/thermal_with_people/I01285.jpg,set04v001,none,1285,person,person,keep,none,none,none
kaist_set04v001_001286,kaist,B+D,thermal,none,cleaned/thermal_with_people/I01286.jpg,set04v001,none,1286,person,person,keep,none,none,none
kaist_set04v001_001287,kaist,B+D,thermal,none,cleaned/thermal_with_people/I01287.jpg,set04v001,none,1287,person,person,keep,none,none,none
kaist_set04v001_001288,kaist,B+D,thermal,none,cleaned/thermal_with_people/I01288.jpg,set04v001,none,1288,person,person,keep,none,none,none
kaist_set04v001_001289,kaist,B+D,thermal,none,cleaned/thermal_with_people/I01289.jpg,set04v001,none,1289,person,person,keep,none,none,none
kaist_set04v001_001290,kaist,B+D,thermal,none,cleaned/thermal_with_people/I01290.jpg,set04v001,none,1290,person,person,keep,none,none,none
kaist_set04v001_001291,kaist,B+D,thermal,none,cleaned/thermal_with_people/I01291.jpg,set04v001,none,1291,person,person,keep,none,none,none
kaist_set04v001_001292,kaist,B+D,thermal,none,cleaned/thermal_with_people/I01292.jpg,set04v001,none,1292,person,person,keep,none,none,none
kaist_set04v001_001293,kaist,B+D,thermal,none,cleaned/thermal_with_people/I01293.jpg,set04v001,none,1293,person,person,keep,none,none,none
kaist_set04v001_001294,kaist,B+D,thermal,none,cleaned/thermal_with_people/I01294.jpg,set04v001,none,1294,person,person,keep,none,none,none
kaist_set04v001_001295,kaist,B+D,thermal,none,cleaned/thermal_with_people/I01295.jpg,set04v001,none,1295,person,person,keep,none,none,none
kaist_set04v001_001296,kaist,B+D,thermal,none,cleaned/thermal_with_people/I01296.jpg,set04v001,none,1296,person,person,keep,none,none,none
kaist_set04v001_001297,kaist,B+D,thermal,none,cleaned/thermal_with_people/I01297.jpg,set04v001,none,1297,person,person,keep,none,none,none
kaist_set04v001_001298,kaist,B+D,thermal,none,cleaned/thermal_with_people/I01298.jpg,set04v001,none,1298,person,person,keep,none,none,none
kaist_set04v001_001299,kaist,B+D,thermal,none,cleaned/thermal_with_people/I01299.jpg,set04v001,none,1299,person,person,keep,none,none,none
kaist_set04v001_001300,kaist,B+D,thermal,none,cleaned/thermal_with_people/I01300.jpg,set04v001,none,1300,person,person,keep,none,none,none
kaist_set04v001_001301,kaist,B+D,thermal,none,cleaned/thermal_with_people/I01301.jpg,set04v001,none,1301,person,person,keep,none,none,none
kaist_set04v001_001302,kaist,B+D,thermal,none,cleaned/thermal_with_people/I01302.jpg,set04v001,none,1302,person,person,keep,none,none,none
kaist_set04v001_001303,kaist,B+D,thermal,none,cleaned/thermal_with_people/I01303.jpg,set04v001,none,1303,person,person,keep,none,none,none
kaist_set04v001_001304,kaist,B+D,thermal,none,cleaned/thermal_with_people/I01304.jpg,set04v001,none,1304,person,person,keep,none,none,none
kaist_set04v001_001305,kaist,B+D,thermal,none,cleaned/thermal_with_people/I01305.jpg,set04v001,none,1305,person,person,keep,none,none,none
kaist_set04v001_001306,kaist,B+D,thermal,none,cleaned/thermal_with_people/I01306.jpg,set04v001,none,1306,person,person,keep,none,none,none
kaist_set04v001_001307,kaist,B+D,thermal,none,cleaned/thermal_with_people/I01307.jpg,set04v001,none,1307,person,person,keep,none,none,none
kaist_set04v001_001308,kaist,B+D,thermal,none,cleaned/thermal_with_people/I01308.jpg,set04v001,none,1308,person,person,keep,none,none,none
kaist_set04v001_001309,kaist,B+D,thermal,none,cleaned/thermal_with_people/I01309.jpg,set04v001,none,1309,person,person,keep,none,none,none
kaist_set04v001_001310,kaist,B+D,thermal,none,cleaned/thermal_with_people/I01310.jpg,set04v001,none,1310,person,person,keep,none,none,none
kaist_set04v001_001311,kaist,B+D,thermal,none,cleaned/thermal_with_people/I01311.jpg,set04v001,none,1311,person,person,keep,none,none,none
kaist_set04v001_001312,kaist,B+D,thermal,none,cleaned/thermal_with_people/I01312.jpg,set04v001,none,1312,person,person,keep,none,none,none
kaist_set04v001_001313,kaist,B+D,thermal,none,cleaned/thermal_with_people/I01313.jpg,set04v001,none,1313,person,person,keep,none,none,none
kaist_set04v001_001314,kaist,B+D,thermal,none,cleaned/thermal_with_people/I01314.jpg,set04v001,none,1314,person,person,keep,none,none,none
kaist_set04v001_001315,kaist,B+D,thermal,none,cleaned/thermal_with_people/I01315.jpg,set04v001,none,1315,person,person,keep,none,none,none
kaist_set04v001_001316,kaist,B+D,thermal,none,cleaned/thermal_with_people/I01316.jpg,set04v001,none,1316,person,person,keep,none,none,none
kaist_set04v001_001317,kaist,B+D,thermal,none,cleaned/thermal_with_people/I01317.jpg,set04v001,none,1317,person,person,keep,none,none,none
kaist_set04v001_001318,kaist,B+D,thermal,none,cleaned/thermal_with_people/I01318.jpg,set04v001,none,1318,person,person,keep,none,none,none
kaist_set04v001_001319,kaist,B+D,thermal,none,cleaned/thermal_with_people/I01319.jpg,set04v001,none,1319,person,person,keep,none,none,none
kaist_set04v001_001320,kaist,B+D,thermal,none,cleaned/thermal_with_people/I01320.jpg,set04v001,none,1320,person,person,keep,none,none,none
kaist_set04v001_001321,kaist,B+D,thermal,none,cleaned/thermal_with_people/I01321.jpg,set04v001,none,1321,person,person,keep,none,none,none
kaist_set04v001_001322,kaist,B+D,thermal,none,cleaned/thermal_with_people/I01322.jpg,set04v001,none,1322,person,person,keep,none,none,none
kaist_set04v001_001323,kaist,B+D,thermal,none,cleaned/thermal_with_people/I01323.jpg,set04v001,none,1323,person,person,keep,none,none,none
kaist_set04v001_001324,kaist,B+D,thermal,none,cleaned/thermal_with_people/I01324.jpg,set04v001,none,1324,person,person,keep,none,none,none
kaist_set04v001_001325,kaist,B+D,thermal,none,cleaned/thermal_with_people/I01325.jpg,set04v001,none,1325,person,person,keep,none,none,none
kaist_set04v001_001326,kaist,B+D,thermal,none,cleaned/thermal_with_people/I01326.jpg,set04v001,none,1326,person,person,keep,none,none,none
kaist_set04v001_001327,kaist,B+D,thermal,none,cleaned/thermal_with_people/I01327.jpg,set04v001,none,1327,person,person,keep,none,none,none
kaist_set04v001_001328,kaist,B+D,thermal,none,cleaned/thermal_with_people/I01328.jpg,set04v001,none,1328,person,person,keep,none,none,none
kaist_set04v001_001329,kaist,B+D,thermal,none,cleaned/thermal_with_people/I01329.jpg,set04v001,none,1329,person,person,keep,none,none,none
kaist_set04v001_001330,kaist,B+D,thermal,none,cleaned/thermal_with_people/I01330.jpg,set04v001,none,1330,person,person,keep,none,none,none
kaist_set04v001_001331,kaist,B+D,thermal,none,cleaned/thermal_with_people/I01331.jpg,set04v001,none,1331,person,person,keep,none,none,none
kaist_set04v001_001332,kaist,B+D,thermal,none,cleaned/thermal_with_people/I01332.jpg,set04v001,none,1332,person,person,keep,none,none,none
kaist_set04v001_001333,kaist,B+D,thermal,none,cleaned/thermal_with_people/I01333.jpg,set04v001,none,1333,person,person,keep,none,none,none
kaist_set04v001_001334,kaist,B+D,thermal,none,cleaned/thermal_with_people/I01334.jpg,set04v001,none,1334,person,person,keep,none,none,none
kaist_set04v001_001335,kaist,B+D,thermal,none,cleaned/thermal_with_people/I01335.jpg,set04v001,none,1335,person,person,keep,none,none,none
kaist_set04v001_001336,kaist,B+D,thermal,none,cleaned/thermal_with_people/I01336.jpg,set04v001,none,1336,person,person,keep,none,none,none
kaist_set04v001_001337,kaist,B+D,thermal,none,cleaned/thermal_with_people/I01337.jpg,set04v001,none,1337,person,person,keep,none,none,none
kaist_set04v001_001338,kaist,B+D,thermal,none,cleaned/thermal_with_people/I01338.jpg,set04v001,none,1338,person,person,keep,none,none,none
kaist_set04v001_001339,kaist,B+D,thermal,none,cleaned/thermal_with_people/I01339.jpg,set04v001,none,1339,person,person,keep,none,none,none
kaist_set04v001_001340,kaist,B+D,thermal,none,cleaned/thermal_with_people/I01340.jpg,set04v001,none,1340,person,person,keep,none,none,none
kaist_set04v001_001341,kaist,B+D,thermal,none,cleaned/thermal_with_people/I01341.jpg,set04v001,none,1341,person,person,keep,none,none,none
kaist_set04v001_001342,kaist,B+D,thermal,none,cleaned/thermal_with_people/I01342.jpg,set04v001,none,1342,person,person,keep,none,none,none
kaist_set04v001_001343,kaist,B+D,thermal,none,cleaned/thermal_with_people/I01343.jpg,set04v001,none,1343,person,person,keep,none,none,none
kaist_set04v001_001344,kaist,B+D,thermal,none,cleaned/thermal_with_people/I01344.jpg,set04v001,none,1344,person,person,keep,none,none,none
kaist_set04v001_001345,kaist,B+D,thermal,none,cleaned/thermal_with_people/I01345.jpg,set04v001,none,1345,person,person,keep,none,none,none
kaist_set04v001_001346,kaist,B+D,thermal,none,cleaned/thermal_with_people/I01346.jpg,set04v001,none,1346,person,person,keep,none,none,none
kaist_set04v001_001347,kaist,B+D,thermal,none,cleaned/thermal_with_people/I01347.jpg,set04v001,none,1347,person,person,keep,none,none,none
kaist_set04v001_001348,kaist,B+D,thermal,none,cleaned/thermal_with_people/I01348.jpg,set04v001,none,1348,person,person,keep,none,none,none
kaist_set04v001_001349,kaist,B+D,thermal,none,cleaned/thermal_with_people/I01349.jpg,set04v001,none,1349,person,person,keep,none,none,none
kaist_set04v001_001350,kaist,B+D,thermal,none,cleaned/thermal_with_people/I01350.jpg,set04v001,none,1350,person,person,keep,none,none,none
kaist_set04v001_001351,kaist,B+D,thermal,none,cleaned/thermal_with_people/I01351.jpg,set04v001,none,1351,person,person,keep,none,none,none
kaist_set04v001_001352,kaist,B+D,thermal,none,cleaned/thermal_with_people/I01352.jpg,set04v001,none,1352,person,person,keep,none,none,none
kaist_set04v001_001353,kaist,B+D,thermal,none,cleaned/thermal_with_people/I01353.jpg,set04v001,none,1353,person,person,keep,none,none,none
kaist_set04v001_001354,kaist,B+D,thermal,none,cleaned/thermal_with_people/I01354.jpg,set04v001,none,1354,person,person,keep,none,none,none
kaist_set04v001_001355,kaist,B+D,thermal,none,cleaned/thermal_with_people/I01355.jpg,set04v001,none,1355,person,person,keep,none,none,none
kaist_set04v001_001356,kaist,B+D,thermal,none,cleaned/thermal_with_people/I01356.jpg,set04v001,none,1356,person,person,keep,none,none,none
kaist_set04v001_001357,kaist,B+D,thermal,none,cleaned/thermal_with_people/I01357.jpg,set04v001,none,1357,person,person,keep,none,none,none
kaist_set04v001_001358,kaist,B+D,thermal,none,cleaned/thermal_with_people/I01358.jpg,set04v001,none,1358,person,person,keep,none,none,none
kaist_set04v001_001359,kaist,B+D,thermal,none,cleaned/thermal_with_people/I01359.jpg,set04v001,none,1359,person,person,keep,none,none,none
kaist_set04v001_001360,kaist,B+D,thermal,none,cleaned/thermal_with_people/I01360.jpg,set04v001,none,1360,person,person,keep,none,none,none
kaist_set04v001_001361,kaist,B+D,thermal,none,cleaned/thermal_with_people/I01361.jpg,set04v001,none,1361,person,person,keep,none,none,none
kaist_set04v001_001362,kaist,B+D,thermal,none,cleaned/thermal_with_people/I01362.jpg,set04v001,none,1362,person,person,keep,none,none,none
kaist_set04v001_001363,kaist,B+D,thermal,none,cleaned/thermal_with_people/I01363.jpg,set04v001,none,1363,person,person,keep,none,none,none
kaist_set04v001_001364,kaist,B+D,thermal,none,cleaned/thermal_with_people/I01364.jpg,set04v001,none,1364,person,person,keep,none,none,none
kaist_set04v001_001365,kaist,B+D,thermal,none,cleaned/thermal_with_people/I01365.jpg,set04v001,none,1365,person,person,keep,none,none,none
kaist_set04v001_001366,kaist,B+D,thermal,none,cleaned/thermal_with_people/I01366.jpg,set04v001,none,1366,person,person,keep,none,none,none
kaist_set04v001_001367,kaist,B+D,thermal,none,cleaned/thermal_with_people/I01367.jpg,set04v001,none,1367,person,person,keep,none,none,none
kaist_set04v001_001368,kaist,B+D,thermal,none,cleaned/thermal_with_people/I01368.jpg,set04v001,none,1368,person,person,keep,none,none,none
kaist_set04v001_001369,kaist,B+D,thermal,none,cleaned/thermal_with_people/I01369.jpg,set04v001,none,1369,person,person,keep,none,none,none
kaist_set04v001_001370,kaist,B+D,thermal,none,cleaned/thermal_with_people/I01370.jpg,set04v001,none,1370,person,person,keep,none,none,none
kaist_set04v001_001371,kaist,B+D,thermal,none,cleaned/thermal_with_people/I01371.jpg,set04v001,none,1371,person,person,keep,none,none,none
kaist_set04v001_001372,kaist,B+D,thermal,none,cleaned/thermal_with_people/I01372.jpg,set04v001,none,1372,person,person,keep,none,none,none
kaist_set04v001_001373,kaist,B+D,thermal,none,cleaned/thermal_with_people/I01373.jpg,set04v001,none,1373,person,person,keep,none,none,none
kaist_set04v001_001374,kaist,B+D,thermal,none,cleaned/thermal_with_people/I01374.jpg,set04v001,none,1374,person,person,keep,none,none,none
kaist_set04v001_001375,kaist,B+D,thermal,none,cleaned/thermal_with_people/I01375.jpg,set04v001,none,1375,person,person,keep,none,none,none
kaist_set04v001_001376,kaist,B+D,thermal,none,cleaned/thermal_with_people/I01376.jpg,set04v001,none,1376,person,person,keep,none,none,none
kaist_set04v001_001377,kaist,B+D,thermal,none,cleaned/thermal_with_people/I01377.jpg,set04v001,none,1377,person,person,keep,none,none,none
kaist_set04v001_001378,kaist,B+D,thermal,none,cleaned/thermal_with_people/I01378.jpg,set04v001,none,1378,person,person,keep,none,none,none
kaist_set04v001_001379,kaist,B+D,thermal,none,cleaned/thermal_with_people/I01379.jpg,set04v001,none,1379,person,person,keep,none,none,none
kaist_set04v001_001380,kaist,B+D,thermal,none,cleaned/thermal_with_people/I01380.jpg,set04v001,none,1380,person,person,keep,none,none,none
kaist_set04v001_001381,kaist,B+D,thermal,none,cleaned/thermal_with_people/I01381.jpg,set04v001,none,1381,person,person,keep,none,none,none
kaist_set04v001_001382,kaist,B+D,thermal,none,cleaned/thermal_with_people/I01382.jpg,set04v001,none,1382,person,person,keep,none,none,none
kaist_set04v001_001383,kaist,B+D,thermal,none,cleaned/thermal_with_people/I01383.jpg,set04v001,none,1383,person,person,keep,none,none,none
kaist_set04v001_001384,kaist,B+D,thermal,none,cleaned/thermal_with_people/I01384.jpg,set04v001,none,1384,person,person,keep,none,none,none
kaist_set04v001_001385,kaist,B+D,thermal,none,cleaned/thermal_with_people/I01385.jpg,set04v001,none,1385,person,person,keep,none,none,none
kaist_set04v001_001386,kaist,B+D,thermal,none,cleaned/thermal_with_people/I01386.jpg,set04v001,none,1386,person,person,keep,none,none,none
kaist_set04v001_001387,kaist,B+D,thermal,none,cleaned/thermal_with_people/I01387.jpg,set04v001,none,1387,person,person,keep,none,none,none
kaist_set04v001_001388,kaist,B+D,thermal,none,cleaned/thermal_with_people/I01388.jpg,set04v001,none,1388,person,person,keep,none,none,none
kaist_set04v001_001389,kaist,B+D,thermal,none,cleaned/thermal_with_people/I01389.jpg,set04v001,none,1389,person,person,keep,none,none,none
kaist_set04v001_001390,kaist,B+D,thermal,none,cleaned/thermal_with_people/I01390.jpg,set04v001,none,1390,person,person,keep,none,none,none
kaist_set04v001_001391,kaist,B+D,thermal,none,cleaned/thermal_with_people/I01391.jpg,set04v001,none,1391,person,person,keep,none,none,none
kaist_set04v001_001392,kaist,B+D,thermal,none,cleaned/thermal_with_people/I01392.jpg,set04v001,none,1392,person,person,keep,none,none,none
kaist_set04v001_001393,kaist,B+D,thermal,none,cleaned/thermal_with_people/I01393.jpg,set04v001,none,1393,person,person,keep,none,none,none
kaist_set04v001_001394,kaist,B+D,thermal,none,cleaned/thermal_with_people/I01394.jpg,set04v001,none,1394,person,person,keep,none,none,none
kaist_set04v001_001395,kaist,B+D,thermal,none,cleaned/thermal_with_people/I01395.jpg,set04v001,none,1395,person,person,keep,none,none,none
kaist_set04v001_001396,kaist,B+D,thermal,none,cleaned/thermal_with_people/I01396.jpg,set04v001,none,1396,person,person,keep,none,none,none
kaist_set04v001_001397,kaist,B+D,thermal,none,cleaned/thermal_with_people/I01397.jpg,set04v001,none,1397,person,person,keep,none,none,none
kaist_set04v001_001398,kaist,B+D,thermal,none,cleaned/thermal_with_people/I01398.jpg,set04v001,none,1398,person,person,keep,none,none,none
kaist_set04v001_001399,kaist,B+D,thermal,none,cleaned/thermal_with_people/I01399.jpg,set04v001,none,1399,person,person,keep,none,none,none
kaist_set04v001_001400,kaist,B+D,thermal,none,cleaned/thermal_with_people/I01400.jpg,set04v001,none,1400,person,person,keep,none,none,none
kaist_set04v001_001401,kaist,B+D,thermal,none,cleaned/thermal_with_people/I01401.jpg,set04v001,none,1401,person,person,keep,none,none,none
kaist_set04v001_001402,kaist,B+D,thermal,none,cleaned/thermal_with_people/I01402.jpg,set04v001,none,1402,person,person,keep,none,none,none
kaist_set04v001_001403,kaist,B+D,thermal,none,cleaned/thermal_with_people/I01403.jpg,set04v001,none,1403,person,person,keep,none,none,none
kaist_set04v001_001404,kaist,B+D,thermal,none,cleaned/thermal_with_people/I01404.jpg,set04v001,none,1404,person,person,keep,none,none,none
kaist_set04v001_001405,kaist,B+D,thermal,none,cleaned/thermal_with_people/I01405.jpg,set04v001,none,1405,person,person,keep,none,none,none
kaist_set04v001_001406,kaist,B+D,thermal,none,cleaned/thermal_with_people/I01406.jpg,set04v001,none,1406,person,person,keep,none,none,none
kaist_set04v001_001407,kaist,B+D,thermal,none,cleaned/thermal_with_people/I01407.jpg,set04v001,none,1407,person,person,keep,none,none,none
kaist_set04v001_001408,kaist,B+D,thermal,none,cleaned/thermal_with_people/I01408.jpg,set04v001,none,1408,person,person,keep,none,none,none
kaist_set04v001_001409,kaist,B+D,thermal,none,cleaned/thermal_with_people/I01409.jpg,set04v001,none,1409,person,person,keep,none,none,none
kaist_set04v001_001410,kaist,B+D,thermal,none,cleaned/thermal_with_people/I01410.jpg,set04v001,none,1410,person,person,keep,none,none,none
kaist_set04v001_001411,kaist,B+D,thermal,none,cleaned/thermal_with_people/I01411.jpg,set04v001,none,1411,person,person,keep,none,none,none
kaist_set04v001_001412,kaist,B+D,thermal,none,cleaned/thermal_with_people/I01412.jpg,set04v001,none,1412,person,person,keep,none,none,none
kaist_set04v001_001413,kaist,B+D,thermal,none,cleaned/thermal_with_people/I01413.jpg,set04v001,none,1413,person,person,keep,none,none,none
kaist_set04v001_001414,kaist,B+D,thermal,none,cleaned/thermal_with_people/I01414.jpg,set04v001,none,1414,person,person,keep,none,none,none
kaist_set04v001_001415,kaist,B+D,thermal,none,cleaned/thermal_with_people/I01415.jpg,set04v001,none,1415,person,person,keep,none,none,none
kaist_set04v001_001416,kaist,B+D,thermal,none,cleaned/thermal_with_people/I01416.jpg,set04v001,none,1416,person,person,keep,none,none,none
kaist_set04v001_001417,kaist,B+D,thermal,none,cleaned/thermal_with_people/I01417.jpg,set04v001,none,1417,person,person,keep,none,none,none
kaist_set04v001_001418,kaist,B+D,thermal,none,cleaned/thermal_with_people/I01418.jpg,set04v001,none,1418,person,person,keep,none,none,none
kaist_set04v001_001419,kaist,B+D,thermal,none,cleaned/thermal_with_people/I01419.jpg,set04v001,none,1419,person,person,keep,none,none,none
kaist_set04v001_001420,kaist,B+D,thermal,none,cleaned/thermal_with_people/I01420.jpg,set04v001,none,1420,person,person,keep,none,none,none
kaist_set04v001_001421,kaist,B+D,thermal,none,cleaned/thermal_with_people/I01421.jpg,set04v001,none,1421,person,person,keep,none,none,none
kaist_set04v001_001422,kaist,B+D,thermal,none,cleaned/thermal_with_people/I01422.jpg,set04v001,none,1422,person,person,keep,none,none,none
kaist_set04v001_001423,kaist,B+D,thermal,none,cleaned/thermal_with_people/I01423.jpg,set04v001,none,1423,person,person,keep,none,none,none
kaist_set04v001_001424,kaist,B+D,thermal,none,cleaned/thermal_with_people/I01424.jpg,set04v001,none,1424,person,person,keep,none,none,none
kaist_set04v001_001425,kaist,B+D,thermal,none,cleaned/thermal_with_people/I01425.jpg,set04v001,none,1425,person,person,keep,none,none,none
kaist_set04v001_001426,kaist,B+D,thermal,none,cleaned/thermal_with_people/I01426.jpg,set04v001,none,1426,person,person,keep,none,none,none
kaist_set04v001_001427,kaist,B+D,thermal,none,cleaned/thermal_with_people/I01427.jpg,set04v001,none,1427,person,person,keep,none,none,none
kaist_set04v001_001428,kaist,B+D,thermal,none,cleaned/thermal_with_people/I01428.jpg,set04v001,none,1428,person,person,keep,none,none,none
kaist_set04v001_001429,kaist,B+D,thermal,none,cleaned/thermal_with_people/I01429.jpg,set04v001,none,1429,person,person,keep,none,none,none
kaist_set04v001_001430,kaist,B+D,thermal,none,cleaned/thermal_with_people/I01430.jpg,set04v001,none,1430,person,person,keep,none,none,none
kaist_set04v001_001431,kaist,B+D,thermal,none,cleaned/thermal_with_people/I01431.jpg,set04v001,none,1431,person,person,keep,none,none,none
kaist_set04v001_001432,kaist,B+D,thermal,none,cleaned/thermal_with_people/I01432.jpg,set04v001,none,1432,person,person,keep,none,none,none
kaist_set04v001_001433,kaist,B+D,thermal,none,cleaned/thermal_with_people/I01433.jpg,set04v001,none,1433,person,person,keep,none,none,none
kaist_set04v001_001434,kaist,B+D,thermal,none,cleaned/thermal_with_people/I01434.jpg,set04v001,none,1434,person,person,keep,none,none,none
kaist_set04v001_001435,kaist,B+D,thermal,none,cleaned/thermal_with_people/I01435.jpg,set04v001,none,1435,person,person,keep,none,none,none
kaist_set04v001_001436,kaist,B+D,thermal,none,cleaned/thermal_with_people/I01436.jpg,set04v001,none,1436,person,person,keep,none,none,none
kaist_set04v001_001437,kaist,B+D,thermal,none,cleaned/thermal_with_people/I01437.jpg,set04v001,none,1437,person,person,keep,none,none,none
kaist_set04v001_001438,kaist,B+D,thermal,none,cleaned/thermal_with_people/I01438.jpg,set04v001,none,1438,person,person,keep,none,none,none
kaist_set04v001_001439,kaist,B+D,thermal,none,cleaned/thermal_with_people/I01439.jpg,set04v001,none,1439,person,person,keep,none,none,none
kaist_set04v001_001440,kaist,B+D,thermal,none,cleaned/thermal_with_people/I01440.jpg,set04v001,none,1440,person,person,keep,none,none,none
kaist_set04v001_001441,kaist,B+D,thermal,none,cleaned/thermal_with_people/I01441.jpg,set04v001,none,1441,person,person,keep,none,none,none
kaist_set04v001_001442,kaist,B+D,thermal,none,cleaned/thermal_with_people/I01442.jpg,set04v001,none,1442,person,person,keep,none,none,none
kaist_set04v001_001443,kaist,B+D,thermal,none,cleaned/thermal_with_people/I01443.jpg,set04v001,none,1443,person,person,keep,none,none,none
kaist_set04v001_001444,kaist,B+D,thermal,none,cleaned/thermal_with_people/I01444.jpg,set04v001,none,1444,person,person,keep,none,none,none
kaist_set04v001_001445,kaist,B+D,thermal,none,cleaned/thermal_with_people/I01445.jpg,set04v001,none,1445,person,person,keep,none,none,none
kaist_set04v001_001446,kaist,B+D,thermal,none,cleaned/thermal_with_people/I01446.jpg,set04v001,none,1446,person,person,keep,none,none,none
kaist_set04v001_001447,kaist,B+D,thermal,none,cleaned/thermal_with_people/I01447.jpg,set04v001,none,1447,person,person,keep,none,none,none
kaist_set04v001_001448,kaist,B+D,thermal,none,cleaned/thermal_with_people/I01448.jpg,set04v001,none,1448,person,person,keep,none,none,none
kaist_set04v001_001449,kaist,B+D,thermal,none,cleaned/thermal_with_people/I01449.jpg,set04v001,none,1449,person,person,keep,none,none,none
kaist_set04v001_001450,kaist,B+D,thermal,none,cleaned/thermal_with_people/I01450.jpg,set04v001,none,1450,person,person,keep,none,none,none
kaist_set04v001_001451,kaist,B+D,thermal,none,cleaned/thermal_with_people/I01451.jpg,set04v001,none,1451,person,person,keep,none,none,none
kaist_set04v001_001452,kaist,B+D,thermal,none,cleaned/thermal_with_people/I01452.jpg,set04v001,none,1452,person,person,keep,none,none,none
kaist_set04v001_001453,kaist,B+D,thermal,none,cleaned/thermal_with_people/I01453.jpg,set04v001,none,1453,person,person,keep,none,none,none
kaist_set04v001_001454,kaist,B+D,thermal,none,cleaned/thermal_with_people/I01454.jpg,set04v001,none,1454,person,person,keep,none,none,none
kaist_set04v001_001455,kaist,B+D,thermal,none,cleaned/thermal_with_people/I01455.jpg,set04v001,none,1455,person,person,keep,none,none,none
kaist_set04v001_001456,kaist,B+D,thermal,none,cleaned/thermal_with_people/I01456.jpg,set04v001,none,1456,person,person,keep,none,none,none
kaist_set04v001_001457,kaist,B+D,thermal,none,cleaned/thermal_with_people/I01457.jpg,set04v001,none,1457,person,person,keep,none,none,none
kaist_set04v001_001458,kaist,B+D,thermal,none,cleaned/thermal_with_people/I01458.jpg,set04v001,none,1458,person,person,keep,none,none,none
kaist_set04v001_001459,kaist,B+D,thermal,none,cleaned/thermal_with_people/I01459.jpg,set04v001,none,1459,person,person,keep,none,none,none
kaist_set04v001_001460,kaist,B+D,thermal,none,cleaned/thermal_with_people/I01460.jpg,set04v001,none,1460,person,person,keep,none,none,none
kaist_set04v001_001461,kaist,B+D,thermal,none,cleaned/thermal_with_people/I01461.jpg,set04v001,none,1461,person,person,keep,none,none,none
kaist_set04v001_001462,kaist,B+D,thermal,none,cleaned/thermal_with_people/I01462.jpg,set04v001,none,1462,person,person,keep,none,none,none
kaist_set04v001_001463,kaist,B+D,thermal,none,cleaned/thermal_with_people/I01463.jpg,set04v001,none,1463,person,person,keep,none,none,none
kaist_set04v001_001464,kaist,B+D,thermal,none,cleaned/thermal_with_people/I01464.jpg,set04v001,none,1464,person,person,keep,none,none,none
kaist_set04v001_001465,kaist,B+D,thermal,none,cleaned/thermal_with_people/I01465.jpg,set04v001,none,1465,person,person,keep,none,none,none
kaist_set04v001_001466,kaist,B+D,thermal,none,cleaned/thermal_with_people/I01466.jpg,set04v001,none,1466,person,person,keep,none,none,none
kaist_set04v001_001467,kaist,B+D,thermal,none,cleaned/thermal_with_people/I01467.jpg,set04v001,none,1467,person,person,keep,none,none,none
kaist_set04v001_001468,kaist,B+D,thermal,none,cleaned/thermal_with_people/I01468.jpg,set04v001,none,1468,person,person,keep,none,none,none
kaist_set04v001_001469,kaist,B+D,thermal,none,cleaned/thermal_with_people/I01469.jpg,set04v001,none,1469,person,person,keep,none,none,none
kaist_set04v001_001470,kaist,B+D,thermal,none,cleaned/thermal_with_people/I01470.jpg,set04v001,none,1470,person,person,keep,none,none,none
kaist_set04v001_001471,kaist,B+D,thermal,none,cleaned/thermal_with_people/I01471.jpg,set04v001,none,1471,person,person,keep,none,none,none
kaist_set04v001_001472,kaist,B+D,thermal,none,cleaned/thermal_with_people/I01472.jpg,set04v001,none,1472,person,person,keep,none,none,none
kaist_set04v001_001473,kaist,B+D,thermal,none,cleaned/thermal_with_people/I01473.jpg,set04v001,none,1473,person,person,keep,none,none,none
kaist_set04v001_001474,kaist,B+D,thermal,none,cleaned/thermal_with_people/I01474.jpg,set04v001,none,1474,person,person,keep,none,none,none
kaist_set04v001_001475,kaist,B+D,thermal,none,cleaned/thermal_with_people/I01475.jpg,set04v001,none,1475,person,person,keep,none,none,none
kaist_set04v001_001476,kaist,B+D,thermal,none,cleaned/thermal_with_people/I01476.jpg,set04v001,none,1476,person,person,keep,none,none,none
kaist_set04v001_001477,kaist,B+D,thermal,none,cleaned/thermal_with_people/I01477.jpg,set04v001,none,1477,person,person,keep,none,none,none
kaist_set04v001_001478,kaist,B+D,thermal,none,cleaned/thermal_with_people/I01478.jpg,set04v001,none,1478,person,person,keep,none,none,none
kaist_set04v001_001479,kaist,B+D,thermal,none,cleaned/thermal_with_people/I01479.jpg,set04v001,none,1479,person,person,keep,none,none,none
kaist_set04v001_001480,kaist,B+D,thermal,none,cleaned/thermal_with_people/I01480.jpg,set04v001,none,1480,person,person,keep,none,none,none
kaist_set04v001_001481,kaist,B+D,thermal,none,cleaned/thermal_with_people/I01481.jpg,set04v001,none,1481,person,person,keep,none,none,none
kaist_set04v001_001482,kaist,B+D,thermal,none,cleaned/thermal_with_people/I01482.jpg,set04v001,none,1482,person,person,keep,none,none,none
kaist_set04v001_001483,kaist,B+D,thermal,none,cleaned/thermal_with_people/I01483.jpg,set04v001,none,1483,person,person,keep,none,none,none
kaist_set04v001_001484,kaist,B+D,thermal,none,cleaned/thermal_with_people/I01484.jpg,set04v001,none,1484,person,person,keep,none,none,none
kaist_set04v001_001485,kaist,B+D,thermal,none,cleaned/thermal_with_people/I01485.jpg,set04v001,none,1485,person,person,keep,none,none,none
kaist_set04v001_001486,kaist,B+D,thermal,none,cleaned/thermal_with_people/I01486.jpg,set04v001,none,1486,person,person,keep,none,none,none
kaist_set04v001_001487,kaist,B+D,thermal,none,cleaned/thermal_with_people/I01487.jpg,set04v001,none,1487,person,person,keep,none,none,none
kaist_set04v001_001488,kaist,B+D,thermal,none,cleaned/thermal_with_people/I01488.jpg,set04v001,none,1488,person,person,keep,none,none,none
kaist_set04v001_001489,kaist,B+D,thermal,none,cleaned/thermal_with_people/I01489.jpg,set04v001,none,1489,person,person,keep,none,none,none
kaist_set04v001_001490,kaist,B+D,thermal,none,cleaned/thermal_with_people/I01490.jpg,set04v001,none,1490,person,person,keep,none,none,none
kaist_set04v001_001491,kaist,B+D,thermal,none,cleaned/thermal_with_people/I01491.jpg,set04v001,none,1491,person,person,keep,none,none,none
kaist_set04v001_001492,kaist,B+D,thermal,none,cleaned/thermal_with_people/I01492.jpg,set04v001,none,1492,person,person,keep,none,none,none
kaist_set04v001_001493,kaist,B+D,thermal,none,cleaned/thermal_with_people/I01493.jpg,set04v001,none,1493,person,person,keep,none,none,none
kaist_set04v001_001494,kaist,B+D,thermal,none,cleaned/thermal_with_people/I01494.jpg,set04v001,none,1494,person,person,keep,none,none,none
kaist_set04v001_001495,kaist,B+D,thermal,none,cleaned/thermal_with_people/I01495.jpg,set04v001,none,1495,person,person,keep,none,none,none
kaist_set04v001_001496,kaist,B+D,thermal,none,cleaned/thermal_with_people/I01496.jpg,set04v001,none,1496,person,person,keep,none,none,none
kaist_set04v001_001497,kaist,B+D,thermal,none,cleaned/thermal_with_people/I01497.jpg,set04v001,none,1497,person,person,keep,none,none,none
kaist_set04v001_001498,kaist,B+D,thermal,none,cleaned/thermal_with_people/I01498.jpg,set04v001,none,1498,person,person,keep,none,none,none
kaist_set04v001_001499,kaist,B+D,thermal,none,cleaned/thermal_with_people/I01499.jpg,set04v001,none,1499,person,person,keep,none,none,none
kaist_set04v001_001500,kaist,B+D,thermal,none,cleaned/thermal_with_people/I01500.jpg,set04v001,none,1500,person,person,keep,none,none,none
kaist_set04v001_001501,kaist,B+D,thermal,none,cleaned/thermal_with_people/I01501.jpg,set04v001,none,1501,person,person,keep,none,none,none
kaist_set04v001_001502,kaist,B+D,thermal,none,cleaned/thermal_with_people/I01502.jpg,set04v001,none,1502,person,person,keep,none,none,none
kaist_set04v001_001503,kaist,B+D,thermal,none,cleaned/thermal_with_people/I01503.jpg,set04v001,none,1503,person,person,keep,none,none,none
kaist_set04v001_001504,kaist,B+D,thermal,none,cleaned/thermal_with_people/I01504.jpg,set04v001,none,1504,person,person,keep,none,none,none
kaist_set04v001_001505,kaist,B+D,thermal,none,cleaned/thermal_with_people/I01505.jpg,set04v001,none,1505,person,person,keep,none,none,none
kaist_set04v001_001506,kaist,B+D,thermal,none,cleaned/thermal_with_people/I01506.jpg,set04v001,none,1506,person,person,keep,none,none,none
kaist_set04v001_001507,kaist,B+D,thermal,none,cleaned/thermal_with_people/I01507.jpg,set04v001,none,1507,person,person,keep,none,none,none
kaist_set04v001_001508,kaist,B+D,thermal,none,cleaned/thermal_with_people/I01508.jpg,set04v001,none,1508,person,person,keep,none,none,none
kaist_set04v001_001509,kaist,B+D,thermal,none,cleaned/thermal_with_people/I01509.jpg,set04v001,none,1509,person,person,keep,none,none,none
kaist_set04v001_001510,kaist,B+D,thermal,none,cleaned/thermal_with_people/I01510.jpg,set04v001,none,1510,person,person,keep,none,none,none
kaist_set04v001_001511,kaist,B+D,thermal,none,cleaned/thermal_with_people/I01511.jpg,set04v001,none,1511,person,person,keep,none,none,none
kaist_set04v001_001512,kaist,B+D,thermal,none,cleaned/thermal_with_people/I01512.jpg,set04v001,none,1512,person,person,keep,none,none,none
kaist_set04v001_001513,kaist,B+D,thermal,none,cleaned/thermal_with_people/I01513.jpg,set04v001,none,1513,person,person,keep,none,none,none
kaist_set04v001_001514,kaist,B+D,thermal,none,cleaned/thermal_with_people/I01514.jpg,set04v001,none,1514,person,person,keep,none,none,none
kaist_set04v001_001515,kaist,B+D,thermal,none,cleaned/thermal_with_people/I01515.jpg,set04v001,none,1515,person,person,keep,none,none,none
kaist_set04v001_001516,kaist,B+D,thermal,none,cleaned/thermal_with_people/I01516.jpg,set04v001,none,1516,person,person,keep,none,none,none
kaist_set04v001_001517,kaist,B+D,thermal,none,cleaned/thermal_with_people/I01517.jpg,set04v001,none,1517,person,person,keep,none,none,none
kaist_set04v001_001518,kaist,B+D,thermal,none,cleaned/thermal_with_people/I01518.jpg,set04v001,none,1518,person,person,keep,none,none,none
kaist_set04v001_001519,kaist,B+D,thermal,none,cleaned/thermal_with_people/I01519.jpg,set04v001,none,1519,person,person,keep,none,none,none
kaist_set04v001_001520,kaist,B+D,thermal,none,cleaned/thermal_with_people/I01520.jpg,set04v001,none,1520,person,person,keep,none,none,none
kaist_set04v001_001521,kaist,B+D,thermal,none,cleaned/thermal_with_people/I01521.jpg,set04v001,none,1521,person,person,keep,none,none,none
kaist_set04v001_001522,kaist,B+D,thermal,none,cleaned/thermal_with_people/I01522.jpg,set04v001,none,1522,person,person,keep,none,none,none
kaist_set04v001_001523,kaist,B+D,thermal,none,cleaned/thermal_with_people/I01523.jpg,set04v001,none,1523,person,person,keep,none,none,none
kaist_set04v001_001524,kaist,B+D,thermal,none,cleaned/thermal_with_people/I01524.jpg,set04v001,none,1524,person,person,keep,none,none,none
kaist_set04v001_001525,kaist,B+D,thermal,none,cleaned/thermal_with_people/I01525.jpg,set04v001,none,1525,person,person,keep,none,none,none
kaist_set04v001_001526,kaist,B+D,thermal,none,cleaned/thermal_with_people/I01526.jpg,set04v001,none,1526,person,person,keep,none,none,none
kaist_set04v001_001527,kaist,B+D,thermal,none,cleaned/thermal_with_people/I01527.jpg,set04v001,none,1527,person,person,keep,none,none,none
kaist_set04v001_001528,kaist,B+D,thermal,none,cleaned/thermal_with_people/I01528.jpg,set04v001,none,1528,person,person,keep,none,none,none
kaist_set04v001_001529,kaist,B+D,thermal,none,cleaned/thermal_with_people/I01529.jpg,set04v001,none,1529,person,person,keep,none,none,none
kaist_set04v001_001530,kaist,B+D,thermal,none,cleaned/thermal_with_people/I01530.jpg,set04v001,none,1530,person,person,keep,none,none,none
kaist_set04v001_001531,kaist,B+D,thermal,none,cleaned/thermal_with_people/I01531.jpg,set04v001,none,1531,person,person,keep,none,none,none
kaist_set04v001_001532,kaist,B+D,thermal,none,cleaned/thermal_with_people/I01532.jpg,set04v001,none,1532,person,person,keep,none,none,none
kaist_set04v001_001533,kaist,B+D,thermal,none,cleaned/thermal_with_people/I01533.jpg,set04v001,none,1533,person,person,keep,none,none,none
kaist_set04v001_001534,kaist,B+D,thermal,none,cleaned/thermal_with_people/I01534.jpg,set04v001,none,1534,person,person,keep,none,none,none
kaist_set04v001_001535,kaist,B+D,thermal,none,cleaned/thermal_with_people/I01535.jpg,set04v001,none,1535,person,person,keep,none,none,none
kaist_set04v001_001536,kaist,B+D,thermal,none,cleaned/thermal_with_people/I01536.jpg,set04v001,none,1536,person,person,keep,none,none,none
kaist_set04v001_001537,kaist,B+D,thermal,none,cleaned/thermal_with_people/I01537.jpg,set04v001,none,1537,person,person,keep,none,none,none
kaist_set04v001_001538,kaist,B+D,thermal,none,cleaned/thermal_with_people/I01538.jpg,set04v001,none,1538,person,person,keep,none,none,none
kaist_set04v001_001539,kaist,B+D,thermal,none,cleaned/thermal_with_people/I01539.jpg,set04v001,none,1539,person,person,keep,none,none,none
kaist_set04v001_001540,kaist,B+D,thermal,none,cleaned/thermal_with_people/I01540.jpg,set04v001,none,1540,person,person,keep,none,none,none
kaist_set04v001_001541,kaist,B+D,thermal,none,cleaned/thermal_with_people/I01541.jpg,set04v001,none,1541,person,person,keep,none,none,none
kaist_set04v001_001542,kaist,B+D,thermal,none,cleaned/thermal_with_people/I01542.jpg,set04v001,none,1542,person,person,keep,none,none,none
kaist_set04v001_001543,kaist,B+D,thermal,none,cleaned/thermal_with_people/I01543.jpg,set04v001,none,1543,person,person,keep,none,none,none
kaist_set04v001_001544,kaist,B+D,thermal,none,cleaned/thermal_with_people/I01544.jpg,set04v001,none,1544,person,person,keep,none,none,none
kaist_set04v001_001545,kaist,B+D,thermal,none,cleaned/thermal_with_people/I01545.jpg,set04v001,none,1545,person,person,keep,none,none,none
kaist_set04v001_001546,kaist,B+D,thermal,none,cleaned/thermal_with_people/I01546.jpg,set04v001,none,1546,person,person,keep,none,none,none
kaist_set04v001_001547,kaist,B+D,thermal,none,cleaned/thermal_with_people/I01547.jpg,set04v001,none,1547,person,person,keep,none,none,none
kaist_set04v001_001548,kaist,B+D,thermal,none,cleaned/thermal_with_people/I01548.jpg,set04v001,none,1548,person,person,keep,none,none,none
kaist_set04v001_001549,kaist,B+D,thermal,none,cleaned/thermal_with_people/I01549.jpg,set04v001,none,1549,person,person,keep,none,none,none
kaist_set04v001_001550,kaist,B+D,thermal,none,cleaned/thermal_with_people/I01550.jpg,set04v001,none,1550,person,person,keep,none,none,none
kaist_set04v001_001551,kaist,B+D,thermal,none,cleaned/thermal_with_people/I01551.jpg,set04v001,none,1551,person,person,keep,none,none,none
kaist_set04v001_001552,kaist,B+D,thermal,none,cleaned/thermal_with_people/I01552.jpg,set04v001,none,1552,person,person,keep,none,none,none
kaist_set04v001_001553,kaist,B+D,thermal,none,cleaned/thermal_with_people/I01553.jpg,set04v001,none,1553,person,person,keep,none,none,none
kaist_set04v001_001554,kaist,B+D,thermal,none,cleaned/thermal_with_people/I01554.jpg,set04v001,none,1554,person,person,keep,none,none,none
kaist_set04v001_001555,kaist,B+D,thermal,none,cleaned/thermal_with_people/I01555.jpg,set04v001,none,1555,person,person,keep,none,none,none
kaist_set04v001_001556,kaist,B+D,thermal,none,cleaned/thermal_with_people/I01556.jpg,set04v001,none,1556,person,person,keep,none,none,none
kaist_set04v001_001557,kaist,B+D,thermal,none,cleaned/thermal_with_people/I01557.jpg,set04v001,none,1557,person,person,keep,none,none,none
kaist_set04v001_001558,kaist,B+D,thermal,none,cleaned/thermal_with_people/I01558.jpg,set04v001,none,1558,person,person,keep,none,none,none
kaist_set04v001_001559,kaist,B+D,thermal,none,cleaned/thermal_with_people/I01559.jpg,set04v001,none,1559,person,person,keep,none,none,none
kaist_set04v001_001560,kaist,B+D,thermal,none,cleaned/thermal_with_people/I01560.jpg,set04v001,none,1560,person,person,keep,none,none,none
kaist_set04v001_001561,kaist,B+D,thermal,none,cleaned/thermal_with_people/I01561.jpg,set04v001,none,1561,person,person,keep,none,none,none
kaist_set04v001_001562,kaist,B+D,thermal,none,cleaned/thermal_with_people/I01562.jpg,set04v001,none,1562,person,person,keep,none,none,none
kaist_set04v001_001563,kaist,B+D,thermal,none,cleaned/thermal_with_people/I01563.jpg,set04v001,none,1563,person,person,keep,none,none,none
kaist_set04v001_001564,kaist,B+D,thermal,none,cleaned/thermal_with_people/I01564.jpg,set04v001,none,1564,person,person,keep,none,none,none
kaist_set04v001_001565,kaist,B+D,thermal,none,cleaned/thermal_with_people/I01565.jpg,set04v001,none,1565,person,person,keep,none,none,none
kaist_set04v001_001566,kaist,B+D,thermal,none,cleaned/thermal_with_people/I01566.jpg,set04v001,none,1566,person,person,keep,none,none,none
kaist_set04v001_001567,kaist,B+D,thermal,none,cleaned/thermal_with_people/I01567.jpg,set04v001,none,1567,person,person,keep,none,none,none
kaist_set04v001_001568,kaist,B+D,thermal,none,cleaned/thermal_with_people/I01568.jpg,set04v001,none,1568,person,person,keep,none,none,none
kaist_set04v001_001569,kaist,B+D,thermal,none,cleaned/thermal_with_people/I01569.jpg,set04v001,none,1569,person,person,keep,none,none,none
kaist_set04v001_001570,kaist,B+D,thermal,none,cleaned/thermal_with_people/I01570.jpg,set04v001,none,1570,person,person,keep,none,none,none
kaist_set04v001_001571,kaist,B+D,thermal,none,cleaned/thermal_with_people/I01571.jpg,set04v001,none,1571,person,person,keep,none,none,none
kaist_set04v001_001572,kaist,B+D,thermal,none,cleaned/thermal_with_people/I01572.jpg,set04v001,none,1572,person,person,keep,none,none,none
kaist_set04v001_001573,kaist,B+D,thermal,none,cleaned/thermal_with_people/I01573.jpg,set04v001,none,1573,person,person,keep,none,none,none
kaist_set04v001_001574,kaist,B+D,thermal,none,cleaned/thermal_with_people/I01574.jpg,set04v001,none,1574,person,person,keep,none,none,none
kaist_set04v001_001575,kaist,B+D,thermal,none,cleaned/thermal_with_people/I01575.jpg,set04v001,none,1575,person,person,keep,none,none,none
kaist_set04v001_001576,kaist,B+D,thermal,none,cleaned/thermal_with_people/I01576.jpg,set04v001,none,1576,person,person,keep,none,none,none
kaist_set04v001_001577,kaist,B+D,thermal,none,cleaned/thermal_with_people/I01577.jpg,set04v001,none,1577,person,person,keep,none,none,none
kaist_set04v001_001578,kaist,B+D,thermal,none,cleaned/thermal_with_people/I01578.jpg,set04v001,none,1578,person,person,keep,none,none,none
kaist_set04v001_001579,kaist,B+D,thermal,none,cleaned/thermal_with_people/I01579.jpg,set04v001,none,1579,person,person,keep,none,none,none
kaist_set04v001_001580,kaist,B+D,thermal,none,cleaned/thermal_with_people/I01580.jpg,set04v001,none,1580,person,person,keep,none,none,none
kaist_set04v001_001581,kaist,B+D,thermal,none,cleaned/thermal_with_people/I01581.jpg,set04v001,none,1581,person,person,keep,none,none,none
kaist_set04v001_001582,kaist,B+D,thermal,none,cleaned/thermal_with_people/I01582.jpg,set04v001,none,1582,person,person,keep,none,none,none
kaist_set04v001_001583,kaist,B+D,thermal,none,cleaned/thermal_with_people/I01583.jpg,set04v001,none,1583,person,person,keep,none,none,none
kaist_set04v001_001584,kaist,B+D,thermal,none,cleaned/thermal_with_people/I01584.jpg,set04v001,none,1584,person,person,keep,none,none,none
kaist_set04v001_001585,kaist,B+D,thermal,none,cleaned/thermal_with_people/I01585.jpg,set04v001,none,1585,person,person,keep,none,none,none
kaist_set04v001_001586,kaist,B+D,thermal,none,cleaned/thermal_with_people/I01586.jpg,set04v001,none,1586,person,person,keep,none,none,none
kaist_set04v001_001587,kaist,B+D,thermal,none,cleaned/thermal_with_people/I01587.jpg,set04v001,none,1587,person,person,keep,none,none,none
kaist_set04v001_001588,kaist,B+D,thermal,none,cleaned/thermal_with_people/I01588.jpg,set04v001,none,1588,person,person,keep,none,none,none
kaist_set04v001_001589,kaist,B+D,thermal,none,cleaned/thermal_with_people/I01589.jpg,set04v001,none,1589,person,person,keep,none,none,none
kaist_set04v001_001590,kaist,B+D,thermal,none,cleaned/thermal_with_people/I01590.jpg,set04v001,none,1590,person,person,keep,none,none,none
kaist_set04v001_001591,kaist,B+D,thermal,none,cleaned/thermal_with_people/I01591.jpg,set04v001,none,1591,person,person,keep,none,none,none
kaist_set04v001_001592,kaist,B+D,thermal,none,cleaned/thermal_with_people/I01592.jpg,set04v001,none,1592,person,person,keep,none,none,none
kaist_set04v001_001593,kaist,B+D,thermal,none,cleaned/thermal_with_people/I01593.jpg,set04v001,none,1593,person,person,keep,none,none,none
kaist_set04v001_001594,kaist,B+D,thermal,none,cleaned/thermal_with_people/I01594.jpg,set04v001,none,1594,person,person,keep,none,none,none
kaist_set04v001_001595,kaist,B+D,thermal,none,cleaned/thermal_with_people/I01595.jpg,set04v001,none,1595,person,person,keep,none,none,none
kaist_set04v001_001596,kaist,B+D,thermal,none,cleaned/thermal_with_people/I01596.jpg,set04v001,none,1596,person,person,keep,none,none,none
kaist_set04v001_001597,kaist,B+D,thermal,none,cleaned/thermal_with_people/I01597.jpg,set04v001,none,1597,person,person,keep,none,none,none
kaist_set04v001_001598,kaist,B+D,thermal,none,cleaned/thermal_with_people/I01598.jpg,set04v001,none,1598,person,person,keep,none,none,none
kaist_set04v001_001599,kaist,B+D,thermal,none,cleaned/thermal_with_people/I01599.jpg,set04v001,none,1599,person,person,keep,none,none,none
kaist_set04v001_001600,kaist,B+D,thermal,none,cleaned/thermal_with_people/I01600.jpg,set04v001,none,1600,person,person,keep,none,none,none
kaist_set04v001_001601,kaist,B+D,thermal,none,cleaned/thermal_with_people/I01601.jpg,set04v001,none,1601,person,person,keep,none,none,none
kaist_set04v001_001602,kaist,B+D,thermal,none,cleaned/thermal_with_people/I01602.jpg,set04v001,none,1602,person,person,keep,none,none,none
kaist_set04v001_001603,kaist,B+D,thermal,none,cleaned/thermal_with_people/I01603.jpg,set04v001,none,1603,person,person,keep,none,none,none
kaist_set04v001_001604,kaist,B+D,thermal,none,cleaned/thermal_with_people/I01604.jpg,set04v001,none,1604,person,person,keep,none,none,none
kaist_set04v001_001605,kaist,B+D,thermal,none,cleaned/thermal_with_people/I01605.jpg,set04v001,none,1605,person,person,keep,none,none,none
kaist_set04v001_001606,kaist,B+D,thermal,none,cleaned/thermal_with_people/I01606.jpg,set04v001,none,1606,person,person,keep,none,none,none
kaist_set04v001_001607,kaist,B+D,thermal,none,cleaned/thermal_with_people/I01607.jpg,set04v001,none,1607,person,person,keep,none,none,none
kaist_set04v001_001608,kaist,B+D,thermal,none,cleaned/thermal_with_people/I01608.jpg,set04v001,none,1608,person,person,keep,none,none,none
kaist_set04v001_001609,kaist,B+D,thermal,none,cleaned/thermal_with_people/I01609.jpg,set04v001,none,1609,person,person,keep,none,none,none
kaist_set04v001_001610,kaist,B+D,thermal,none,cleaned/thermal_with_people/I01610.jpg,set04v001,none,1610,person,person,keep,none,none,none
kaist_set04v001_001611,kaist,B+D,thermal,none,cleaned/thermal_with_people/I01611.jpg,set04v001,none,1611,person,person,keep,none,none,none
kaist_set04v001_001612,kaist,B+D,thermal,none,cleaned/thermal_with_people/I01612.jpg,set04v001,none,1612,person,person,keep,none,none,none
kaist_set04v001_001613,kaist,B+D,thermal,none,cleaned/thermal_with_people/I01613.jpg,set04v001,none,1613,person,person,keep,none,none,none
kaist_set04v001_001614,kaist,B+D,thermal,none,cleaned/thermal_with_people/I01614.jpg,set04v001,none,1614,person,person,keep,none,none,none
kaist_set04v001_001615,kaist,B+D,thermal,none,cleaned/thermal_with_people/I01615.jpg,set04v001,none,1615,person,person,keep,none,none,none
kaist_set04v001_001616,kaist,B+D,thermal,none,cleaned/thermal_with_people/I01616.jpg,set04v001,none,1616,person,person,keep,none,none,none
kaist_set04v001_001617,kaist,B+D,thermal,none,cleaned/thermal_with_people/I01617.jpg,set04v001,none,1617,person,person,keep,none,none,none
kaist_set04v001_001618,kaist,B+D,thermal,none,cleaned/thermal_with_people/I01618.jpg,set04v001,none,1618,person,person,keep,none,none,none
kaist_set04v001_001619,kaist,B+D,thermal,none,cleaned/thermal_with_people/I01619.jpg,set04v001,none,1619,person,person,keep,none,none,none
kaist_set04v001_001620,kaist,B+D,thermal,none,cleaned/thermal_with_people/I01620.jpg,set04v001,none,1620,person,person,keep,none,none,none
kaist_set04v001_001621,kaist,B+D,thermal,none,cleaned/thermal_with_people/I01621.jpg,set04v001,none,1621,person,person,keep,none,none,none
kaist_set04v001_001622,kaist,B+D,thermal,none,cleaned/thermal_with_people/I01622.jpg,set04v001,none,1622,person,person,keep,none,none,none
kaist_set04v001_001623,kaist,B+D,thermal,none,cleaned/thermal_with_people/I01623.jpg,set04v001,none,1623,person,person,keep,none,none,none
kaist_set04v001_001624,kaist,B+D,thermal,none,cleaned/thermal_with_people/I01624.jpg,set04v001,none,1624,person,person,keep,none,none,none
kaist_set04v001_001625,kaist,B+D,thermal,none,cleaned/thermal_with_people/I01625.jpg,set04v001,none,1625,person,person,keep,none,none,none
kaist_set04v001_001626,kaist,B+D,thermal,none,cleaned/thermal_with_people/I01626.jpg,set04v001,none,1626,person,person,keep,none,none,none
kaist_set04v001_001627,kaist,B+D,thermal,none,cleaned/thermal_with_people/I01627.jpg,set04v001,none,1627,person,person,keep,none,none,none
kaist_set04v001_001628,kaist,B+D,thermal,none,cleaned/thermal_with_people/I01628.jpg,set04v001,none,1628,person,person,keep,none,none,none
kaist_set04v001_001629,kaist,B+D,thermal,none,cleaned/thermal_with_people/I01629.jpg,set04v001,none,1629,person,person,keep,none,none,none
kaist_set04v001_001630,kaist,B+D,thermal,none,cleaned/thermal_with_people/I01630.jpg,set04v001,none,1630,person,person,keep,none,none,none
kaist_set04v001_001631,kaist,B+D,thermal,none,cleaned/thermal_with_people/I01631.jpg,set04v001,none,1631,person,person,keep,none,none,none
kaist_set04v001_001632,kaist,B+D,thermal,none,cleaned/thermal_with_people/I01632.jpg,set04v001,none,1632,person,person,keep,none,none,none
kaist_set04v001_001633,kaist,B+D,thermal,none,cleaned/thermal_with_people/I01633.jpg,set04v001,none,1633,person,person,keep,none,none,none
kaist_set04v001_001634,kaist,B+D,thermal,none,cleaned/thermal_with_people/I01634.jpg,set04v001,none,1634,person,person,keep,none,none,none
kaist_set04v001_001635,kaist,B+D,thermal,none,cleaned/thermal_with_people/I01635.jpg,set04v001,none,1635,person,person,keep,none,none,none
kaist_set04v001_001636,kaist,B+D,thermal,none,cleaned/thermal_with_people/I01636.jpg,set04v001,none,1636,person,person,keep,none,none,none
kaist_set04v001_001637,kaist,B+D,thermal,none,cleaned/thermal_with_people/I01637.jpg,set04v001,none,1637,person,person,keep,none,none,none
kaist_set04v001_001638,kaist,B+D,thermal,none,cleaned/thermal_with_people/I01638.jpg,set04v001,none,1638,person,person,keep,none,none,none
kaist_set04v001_001639,kaist,B+D,thermal,none,cleaned/thermal_with_people/I01639.jpg,set04v001,none,1639,person,person,keep,none,none,none
kaist_set04v001_001640,kaist,B+D,thermal,none,cleaned/thermal_with_people/I01640.jpg,set04v001,none,1640,person,person,keep,none,none,none
kaist_set04v001_001641,kaist,B+D,thermal,none,cleaned/thermal_with_people/I01641.jpg,set04v001,none,1641,person,person,keep,none,none,none
kaist_set04v001_001642,kaist,B+D,thermal,none,cleaned/thermal_with_people/I01642.jpg,set04v001,none,1642,person,person,keep,none,none,none
kaist_set04v001_001643,kaist,B+D,thermal,none,cleaned/thermal_with_people/I01643.jpg,set04v001,none,1643,person,person,keep,none,none,none
kaist_set04v001_001644,kaist,B+D,thermal,none,cleaned/thermal_with_people/I01644.jpg,set04v001,none,1644,person,person,keep,none,none,none
kaist_set04v001_001645,kaist,B+D,thermal,none,cleaned/thermal_with_people/I01645.jpg,set04v001,none,1645,person,person,keep,none,none,none
kaist_set04v001_001646,kaist,B+D,thermal,none,cleaned/thermal_with_people/I01646.jpg,set04v001,none,1646,person,person,keep,none,none,none
kaist_set04v001_001647,kaist,B+D,thermal,none,cleaned/thermal_with_people/I01647.jpg,set04v001,none,1647,person,person,keep,none,none,none
kaist_set04v001_001648,kaist,B+D,thermal,none,cleaned/thermal_with_people/I01648.jpg,set04v001,none,1648,person,person,keep,none,none,none
kaist_set04v001_001649,kaist,B+D,thermal,none,cleaned/thermal_with_people/I01649.jpg,set04v001,none,1649,person,person,keep,none,none,none
kaist_set04v001_001650,kaist,B+D,thermal,none,cleaned/thermal_with_people/I01650.jpg,set04v001,none,1650,person,person,keep,none,none,none
kaist_set04v001_001651,kaist,B+D,thermal,none,cleaned/thermal_with_people/I01651.jpg,set04v001,none,1651,person,person,keep,none,none,none
kaist_set04v001_001652,kaist,B+D,thermal,none,cleaned/thermal_with_people/I01652.jpg,set04v001,none,1652,person,person,keep,none,none,none
kaist_set04v001_001653,kaist,B+D,thermal,none,cleaned/thermal_with_people/I01653.jpg,set04v001,none,1653,person,person,keep,none,none,none
kaist_set04v001_001654,kaist,B+D,thermal,none,cleaned/thermal_with_people/I01654.jpg,set04v001,none,1654,person,person,keep,none,none,none
kaist_set04v001_001655,kaist,B+D,thermal,none,cleaned/thermal_with_people/I01655.jpg,set04v001,none,1655,person,person,keep,none,none,none
kaist_set04v001_001656,kaist,B+D,thermal,none,cleaned/thermal_with_people/I01656.jpg,set04v001,none,1656,person,person,keep,none,none,none
kaist_set04v001_001657,kaist,B+D,thermal,none,cleaned/thermal_with_people/I01657.jpg,set04v001,none,1657,person,person,keep,none,none,none
kaist_set04v001_001658,kaist,B+D,thermal,none,cleaned/thermal_with_people/I01658.jpg,set04v001,none,1658,person,person,keep,none,none,none
kaist_set04v001_001659,kaist,B+D,thermal,none,cleaned/thermal_with_people/I01659.jpg,set04v001,none,1659,person,person,keep,none,none,none
kaist_set04v001_001660,kaist,B+D,thermal,none,cleaned/thermal_with_people/I01660.jpg,set04v001,none,1660,person,person,keep,none,none,none
kaist_set04v001_001661,kaist,B+D,thermal,none,cleaned/thermal_with_people/I01661.jpg,set04v001,none,1661,person,person,keep,none,none,none
kaist_set04v001_001662,kaist,B+D,thermal,none,cleaned/thermal_with_people/I01662.jpg,set04v001,none,1662,person,person,keep,none,none,none
kaist_set04v001_001663,kaist,B+D,thermal,none,cleaned/thermal_with_people/I01663.jpg,set04v001,none,1663,person,person,keep,none,none,none
kaist_set04v001_001664,kaist,B+D,thermal,none,cleaned/thermal_with_people/I01664.jpg,set04v001,none,1664,person,person,keep,none,none,none
kaist_set04v001_001665,kaist,B+D,thermal,none,cleaned/thermal_with_people/I01665.jpg,set04v001,none,1665,person,person,keep,none,none,none
kaist_set04v001_001666,kaist,B+D,thermal,none,cleaned/thermal_with_people/I01666.jpg,set04v001,none,1666,person,person,keep,none,none,none
kaist_set04v001_001667,kaist,B+D,thermal,none,cleaned/thermal_with_people/I01667.jpg,set04v001,none,1667,person,person,keep,none,none,none
kaist_set04v001_001668,kaist,B+D,thermal,none,cleaned/thermal_with_people/I01668.jpg,set04v001,none,1668,person,person,keep,none,none,none
kaist_set04v001_001669,kaist,B+D,thermal,none,cleaned/thermal_with_people/I01669.jpg,set04v001,none,1669,person,person,keep,none,none,none
kaist_set04v001_001670,kaist,B+D,thermal,none,cleaned/thermal_with_people/I01670.jpg,set04v001,none,1670,person,person,keep,none,none,none
kaist_set04v001_001671,kaist,B+D,thermal,none,cleaned/thermal_with_people/I01671.jpg,set04v001,none,1671,person,person,keep,none,none,none
kaist_set04v001_001672,kaist,B+D,thermal,none,cleaned/thermal_with_people/I01672.jpg,set04v001,none,1672,person,person,keep,none,none,none
kaist_set04v001_001673,kaist,B+D,thermal,none,cleaned/thermal_with_people/I01673.jpg,set04v001,none,1673,person,person,keep,none,none,none
kaist_set04v001_001674,kaist,B+D,thermal,none,cleaned/thermal_with_people/I01674.jpg,set04v001,none,1674,person,person,keep,none,none,none
kaist_set04v001_001675,kaist,B+D,thermal,none,cleaned/thermal_with_people/I01675.jpg,set04v001,none,1675,person,person,keep,none,none,none
kaist_set04v001_001676,kaist,B+D,thermal,none,cleaned/thermal_with_people/I01676.jpg,set04v001,none,1676,person,person,keep,none,none,none
kaist_set04v001_001677,kaist,B+D,thermal,none,cleaned/thermal_with_people/I01677.jpg,set04v001,none,1677,person,person,keep,none,none,none
kaist_set04v001_001678,kaist,B+D,thermal,none,cleaned/thermal_with_people/I01678.jpg,set04v001,none,1678,person,person,keep,none,none,none
kaist_set04v001_001679,kaist,B+D,thermal,none,cleaned/thermal_with_people/I01679.jpg,set04v001,none,1679,person,person,keep,none,none,none
kaist_set04v001_001680,kaist,B+D,thermal,none,cleaned/thermal_with_people/I01680.jpg,set04v001,none,1680,person,person,keep,none,none,none
kaist_set04v001_001681,kaist,B+D,thermal,none,cleaned/thermal_with_people/I01681.jpg,set04v001,none,1681,person,person,keep,none,none,none
kaist_set04v001_001682,kaist,B+D,thermal,none,cleaned/thermal_with_people/I01682.jpg,set04v001,none,1682,person,person,keep,none,none,none
kaist_set04v001_001683,kaist,B+D,thermal,none,cleaned/thermal_with_people/I01683.jpg,set04v001,none,1683,person,person,keep,none,none,none
kaist_set04v001_001684,kaist,B+D,thermal,none,cleaned/thermal_with_people/I01684.jpg,set04v001,none,1684,person,person,keep,none,none,none
kaist_set04v001_001685,kaist,B+D,thermal,none,cleaned/thermal_with_people/I01685.jpg,set04v001,none,1685,person,person,keep,none,none,none
kaist_set04v001_001686,kaist,B+D,thermal,none,cleaned/thermal_with_people/I01686.jpg,set04v001,none,1686,person,person,keep,none,none,none
kaist_set04v001_001687,kaist,B+D,thermal,none,cleaned/thermal_with_people/I01687.jpg,set04v001,none,1687,person,person,keep,none,none,none
kaist_set04v001_001688,kaist,B+D,thermal,none,cleaned/thermal_with_people/I01688.jpg,set04v001,none,1688,person,person,keep,none,none,none
kaist_set04v001_001689,kaist,B+D,thermal,none,cleaned/thermal_with_people/I01689.jpg,set04v001,none,1689,person,person,keep,none,none,none
kaist_set04v001_001690,kaist,B+D,thermal,none,cleaned/thermal_with_people/I01690.jpg,set04v001,none,1690,person,person,keep,none,none,none
kaist_set04v001_001691,kaist,B+D,thermal,none,cleaned/thermal_with_people/I01691.jpg,set04v001,none,1691,person,person,keep,none,none,none
kaist_set04v001_001692,kaist,B+D,thermal,none,cleaned/thermal_with_people/I01692.jpg,set04v001,none,1692,person,person,keep,none,none,none
kaist_set04v001_001693,kaist,B+D,thermal,none,cleaned/thermal_with_people/I01693.jpg,set04v001,none,1693,person,person,keep,none,none,none
kaist_set04v001_001694,kaist,B+D,thermal,none,cleaned/thermal_with_people/I01694.jpg,set04v001,none,1694,person,person,keep,none,none,none
kaist_set04v001_001695,kaist,B+D,thermal,none,cleaned/thermal_with_people/I01695.jpg,set04v001,none,1695,person,person,keep,none,none,none
kaist_set04v001_001696,kaist,B+D,thermal,none,cleaned/thermal_with_people/I01696.jpg,set04v001,none,1696,person,person,keep,none,none,none
kaist_set04v001_001697,kaist,B+D,thermal,none,cleaned/thermal_with_people/I01697.jpg,set04v001,none,1697,person,person,keep,none,none,none
kaist_set04v001_001698,kaist,B+D,thermal,none,cleaned/thermal_with_people/I01698.jpg,set04v001,none,1698,person,person,keep,none,none,none
kaist_set04v001_001699,kaist,B+D,thermal,none,cleaned/thermal_with_people/I01699.jpg,set04v001,none,1699,person,person,keep,none,none,none
kaist_set04v001_001700,kaist,B+D,thermal,none,cleaned/thermal_with_people/I01700.jpg,set04v001,none,1700,person,person,keep,none,none,none
kaist_set04v001_001701,kaist,B+D,thermal,none,cleaned/thermal_with_people/I01701.jpg,set04v001,none,1701,person,person,keep,none,none,none
kaist_set04v001_001702,kaist,B+D,thermal,none,cleaned/thermal_with_people/I01702.jpg,set04v001,none,1702,person,person,keep,none,none,none
kaist_set04v001_001703,kaist,B+D,thermal,none,cleaned/thermal_with_people/I01703.jpg,set04v001,none,1703,person,person,keep,none,none,none
kaist_set04v001_001704,kaist,B+D,thermal,none,cleaned/thermal_with_people/I01704.jpg,set04v001,none,1704,person,person,keep,none,none,none
kaist_set04v001_001705,kaist,B+D,thermal,none,cleaned/thermal_with_people/I01705.jpg,set04v001,none,1705,person,person,keep,none,none,none
kaist_set04v001_001706,kaist,B+D,thermal,none,cleaned/thermal_with_people/I01706.jpg,set04v001,none,1706,person,person,keep,none,none,none
kaist_set04v001_001707,kaist,B+D,thermal,none,cleaned/thermal_with_people/I01707.jpg,set04v001,none,1707,person,person,keep,none,none,none
kaist_set04v001_001708,kaist,B+D,thermal,none,cleaned/thermal_with_people/I01708.jpg,set04v001,none,1708,person,person,keep,none,none,none
kaist_set04v001_001709,kaist,B+D,thermal,none,cleaned/thermal_with_people/I01709.jpg,set04v001,none,1709,person,person,keep,none,none,none
kaist_set04v001_001710,kaist,B+D,thermal,none,cleaned/thermal_with_people/I01710.jpg,set04v001,none,1710,person,person,keep,none,none,none
kaist_set04v001_001711,kaist,B+D,thermal,none,cleaned/thermal_with_people/I01711.jpg,set04v001,none,1711,person,person,keep,none,none,none
kaist_set04v001_001712,kaist,B+D,thermal,none,cleaned/thermal_with_people/I01712.jpg,set04v001,none,1712,person,person,keep,none,none,none
kaist_set04v001_001713,kaist,B+D,thermal,none,cleaned/thermal_with_people/I01713.jpg,set04v001,none,1713,person,person,keep,none,none,none
kaist_set04v001_001714,kaist,B+D,thermal,none,cleaned/thermal_with_people/I01714.jpg,set04v001,none,1714,person,person,keep,none,none,none
kaist_set04v001_001715,kaist,B+D,thermal,none,cleaned/thermal_with_people/I01715.jpg,set04v001,none,1715,person,person,keep,none,none,none
kaist_set04v001_001716,kaist,B+D,thermal,none,cleaned/thermal_with_people/I01716.jpg,set04v001,none,1716,person,person,keep,none,none,none
kaist_set04v001_001717,kaist,B+D,thermal,none,cleaned/thermal_with_people/I01717.jpg,set04v001,none,1717,person,person,keep,none,none,none
kaist_set04v001_001718,kaist,B+D,thermal,none,cleaned/thermal_with_people/I01718.jpg,set04v001,none,1718,person,person,keep,none,none,none
kaist_set04v001_001719,kaist,B+D,thermal,none,cleaned/thermal_with_people/I01719.jpg,set04v001,none,1719,person,person,keep,none,none,none
kaist_set04v001_001720,kaist,B+D,thermal,none,cleaned/thermal_with_people/I01720.jpg,set04v001,none,1720,person,person,keep,none,none,none
kaist_set04v001_001721,kaist,B+D,thermal,none,cleaned/thermal_with_people/I01721.jpg,set04v001,none,1721,person,person,keep,none,none,none
kaist_set04v001_001722,kaist,B+D,thermal,none,cleaned/thermal_with_people/I01722.jpg,set04v001,none,1722,person,person,keep,none,none,none
kaist_set04v001_001723,kaist,B+D,thermal,none,cleaned/thermal_with_people/I01723.jpg,set04v001,none,1723,person,person,keep,none,none,none
kaist_set04v001_001724,kaist,B+D,thermal,none,cleaned/thermal_with_people/I01724.jpg,set04v001,none,1724,person,person,keep,none,none,none
kaist_set04v001_001725,kaist,B+D,thermal,none,cleaned/thermal_with_people/I01725.jpg,set04v001,none,1725,person,person,keep,none,none,none
kaist_set04v001_001726,kaist,B+D,thermal,none,cleaned/thermal_with_people/I01726.jpg,set04v001,none,1726,person,person,keep,none,none,none
kaist_set04v001_001727,kaist,B+D,thermal,none,cleaned/thermal_with_people/I01727.jpg,set04v001,none,1727,person,person,keep,none,none,none
kaist_set04v001_001728,kaist,B+D,thermal,none,cleaned/thermal_with_people/I01728.jpg,set04v001,none,1728,person,person,keep,none,none,none
kaist_set04v001_001729,kaist,B+D,thermal,none,cleaned/thermal_with_people/I01729.jpg,set04v001,none,1729,person,person,keep,none,none,none
kaist_set04v001_001730,kaist,B+D,thermal,none,cleaned/thermal_with_people/I01730.jpg,set04v001,none,1730,person,person,keep,none,none,none
kaist_set04v001_001731,kaist,B+D,thermal,none,cleaned/thermal_with_people/I01731.jpg,set04v001,none,1731,person,person,keep,none,none,none
kaist_set04v001_001732,kaist,B+D,thermal,none,cleaned/thermal_with_people/I01732.jpg,set04v001,none,1732,person,person,keep,none,none,none
kaist_set04v001_001733,kaist,B+D,thermal,none,cleaned/thermal_with_people/I01733.jpg,set04v001,none,1733,person,person,keep,none,none,none
kaist_set04v001_001734,kaist,B+D,thermal,none,cleaned/thermal_with_people/I01734.jpg,set04v001,none,1734,person,person,keep,none,none,none
kaist_set04v001_001735,kaist,B+D,thermal,none,cleaned/thermal_with_people/I01735.jpg,set04v001,none,1735,person,person,keep,none,none,none
kaist_set04v001_001736,kaist,B+D,thermal,none,cleaned/thermal_with_people/I01736.jpg,set04v001,none,1736,person,person,keep,none,none,none
kaist_set04v001_001737,kaist,B+D,thermal,none,cleaned/thermal_with_people/I01737.jpg,set04v001,none,1737,person,person,keep,none,none,none
kaist_set04v001_001738,kaist,B+D,thermal,none,cleaned/thermal_with_people/I01738.jpg,set04v001,none,1738,person,person,keep,none,none,none
kaist_set04v001_001739,kaist,B+D,thermal,none,cleaned/thermal_with_people/I01739.jpg,set04v001,none,1739,person,person,keep,none,none,none
kaist_set04v001_001740,kaist,B+D,thermal,none,cleaned/thermal_with_people/I01740.jpg,set04v001,none,1740,person,person,keep,none,none,none
kaist_set04v001_001741,kaist,B+D,thermal,none,cleaned/thermal_with_people/I01741.jpg,set04v001,none,1741,person,person,keep,none,none,none
kaist_set04v001_001742,kaist,B+D,thermal,none,cleaned/thermal_with_people/I01742.jpg,set04v001,none,1742,person,person,keep,none,none,none
kaist_set04v001_001743,kaist,B+D,thermal,none,cleaned/thermal_with_people/I01743.jpg,set04v001,none,1743,person,person,keep,none,none,none
kaist_set04v001_001744,kaist,B+D,thermal,none,cleaned/thermal_with_people/I01744.jpg,set04v001,none,1744,person,person,keep,none,none,none
kaist_set04v001_001745,kaist,B+D,thermal,none,cleaned/thermal_with_people/I01745.jpg,set04v001,none,1745,person,person,keep,none,none,none
kaist_set04v001_001746,kaist,B+D,thermal,none,cleaned/thermal_with_people/I01746.jpg,set04v001,none,1746,person,person,keep,none,none,none
kaist_set04v001_001747,kaist,B+D,thermal,none,cleaned/thermal_with_people/I01747.jpg,set04v001,none,1747,person,person,keep,none,none,none
kaist_set04v001_001748,kaist,B+D,thermal,none,cleaned/thermal_with_people/I01748.jpg,set04v001,none,1748,person,person,keep,none,none,none
kaist_set04v001_001749,kaist,B+D,thermal,none,cleaned/thermal_with_people/I01749.jpg,set04v001,none,1749,person,person,keep,none,none,none
kaist_set04v001_001750,kaist,B+D,thermal,none,cleaned/thermal_with_people/I01750.jpg,set04v001,none,1750,person,person,keep,none,none,none
kaist_set04v001_001751,kaist,B+D,thermal,none,cleaned/thermal_with_people/I01751.jpg,set04v001,none,1751,person,person,keep,none,none,none
kaist_set04v001_001752,kaist,B+D,thermal,none,cleaned/thermal_with_people/I01752.jpg,set04v001,none,1752,person,person,keep,none,none,none
kaist_set04v001_001753,kaist,B+D,thermal,none,cleaned/thermal_with_people/I01753.jpg,set04v001,none,1753,person,person,keep,none,none,none
kaist_set04v001_001754,kaist,B+D,thermal,none,cleaned/thermal_with_people/I01754.jpg,set04v001,none,1754,person,person,keep,none,none,none
kaist_set04v001_001755,kaist,B+D,thermal,none,cleaned/thermal_with_people/I01755.jpg,set04v001,none,1755,person,person,keep,none,none,none
kaist_set04v001_001756,kaist,B+D,thermal,none,cleaned/thermal_with_people/I01756.jpg,set04v001,none,1756,person,person,keep,none,none,none
kaist_set04v001_001757,kaist,B+D,thermal,none,cleaned/thermal_with_people/I01757.jpg,set04v001,none,1757,person,person,keep,none,none,none
kaist_set04v001_001758,kaist,B+D,thermal,none,cleaned/thermal_with_people/I01758.jpg,set04v001,none,1758,person,person,keep,none,none,none
kaist_set04v001_001759,kaist,B+D,thermal,none,cleaned/thermal_with_people/I01759.jpg,set04v001,none,1759,person,person,keep,none,none,none
kaist_set04v001_001760,kaist,B+D,thermal,none,cleaned/thermal_with_people/I01760.jpg,set04v001,none,1760,person,person,keep,none,none,none
kaist_set04v001_001761,kaist,B+D,thermal,none,cleaned/thermal_with_people/I01761.jpg,set04v001,none,1761,person,person,keep,none,none,none
kaist_set04v001_001762,kaist,B+D,thermal,none,cleaned/thermal_with_people/I01762.jpg,set04v001,none,1762,person,person,keep,none,none,none
kaist_set04v001_001763,kaist,B+D,thermal,none,cleaned/thermal_with_people/I01763.jpg,set04v001,none,1763,person,person,keep,none,none,none
kaist_set04v001_001764,kaist,B+D,thermal,none,cleaned/thermal_with_people/I01764.jpg,set04v001,none,1764,person,person,keep,none,none,none
kaist_set04v001_001765,kaist,B+D,thermal,none,cleaned/thermal_with_people/I01765.jpg,set04v001,none,1765,person,person,keep,none,none,none
kaist_set04v001_001766,kaist,B+D,thermal,none,cleaned/thermal_with_people/I01766.jpg,set04v001,none,1766,person,person,keep,none,none,none
kaist_set04v001_001767,kaist,B+D,thermal,none,cleaned/thermal_with_people/I01767.jpg,set04v001,none,1767,person,person,keep,none,none,none
kaist_set04v001_001768,kaist,B+D,thermal,none,cleaned/thermal_with_people/I01768.jpg,set04v001,none,1768,person,person,keep,none,none,none
kaist_set04v001_001769,kaist,B+D,thermal,none,cleaned/thermal_with_people/I01769.jpg,set04v001,none,1769,person,person,keep,none,none,none
kaist_set04v001_001770,kaist,B+D,thermal,none,cleaned/thermal_with_people/I01770.jpg,set04v001,none,1770,person,person,keep,none,none,none
kaist_set04v001_001771,kaist,B+D,thermal,none,cleaned/thermal_with_people/I01771.jpg,set04v001,none,1771,person,person,keep,none,none,none
kaist_set04v001_001772,kaist,B+D,thermal,none,cleaned/thermal_with_people/I01772.jpg,set04v001,none,1772,person,person,keep,none,none,none
kaist_set04v001_001773,kaist,B+D,thermal,none,cleaned/thermal_with_people/I01773.jpg,set04v001,none,1773,person,person,keep,none,none,none
kaist_set04v001_001774,kaist,B+D,thermal,none,cleaned/thermal_with_people/I01774.jpg,set04v001,none,1774,person,person,keep,none,none,none
kaist_set04v001_001775,kaist,B+D,thermal,none,cleaned/thermal_with_people/I01775.jpg,set04v001,none,1775,person,person,keep,none,none,none
kaist_set04v001_001776,kaist,B+D,thermal,none,cleaned/thermal_with_people/I01776.jpg,set04v001,none,1776,person,person,keep,none,none,none
kaist_set04v001_001777,kaist,B+D,thermal,none,cleaned/thermal_with_people/I01777.jpg,set04v001,none,1777,person,person,keep,none,none,none
kaist_set04v001_001778,kaist,B+D,thermal,none,cleaned/thermal_with_people/I01778.jpg,set04v001,none,1778,person,person,keep,none,none,none
kaist_set04v001_001779,kaist,B+D,thermal,none,cleaned/thermal_with_people/I01779.jpg,set04v001,none,1779,person,person,keep,none,none,none
kaist_set04v001_001780,kaist,B+D,thermal,none,cleaned/thermal_with_people/I01780.jpg,set04v001,none,1780,person,person,keep,none,none,none
kaist_set04v001_001781,kaist,B+D,thermal,none,cleaned/thermal_with_people/I01781.jpg,set04v001,none,1781,person,person,keep,none,none,none
kaist_set04v001_001782,kaist,B+D,thermal,none,cleaned/thermal_with_people/I01782.jpg,set04v001,none,1782,person,person,keep,none,none,none
kaist_set04v001_001783,kaist,B+D,thermal,none,cleaned/thermal_with_people/I01783.jpg,set04v001,none,1783,person,person,keep,none,none,none
kaist_set04v001_001784,kaist,B+D,thermal,none,cleaned/thermal_with_people/I01784.jpg,set04v001,none,1784,person,person,keep,none,none,none
kaist_set04v001_001785,kaist,B+D,thermal,none,cleaned/thermal_with_people/I01785.jpg,set04v001,none,1785,person,person,keep,none,none,none
kaist_set04v001_001786,kaist,B+D,thermal,none,cleaned/thermal_with_people/I01786.jpg,set04v001,none,1786,person,person,keep,none,none,none
kaist_set04v001_001787,kaist,B+D,thermal,none,cleaned/thermal_with_people/I01787.jpg,set04v001,none,1787,person,person,keep,none,none,none
kaist_set04v001_001788,kaist,B+D,thermal,none,cleaned/thermal_with_people/I01788.jpg,set04v001,none,1788,person,person,keep,none,none,none
kaist_set04v001_001789,kaist,B+D,thermal,none,cleaned/thermal_with_people/I01789.jpg,set04v001,none,1789,person,person,keep,none,none,none
kaist_set04v001_001790,kaist,B+D,thermal,none,cleaned/thermal_with_people/I01790.jpg,set04v001,none,1790,person,person,keep,none,none,none
kaist_set04v001_001791,kaist,B+D,thermal,none,cleaned/thermal_with_people/I01791.jpg,set04v001,none,1791,person,person,keep,none,none,none
kaist_set04v001_001792,kaist,B+D,thermal,none,cleaned/thermal_with_people/I01792.jpg,set04v001,none,1792,person,person,keep,none,none,none
kaist_set04v001_001793,kaist,B+D,thermal,none,cleaned/thermal_with_people/I01793.jpg,set04v001,none,1793,person,person,keep,none,none,none
kaist_set04v001_001794,kaist,B+D,thermal,none,cleaned/thermal_with_people/I01794.jpg,set04v001,none,1794,person,person,keep,none,none,none
kaist_set04v001_001795,kaist,B+D,thermal,none,cleaned/thermal_with_people/I01795.jpg,set04v001,none,1795,person,person,keep,none,none,none
kaist_set04v001_001796,kaist,B+D,thermal,none,cleaned/thermal_with_people/I01796.jpg,set04v001,none,1796,person,person,keep,none,none,none
kaist_set04v001_001797,kaist,B+D,thermal,none,cleaned/thermal_with_people/I01797.jpg,set04v001,none,1797,person,person,keep,none,none,none
kaist_set04v001_001798,kaist,B+D,thermal,none,cleaned/thermal_with_people/I01798.jpg,set04v001,none,1798,person,person,keep,none,none,none
kaist_set04v001_001799,kaist,B+D,thermal,none,cleaned/thermal_with_people/I01799.jpg,set04v001,none,1799,person,person,keep,none,none,none
kaist_set04v001_001800,kaist,B+D,thermal,none,cleaned/thermal_with_people/I01800.jpg,set04v001,none,1800,person,person,keep,none,none,none
kaist_set04v001_001801,kaist,B+D,thermal,none,cleaned/thermal_with_people/I01801.jpg,set04v001,none,1801,person,person,keep,none,none,none
kaist_set04v001_001802,kaist,B+D,thermal,none,cleaned/thermal_with_people/I01802.jpg,set04v001,none,1802,person,person,keep,none,none,none
kaist_set04v001_001803,kaist,B+D,thermal,none,cleaned/thermal_with_people/I01803.jpg,set04v001,none,1803,person,person,keep,none,none,none
kaist_set04v001_001804,kaist,B+D,thermal,none,cleaned/thermal_with_people/I01804.jpg,set04v001,none,1804,person,person,keep,none,none,none
kaist_set04v001_001805,kaist,B+D,thermal,none,cleaned/thermal_with_people/I01805.jpg,set04v001,none,1805,person,person,keep,none,none,none
kaist_set04v001_001806,kaist,B+D,thermal,none,cleaned/thermal_with_people/I01806.jpg,set04v001,none,1806,person,person,keep,none,none,none
kaist_set04v001_001807,kaist,B+D,thermal,none,cleaned/thermal_with_people/I01807.jpg,set04v001,none,1807,person,person,keep,none,none,none
kaist_set04v001_001808,kaist,B+D,thermal,none,cleaned/thermal_with_people/I01808.jpg,set04v001,none,1808,person,person,keep,none,none,none
kaist_set04v001_001809,kaist,B+D,thermal,none,cleaned/thermal_with_people/I01809.jpg,set04v001,none,1809,person,person,keep,none,none,none
kaist_set04v001_001810,kaist,B+D,thermal,none,cleaned/thermal_with_people/I01810.jpg,set04v001,none,1810,person,person,keep,none,none,none
kaist_set04v001_001811,kaist,B+D,thermal,none,cleaned/thermal_with_people/I01811.jpg,set04v001,none,1811,person,person,keep,none,none,none
kaist_set04v001_001812,kaist,B+D,thermal,none,cleaned/thermal_with_people/I01812.jpg,set04v001,none,1812,person,person,keep,none,none,none
kaist_set04v001_001813,kaist,B+D,thermal,none,cleaned/thermal_with_people/I01813.jpg,set04v001,none,1813,person,person,keep,none,none,none
kaist_set04v001_001814,kaist,B+D,thermal,none,cleaned/thermal_with_people/I01814.jpg,set04v001,none,1814,person,person,keep,none,none,none
kaist_set04v001_001815,kaist,B+D,thermal,none,cleaned/thermal_with_people/I01815.jpg,set04v001,none,1815,person,person,keep,none,none,none
kaist_set04v001_001816,kaist,B+D,thermal,none,cleaned/thermal_with_people/I01816.jpg,set04v001,none,1816,person,person,keep,none,none,none
kaist_set04v001_001817,kaist,B+D,thermal,none,cleaned/thermal_with_people/I01817.jpg,set04v001,none,1817,person,person,keep,none,none,none
kaist_set04v001_001818,kaist,B+D,thermal,none,cleaned/thermal_with_people/I01818.jpg,set04v001,none,1818,person,person,keep,none,none,none
kaist_set04v001_001819,kaist,B+D,thermal,none,cleaned/thermal_with_people/I01819.jpg,set04v001,none,1819,person,person,keep,none,none,none
kaist_set04v001_001820,kaist,B+D,thermal,none,cleaned/thermal_with_people/I01820.jpg,set04v001,none,1820,person,person,keep,none,none,none
kaist_set04v001_001821,kaist,B+D,thermal,none,cleaned/thermal_with_people/I01821.jpg,set04v001,none,1821,person,person,keep,none,none,none
kaist_set04v001_001822,kaist,B+D,thermal,none,cleaned/thermal_with_people/I01822.jpg,set04v001,none,1822,person,person,keep,none,none,none
kaist_set04v001_001823,kaist,B+D,thermal,none,cleaned/thermal_with_people/I01823.jpg,set04v001,none,1823,person,person,keep,none,none,none
kaist_set04v001_001824,kaist,B+D,thermal,none,cleaned/thermal_with_people/I01824.jpg,set04v001,none,1824,person,person,keep,none,none,none
kaist_set04v001_001825,kaist,B+D,thermal,none,cleaned/thermal_with_people/I01825.jpg,set04v001,none,1825,person,person,keep,none,none,none
kaist_set04v001_001826,kaist,B+D,thermal,none,cleaned/thermal_with_people/I01826.jpg,set04v001,none,1826,person,person,keep,none,none,none
kaist_set04v001_001827,kaist,B+D,thermal,none,cleaned/thermal_with_people/I01827.jpg,set04v001,none,1827,person,person,keep,none,none,none
kaist_set04v001_001828,kaist,B+D,thermal,none,cleaned/thermal_with_people/I01828.jpg,set04v001,none,1828,person,person,keep,none,none,none
kaist_set04v001_001829,kaist,B+D,thermal,none,cleaned/thermal_with_people/I01829.jpg,set04v001,none,1829,person,person,keep,none,none,none
kaist_set04v001_001830,kaist,B+D,thermal,none,cleaned/thermal_with_people/I01830.jpg,set04v001,none,1830,person,person,keep,none,none,none
kaist_set04v001_001831,kaist,B+D,thermal,none,cleaned/thermal_with_people/I01831.jpg,set04v001,none,1831,person,person,keep,none,none,none
kaist_set04v001_001832,kaist,B+D,thermal,none,cleaned/thermal_with_people/I01832.jpg,set04v001,none,1832,person,person,keep,none,none,none
kaist_set04v001_001833,kaist,B+D,thermal,none,cleaned/thermal_with_people/I01833.jpg,set04v001,none,1833,person,person,keep,none,none,none
kaist_set04v001_001834,kaist,B+D,thermal,none,cleaned/thermal_with_people/I01834.jpg,set04v001,none,1834,person,person,keep,none,none,none
kaist_set04v001_001835,kaist,B+D,thermal,none,cleaned/thermal_with_people/I01835.jpg,set04v001,none,1835,person,person,keep,none,none,none
kaist_set04v001_001836,kaist,B+D,thermal,none,cleaned/thermal_with_people/I01836.jpg,set04v001,none,1836,person,person,keep,none,none,none
kaist_set04v001_001837,kaist,B+D,thermal,none,cleaned/thermal_with_people/I01837.jpg,set04v001,none,1837,person,person,keep,none,none,none
kaist_set04v001_001838,kaist,B+D,thermal,none,cleaned/thermal_with_people/I01838.jpg,set04v001,none,1838,person,person,keep,none,none,none
kaist_set04v001_001839,kaist,B+D,thermal,none,cleaned/thermal_with_people/I01839.jpg,set04v001,none,1839,person,person,keep,none,none,none
kaist_set04v001_001840,kaist,B+D,thermal,none,cleaned/thermal_with_people/I01840.jpg,set04v001,none,1840,person,person,keep,none,none,none
kaist_set04v001_001841,kaist,B+D,thermal,none,cleaned/thermal_with_people/I01841.jpg,set04v001,none,1841,person,person,keep,none,none,none
kaist_set04v001_001842,kaist,B+D,thermal,none,cleaned/thermal_with_people/I01842.jpg,set04v001,none,1842,person,person,keep,none,none,none
kaist_set04v001_001843,kaist,B+D,thermal,none,cleaned/thermal_with_people/I01843.jpg,set04v001,none,1843,person,person,keep,none,none,none
kaist_set04v001_001844,kaist,B+D,thermal,none,cleaned/thermal_with_people/I01844.jpg,set04v001,none,1844,person,person,keep,none,none,none
kaist_set04v001_001845,kaist,B+D,thermal,none,cleaned/thermal_with_people/I01845.jpg,set04v001,none,1845,person,person,keep,none,none,none
kaist_set04v001_001846,kaist,B+D,thermal,none,cleaned/thermal_with_people/I01846.jpg,set04v001,none,1846,person,person,keep,none,none,none
kaist_set04v001_001847,kaist,B+D,thermal,none,cleaned/thermal_with_people/I01847.jpg,set04v001,none,1847,person,person,keep,none,none,none
kaist_set04v001_001848,kaist,B+D,thermal,none,cleaned/thermal_with_people/I01848.jpg,set04v001,none,1848,person,person,keep,none,none,none
kaist_set04v001_001849,kaist,B+D,thermal,none,cleaned/thermal_with_people/I01849.jpg,set04v001,none,1849,person,person,keep,none,none,none
kaist_set04v001_001850,kaist,B+D,thermal,none,cleaned/thermal_with_people/I01850.jpg,set04v001,none,1850,person,person,keep,none,none,none
kaist_set04v001_001851,kaist,B+D,thermal,none,cleaned/thermal_with_people/I01851.jpg,set04v001,none,1851,person,person,keep,none,none,none
kaist_set04v001_001852,kaist,B+D,thermal,none,cleaned/thermal_with_people/I01852.jpg,set04v001,none,1852,person,person,keep,none,none,none
kaist_set04v001_001853,kaist,B+D,thermal,none,cleaned/thermal_with_people/I01853.jpg,set04v001,none,1853,person,person,keep,none,none,none
kaist_set04v001_001854,kaist,B+D,thermal,none,cleaned/thermal_with_people/I01854.jpg,set04v001,none,1854,person,person,keep,none,none,none
kaist_set04v001_001855,kaist,B+D,thermal,none,cleaned/thermal_with_people/I01855.jpg,set04v001,none,1855,person,person,keep,none,none,none
kaist_set04v001_001856,kaist,B+D,thermal,none,cleaned/thermal_with_people/I01856.jpg,set04v001,none,1856,person,person,keep,none,none,none
kaist_set04v001_001857,kaist,B+D,thermal,none,cleaned/thermal_with_people/I01857.jpg,set04v001,none,1857,person,person,keep,none,none,none
kaist_set04v001_001858,kaist,B+D,thermal,none,cleaned/thermal_with_people/I01858.jpg,set04v001,none,1858,person,person,keep,none,none,none
kaist_set04v001_001859,kaist,B+D,thermal,none,cleaned/thermal_with_people/I01859.jpg,set04v001,none,1859,person,person,keep,none,none,none
kaist_set04v001_001860,kaist,B+D,thermal,none,cleaned/thermal_with_people/I01860.jpg,set04v001,none,1860,person,person,keep,none,none,none
kaist_set04v001_001861,kaist,B+D,thermal,none,cleaned/thermal_with_people/I01861.jpg,set04v001,none,1861,person,person,keep,none,none,none
kaist_set04v001_001862,kaist,B+D,thermal,none,cleaned/thermal_with_people/I01862.jpg,set04v001,none,1862,person,person,keep,none,none,none
kaist_set04v001_001863,kaist,B+D,thermal,none,cleaned/thermal_with_people/I01863.jpg,set04v001,none,1863,person,person,keep,none,none,none
kaist_set04v001_001864,kaist,B+D,thermal,none,cleaned/thermal_with_people/I01864.jpg,set04v001,none,1864,person,person,keep,none,none,none
kaist_set04v001_001865,kaist,B+D,thermal,none,cleaned/thermal_with_people/I01865.jpg,set04v001,none,1865,person,person,keep,none,none,none
kaist_set04v001_001866,kaist,B+D,thermal,none,cleaned/thermal_with_people/I01866.jpg,set04v001,none,1866,person,person,keep,none,none,none
kaist_set04v001_001867,kaist,B+D,thermal,none,cleaned/thermal_with_people/I01867.jpg,set04v001,none,1867,person,person,keep,none,none,none
kaist_set04v001_001868,kaist,B+D,thermal,none,cleaned/thermal_with_people/I01868.jpg,set04v001,none,1868,person,person,keep,none,none,none
kaist_set04v001_001869,kaist,B+D,thermal,none,cleaned/thermal_with_people/I01869.jpg,set04v001,none,1869,person,person,keep,none,none,none
kaist_set04v001_001870,kaist,B+D,thermal,none,cleaned/thermal_with_people/I01870.jpg,set04v001,none,1870,person,person,keep,none,none,none
kaist_set04v001_001871,kaist,B+D,thermal,none,cleaned/thermal_with_people/I01871.jpg,set04v001,none,1871,person,person,keep,none,none,none
kaist_set04v001_001872,kaist,B+D,thermal,none,cleaned/thermal_with_people/I01872.jpg,set04v001,none,1872,person,person,keep,none,none,none
kaist_set04v001_001873,kaist,B+D,thermal,none,cleaned/thermal_with_people/I01873.jpg,set04v001,none,1873,person,person,keep,none,none,none
kaist_set04v001_001874,kaist,B+D,thermal,none,cleaned/thermal_with_people/I01874.jpg,set04v001,none,1874,person,person,keep,none,none,none
kaist_set04v001_001875,kaist,B+D,thermal,none,cleaned/thermal_with_people/I01875.jpg,set04v001,none,1875,person,person,keep,none,none,none
kaist_set04v001_001876,kaist,B+D,thermal,none,cleaned/thermal_with_people/I01876.jpg,set04v001,none,1876,person,person,keep,none,none,none
kaist_set04v001_001877,kaist,B+D,thermal,none,cleaned/thermal_with_people/I01877.jpg,set04v001,none,1877,person,person,keep,none,none,none
kaist_set04v001_001878,kaist,B+D,thermal,none,cleaned/thermal_with_people/I01878.jpg,set04v001,none,1878,person,person,keep,none,none,none
kaist_set04v001_001879,kaist,B+D,thermal,none,cleaned/thermal_with_people/I01879.jpg,set04v001,none,1879,person,person,keep,none,none,none
kaist_set04v001_001880,kaist,B+D,thermal,none,cleaned/thermal_with_people/I01880.jpg,set04v001,none,1880,person,person,keep,none,none,none
kaist_set04v001_001881,kaist,B+D,thermal,none,cleaned/thermal_with_people/I01881.jpg,set04v001,none,1881,person,person,keep,none,none,none
kaist_set04v001_001882,kaist,B+D,thermal,none,cleaned/thermal_with_people/I01882.jpg,set04v001,none,1882,person,person,keep,none,none,none
kaist_set04v001_001883,kaist,B+D,thermal,none,cleaned/thermal_with_people/I01883.jpg,set04v001,none,1883,person,person,keep,none,none,none
kaist_set04v001_001884,kaist,B+D,thermal,none,cleaned/thermal_with_people/I01884.jpg,set04v001,none,1884,person,person,keep,none,none,none
kaist_set04v001_001885,kaist,B+D,thermal,none,cleaned/thermal_with_people/I01885.jpg,set04v001,none,1885,person,person,keep,none,none,none
kaist_set04v001_001886,kaist,B+D,thermal,none,cleaned/thermal_with_people/I01886.jpg,set04v001,none,1886,person,person,keep,none,none,none
kaist_set04v001_001887,kaist,B+D,thermal,none,cleaned/thermal_with_people/I01887.jpg,set04v001,none,1887,person,person,keep,none,none,none
kaist_set04v001_001888,kaist,B+D,thermal,none,cleaned/thermal_with_people/I01888.jpg,set04v001,none,1888,person,person,keep,none,none,none
kaist_set04v001_001889,kaist,B+D,thermal,none,cleaned/thermal_with_people/I01889.jpg,set04v001,none,1889,person,person,keep,none,none,none
kaist_set04v001_001890,kaist,B+D,thermal,none,cleaned/thermal_with_people/I01890.jpg,set04v001,none,1890,person,person,keep,none,none,none
kaist_set04v001_001891,kaist,B+D,thermal,none,images/set04/V001/lwir/I01891.jpg,set04v001,none,1891,none,none,exclude,E-NO-PERSON,none,No pedestrian in frame
kaist_set04v001_001892,kaist,B+D,thermal,none,images/set04/V001/lwir/I01892.jpg,set04v001,none,1892,none,none,exclude,E-NO-PERSON,none,No pedestrian in frame
kaist_set04v001_001893,kaist,B+D,thermal,none,cleaned/thermal_with_people/I01893.jpg,set04v001,none,1893,person,person,keep,none,none,none
kaist_set04v001_001894,kaist,B+D,thermal,none,cleaned/thermal_with_people/I01894.jpg,set04v001,none,1894,person,person,keep,none,none,none
kaist_set04v001_001895,kaist,B+D,thermal,none,cleaned/thermal_with_people/I01895.jpg,set04v001,none,1895,person,person,keep,none,none,none
kaist_set04v001_001896,kaist,B+D,thermal,none,cleaned/thermal_with_people/I01896.jpg,set04v001,none,1896,person,person,keep,none,none,none
kaist_set04v001_001897,kaist,B+D,thermal,none,cleaned/thermal_with_people/I01897.jpg,set04v001,none,1897,person,person,keep,none,none,none
kaist_set04v001_001898,kaist,B+D,thermal,none,cleaned/thermal_with_people/I01898.jpg,set04v001,none,1898,person,person,keep,none,none,none
kaist_set04v001_001899,kaist,B+D,thermal,none,cleaned/thermal_with_people/I01899.jpg,set04v001,none,1899,person,person,keep,none,none,none
kaist_set04v001_001900,kaist,B+D,thermal,none,cleaned/thermal_with_people/I01900.jpg,set04v001,none,1900,person,person,keep,none,none,none
kaist_set04v001_001901,kaist,B+D,thermal,none,cleaned/thermal_with_people/I01901.jpg,set04v001,none,1901,person,person,keep,none,none,none
kaist_set04v001_001902,kaist,B+D,thermal,none,cleaned/thermal_with_people/I01902.jpg,set04v001,none,1902,person,person,keep,none,none,none
kaist_set04v001_001903,kaist,B+D,thermal,none,cleaned/thermal_with_people/I01903.jpg,set04v001,none,1903,person,person,keep,none,none,none
kaist_set04v001_001904,kaist,B+D,thermal,none,cleaned/thermal_with_people/I01904.jpg,set04v001,none,1904,person,person,keep,none,none,none
kaist_set04v001_001905,kaist,B+D,thermal,none,cleaned/thermal_with_people/I01905.jpg,set04v001,none,1905,person,person,keep,none,none,none
kaist_set04v001_001906,kaist,B+D,thermal,none,images/set04/V001/lwir/I01906.jpg,set04v001,none,1906,none,none,exclude,E-NO-PERSON,none,No pedestrian in frame
kaist_set04v001_001907,kaist,B+D,thermal,none,images/set04/V001/lwir/I01907.jpg,set04v001,none,1907,none,none,exclude,E-NO-PERSON,none,No pedestrian in frame
kaist_set04v001_001908,kaist,B+D,thermal,none,images/set04/V001/lwir/I01908.jpg,set04v001,none,1908,none,none,exclude,E-NO-PERSON,none,No pedestrian in frame
kaist_set04v001_001909,kaist,B+D,thermal,none,images/set04/V001/lwir/I01909.jpg,set04v001,none,1909,none,none,exclude,E-NO-PERSON,none,No pedestrian in frame
kaist_set04v001_001910,kaist,B+D,thermal,none,images/set04/V001/lwir/I01910.jpg,set04v001,none,1910,none,none,exclude,E-NO-PERSON,none,No pedestrian in frame
kaist_set04v001_001911,kaist,B+D,thermal,none,images/set04/V001/lwir/I01911.jpg,set04v001,none,1911,none,none,exclude,E-NO-PERSON,none,No pedestrian in frame
kaist_set04v001_001912,kaist,B+D,thermal,none,images/set04/V001/lwir/I01912.jpg,set04v001,none,1912,none,none,exclude,E-NO-PERSON,none,No pedestrian in frame
kaist_set04v001_001913,kaist,B+D,thermal,none,images/set04/V001/lwir/I01913.jpg,set04v001,none,1913,none,none,exclude,E-NO-PERSON,none,No pedestrian in frame
kaist_set04v001_001914,kaist,B+D,thermal,none,images/set04/V001/lwir/I01914.jpg,set04v001,none,1914,none,none,exclude,E-NO-PERSON,none,No pedestrian in frame
kaist_set04v001_001915,kaist,B+D,thermal,none,images/set04/V001/lwir/I01915.jpg,set04v001,none,1915,none,none,exclude,E-NO-PERSON,none,No pedestrian in frame
kaist_set04v001_001916,kaist,B+D,thermal,none,images/set04/V001/lwir/I01916.jpg,set04v001,none,1916,none,none,exclude,E-NO-PERSON,none,No pedestrian in frame
kaist_set04v001_001917,kaist,B+D,thermal,none,images/set04/V001/lwir/I01917.jpg,set04v001,none,1917,none,none,exclude,E-NO-PERSON,none,No pedestrian in frame
kaist_set04v001_001918,kaist,B+D,thermal,none,images/set04/V001/lwir/I01918.jpg,set04v001,none,1918,none,none,exclude,E-NO-PERSON,none,No pedestrian in frame
kaist_set04v001_001919,kaist,B+D,thermal,none,images/set04/V001/lwir/I01919.jpg,set04v001,none,1919,none,none,exclude,E-NO-PERSON,none,No pedestrian in frame
kaist_set04v001_001920,kaist,B+D,thermal,none,images/set04/V001/lwir/I01920.jpg,set04v001,none,1920,none,none,exclude,E-NO-PERSON,none,No pedestrian in frame
kaist_set04v001_001921,kaist,B+D,thermal,none,images/set04/V001/lwir/I01921.jpg,set04v001,none,1921,none,none,exclude,E-NO-PERSON,none,No pedestrian in frame
kaist_set04v001_001922,kaist,B+D,thermal,none,images/set04/V001/lwir/I01922.jpg,set04v001,none,1922,none,none,exclude,E-NO-PERSON,none,No pedestrian in frame
kaist_set04v001_001923,kaist,B+D,thermal,none,images/set04/V001/lwir/I01923.jpg,set04v001,none,1923,none,none,exclude,E-NO-PERSON,none,No pedestrian in frame
kaist_set04v001_001924,kaist,B+D,thermal,none,images/set04/V001/lwir/I01924.jpg,set04v001,none,1924,none,none,exclude,E-NO-PERSON,none,No pedestrian in frame
kaist_set04v001_001925,kaist,B+D,thermal,none,images/set04/V001/lwir/I01925.jpg,set04v001,none,1925,none,none,exclude,E-NO-PERSON,none,No pedestrian in frame
kaist_set04v001_001926,kaist,B+D,thermal,none,images/set04/V001/lwir/I01926.jpg,set04v001,none,1926,none,none,exclude,E-NO-PERSON,none,No pedestrian in frame
kaist_set04v001_001927,kaist,B+D,thermal,none,images/set04/V001/lwir/I01927.jpg,set04v001,none,1927,none,none,exclude,E-NO-PERSON,none,No pedestrian in frame
kaist_set04v001_001928,kaist,B+D,thermal,none,images/set04/V001/lwir/I01928.jpg,set04v001,none,1928,none,none,exclude,E-NO-PERSON,none,No pedestrian in frame
kaist_set04v001_001929,kaist,B+D,thermal,none,images/set04/V001/lwir/I01929.jpg,set04v001,none,1929,none,none,exclude,E-NO-PERSON,none,No pedestrian in frame
kaist_set04v001_001930,kaist,B+D,thermal,none,images/set04/V001/lwir/I01930.jpg,set04v001,none,1930,none,none,exclude,E-NO-PERSON,none,No pedestrian in frame
kaist_set04v001_001931,kaist,B+D,thermal,none,images/set04/V001/lwir/I01931.jpg,set04v001,none,1931,none,none,exclude,E-NO-PERSON,none,No pedestrian in frame
kaist_set04v001_001932,kaist,B+D,thermal,none,images/set04/V001/lwir/I01932.jpg,set04v001,none,1932,none,none,exclude,E-NO-PERSON,none,No pedestrian in frame
kaist_set04v001_001933,kaist,B+D,thermal,none,images/set04/V001/lwir/I01933.jpg,set04v001,none,1933,none,none,exclude,E-NO-PERSON,none,No pedestrian in frame
kaist_set04v001_001934,kaist,B+D,thermal,none,images/set04/V001/lwir/I01934.jpg,set04v001,none,1934,none,none,exclude,E-NO-PERSON,none,No pedestrian in frame
kaist_set04v001_001935,kaist,B+D,thermal,none,images/set04/V001/lwir/I01935.jpg,set04v001,none,1935,none,none,exclude,E-NO-PERSON,none,No pedestrian in frame
kaist_set04v001_001936,kaist,B+D,thermal,none,images/set04/V001/lwir/I01936.jpg,set04v001,none,1936,none,none,exclude,E-NO-PERSON,none,No pedestrian in frame
kaist_set04v001_001937,kaist,B+D,thermal,none,images/set04/V001/lwir/I01937.jpg,set04v001,none,1937,none,none,exclude,E-NO-PERSON,none,No pedestrian in frame
kaist_set04v001_001938,kaist,B+D,thermal,none,images/set04/V001/lwir/I01938.jpg,set04v001,none,1938,none,none,exclude,E-NO-PERSON,none,No pedestrian in frame
kaist_set04v001_001939,kaist,B+D,thermal,none,images/set04/V001/lwir/I01939.jpg,set04v001,none,1939,none,none,exclude,E-NO-PERSON,none,No pedestrian in frame
kaist_set04v001_001940,kaist,B+D,thermal,none,images/set04/V001/lwir/I01940.jpg,set04v001,none,1940,none,none,exclude,E-NO-PERSON,none,No pedestrian in frame
kaist_set04v001_001941,kaist,B+D,thermal,none,images/set04/V001/lwir/I01941.jpg,set04v001,none,1941,none,none,exclude,E-NO-PERSON,none,No pedestrian in frame
kaist_set04v001_001942,kaist,B+D,thermal,none,images/set04/V001/lwir/I01942.jpg,set04v001,none,1942,none,none,exclude,E-NO-PERSON,none,No pedestrian in frame
kaist_set04v001_001943,kaist,B+D,thermal,none,images/set04/V001/lwir/I01943.jpg,set04v001,none,1943,none,none,exclude,E-NO-PERSON,none,No pedestrian in frame
kaist_set04v001_001944,kaist,B+D,thermal,none,images/set04/V001/lwir/I01944.jpg,set04v001,none,1944,none,none,exclude,E-NO-PERSON,none,No pedestrian in frame
kaist_set04v001_001945,kaist,B+D,thermal,none,images/set04/V001/lwir/I01945.jpg,set04v001,none,1945,none,none,exclude,E-NO-PERSON,none,No pedestrian in frame
kaist_set04v001_001946,kaist,B+D,thermal,none,images/set04/V001/lwir/I01946.jpg,set04v001,none,1946,none,none,exclude,E-NO-PERSON,none,No pedestrian in frame
kaist_set04v001_001947,kaist,B+D,thermal,none,images/set04/V001/lwir/I01947.jpg,set04v001,none,1947,none,none,exclude,E-NO-PERSON,none,No pedestrian in frame
kaist_set04v001_001948,kaist,B+D,thermal,none,images/set04/V001/lwir/I01948.jpg,set04v001,none,1948,none,none,exclude,E-NO-PERSON,none,No pedestrian in frame
kaist_set04v001_001949,kaist,B+D,thermal,none,images/set04/V001/lwir/I01949.jpg,set04v001,none,1949,none,none,exclude,E-NO-PERSON,none,No pedestrian in frame
kaist_set04v001_001950,kaist,B+D,thermal,none,images/set04/V001/lwir/I01950.jpg,set04v001,none,1950,none,none,exclude,E-NO-PERSON,none,No pedestrian in frame
kaist_set04v001_001951,kaist,B+D,thermal,none,images/set04/V001/lwir/I01951.jpg,set04v001,none,1951,none,none,exclude,E-NO-PERSON,none,No pedestrian in frame
kaist_set04v001_001952,kaist,B+D,thermal,none,images/set04/V001/lwir/I01952.jpg,set04v001,none,1952,none,none,exclude,E-NO-PERSON,none,No pedestrian in frame
kaist_set04v001_001953,kaist,B+D,thermal,none,images/set04/V001/lwir/I01953.jpg,set04v001,none,1953,none,none,exclude,E-NO-PERSON,none,No pedestrian in frame
kaist_set04v001_001954,kaist,B+D,thermal,none,images/set04/V001/lwir/I01954.jpg,set04v001,none,1954,none,none,exclude,E-NO-PERSON,none,No pedestrian in frame
kaist_set04v001_001955,kaist,B+D,thermal,none,images/set04/V001/lwir/I01955.jpg,set04v001,none,1955,none,none,exclude,E-NO-PERSON,none,No pedestrian in frame
kaist_set04v001_001956,kaist,B+D,thermal,none,images/set04/V001/lwir/I01956.jpg,set04v001,none,1956,none,none,exclude,E-NO-PERSON,none,No pedestrian in frame
kaist_set04v001_001957,kaist,B+D,thermal,none,images/set04/V001/lwir/I01957.jpg,set04v001,none,1957,none,none,exclude,E-NO-PERSON,none,No pedestrian in frame
kaist_set04v001_001958,kaist,B+D,thermal,none,images/set04/V001/lwir/I01958.jpg,set04v001,none,1958,none,none,exclude,E-NO-PERSON,none,No pedestrian in frame
kaist_set04v001_001959,kaist,B+D,thermal,none,images/set04/V001/lwir/I01959.jpg,set04v001,none,1959,none,none,exclude,E-NO-PERSON,none,No pedestrian in frame
kaist_set04v001_001960,kaist,B+D,thermal,none,images/set04/V001/lwir/I01960.jpg,set04v001,none,1960,none,none,exclude,E-NO-PERSON,none,No pedestrian in frame
kaist_set04v001_001961,kaist,B+D,thermal,none,images/set04/V001/lwir/I01961.jpg,set04v001,none,1961,none,none,exclude,E-NO-PERSON,none,No pedestrian in frame
kaist_set04v001_001962,kaist,B+D,thermal,none,images/set04/V001/lwir/I01962.jpg,set04v001,none,1962,none,none,exclude,E-NO-PERSON,none,No pedestrian in frame
kaist_set04v001_001963,kaist,B+D,thermal,none,images/set04/V001/lwir/I01963.jpg,set04v001,none,1963,none,none,exclude,E-NO-PERSON,none,No pedestrian in frame
kaist_set04v001_001964,kaist,B+D,thermal,none,images/set04/V001/lwir/I01964.jpg,set04v001,none,1964,none,none,exclude,E-NO-PERSON,none,No pedestrian in frame
kaist_set04v001_001965,kaist,B+D,thermal,none,images/set04/V001/lwir/I01965.jpg,set04v001,none,1965,none,none,exclude,E-NO-PERSON,none,No pedestrian in frame
kaist_set04v001_001966,kaist,B+D,thermal,none,images/set04/V001/lwir/I01966.jpg,set04v001,none,1966,none,none,exclude,E-NO-PERSON,none,No pedestrian in frame
kaist_set04v001_001967,kaist,B+D,thermal,none,images/set04/V001/lwir/I01967.jpg,set04v001,none,1967,none,none,exclude,E-NO-PERSON,none,No pedestrian in frame
kaist_set04v001_001968,kaist,B+D,thermal,none,images/set04/V001/lwir/I01968.jpg,set04v001,none,1968,none,none,exclude,E-NO-PERSON,none,No pedestrian in frame
kaist_set04v001_001969,kaist,B+D,thermal,none,images/set04/V001/lwir/I01969.jpg,set04v001,none,1969,none,none,exclude,E-NO-PERSON,none,No pedestrian in frame
kaist_set04v001_001970,kaist,B+D,thermal,none,images/set04/V001/lwir/I01970.jpg,set04v001,none,1970,none,none,exclude,E-NO-PERSON,none,No pedestrian in frame
kaist_set04v001_001971,kaist,B+D,thermal,none,images/set04/V001/lwir/I01971.jpg,set04v001,none,1971,none,none,exclude,E-NO-PERSON,none,No pedestrian in frame
kaist_set04v001_001972,kaist,B+D,thermal,none,images/set04/V001/lwir/I01972.jpg,set04v001,none,1972,none,none,exclude,E-NO-PERSON,none,No pedestrian in frame
kaist_set04v001_001973,kaist,B+D,thermal,none,images/set04/V001/lwir/I01973.jpg,set04v001,none,1973,none,none,exclude,E-NO-PERSON,none,No pedestrian in frame
kaist_set04v001_001974,kaist,B+D,thermal,none,images/set04/V001/lwir/I01974.jpg,set04v001,none,1974,none,none,exclude,E-NO-PERSON,none,No pedestrian in frame
kaist_set04v001_001975,kaist,B+D,thermal,none,images/set04/V001/lwir/I01975.jpg,set04v001,none,1975,none,none,exclude,E-NO-PERSON,none,No pedestrian in frame
kaist_set04v001_001976,kaist,B+D,thermal,none,images/set04/V001/lwir/I01976.jpg,set04v001,none,1976,none,none,exclude,E-NO-PERSON,none,No pedestrian in frame
kaist_set04v001_001977,kaist,B+D,thermal,none,images/set04/V001/lwir/I01977.jpg,set04v001,none,1977,none,none,exclude,E-NO-PERSON,none,No pedestrian in frame
kaist_set04v001_001978,kaist,B+D,thermal,none,images/set04/V001/lwir/I01978.jpg,set04v001,none,1978,none,none,exclude,E-NO-PERSON,none,No pedestrian in frame
kaist_set04v001_001979,kaist,B+D,thermal,none,images/set04/V001/lwir/I01979.jpg,set04v001,none,1979,none,none,exclude,E-NO-PERSON,none,No pedestrian in frame
kaist_set04v001_001980,kaist,B+D,thermal,none,images/set04/V001/lwir/I01980.jpg,set04v001,none,1980,none,none,exclude,E-NO-PERSON,none,No pedestrian in frame
kaist_set04v001_001981,kaist,B+D,thermal,none,images/set04/V001/lwir/I01981.jpg,set04v001,none,1981,none,none,exclude,E-NO-PERSON,none,No pedestrian in frame
kaist_set04v001_001982,kaist,B+D,thermal,none,images/set04/V001/lwir/I01982.jpg,set04v001,none,1982,none,none,exclude,E-NO-PERSON,none,No pedestrian in frame
kaist_set04v001_001983,kaist,B+D,thermal,none,images/set04/V001/lwir/I01983.jpg,set04v001,none,1983,none,none,exclude,E-NO-PERSON,none,No pedestrian in frame
kaist_set04v001_001984,kaist,B+D,thermal,none,images/set04/V001/lwir/I01984.jpg,set04v001,none,1984,none,none,exclude,E-NO-PERSON,none,No pedestrian in frame
kaist_set04v001_001985,kaist,B+D,thermal,none,images/set04/V001/lwir/I01985.jpg,set04v001,none,1985,none,none,exclude,E-NO-PERSON,none,No pedestrian in frame
kaist_set04v001_001986,kaist,B+D,thermal,none,images/set04/V001/lwir/I01986.jpg,set04v001,none,1986,none,none,exclude,E-NO-PERSON,none,No pedestrian in frame
kaist_set04v001_001987,kaist,B+D,thermal,none,images/set04/V001/lwir/I01987.jpg,set04v001,none,1987,none,none,exclude,E-NO-PERSON,none,No pedestrian in frame
kaist_set04v001_001988,kaist,B+D,thermal,none,images/set04/V001/lwir/I01988.jpg,set04v001,none,1988,none,none,exclude,E-NO-PERSON,none,No pedestrian in frame
kaist_set04v001_001989,kaist,B+D,thermal,none,images/set04/V001/lwir/I01989.jpg,set04v001,none,1989,none,none,exclude,E-NO-PERSON,none,No pedestrian in frame
kaist_set04v001_001990,kaist,B+D,thermal,none,images/set04/V001/lwir/I01990.jpg,set04v001,none,1990,none,none,exclude,E-NO-PERSON,none,No pedestrian in frame
kaist_set04v001_001991,kaist,B+D,thermal,none,images/set04/V001/lwir/I01991.jpg,set04v001,none,1991,none,none,exclude,E-NO-PERSON,none,No pedestrian in frame
kaist_set04v001_001992,kaist,B+D,thermal,none,images/set04/V001/lwir/I01992.jpg,set04v001,none,1992,none,none,exclude,E-NO-PERSON,none,No pedestrian in frame
kaist_set04v001_001993,kaist,B+D,thermal,none,images/set04/V001/lwir/I01993.jpg,set04v001,none,1993,none,none,exclude,E-NO-PERSON,none,No pedestrian in frame
kaist_set04v001_001994,kaist,B+D,thermal,none,images/set04/V001/lwir/I01994.jpg,set04v001,none,1994,none,none,exclude,E-NO-PERSON,none,No pedestrian in frame
kaist_set04v001_001995,kaist,B+D,thermal,none,images/set04/V001/lwir/I01995.jpg,set04v001,none,1995,none,none,exclude,E-NO-PERSON,none,No pedestrian in frame
kaist_set04v001_001996,kaist,B+D,thermal,none,images/set04/V001/lwir/I01996.jpg,set04v001,none,1996,none,none,exclude,E-NO-PERSON,none,No pedestrian in frame
kaist_set04v001_001997,kaist,B+D,thermal,none,images/set04/V001/lwir/I01997.jpg,set04v001,none,1997,none,none,exclude,E-NO-PERSON,none,No pedestrian in frame
kaist_set04v001_001998,kaist,B+D,thermal,none,images/set04/V001/lwir/I01998.jpg,set04v001,none,1998,none,none,exclude,E-NO-PERSON,none,No pedestrian in frame
kaist_set04v001_001999,kaist,B+D,thermal,none,images/set04/V001/lwir/I01999.jpg,set04v001,none,1999,none,none,exclude,E-NO-PERSON,none,No pedestrian in frame
kaist_set04v001_002000,kaist,B+D,thermal,none,images/set04/V001/lwir/I02000.jpg,set04v001,none,2000,none,none,exclude,E-NO-PERSON,none,No pedestrian in frame
kaist_set04v001_002001,kaist,B+D,thermal,none,images/set04/V001/lwir/I02001.jpg,set04v001,none,2001,none,none,exclude,E-NO-PERSON,none,No pedestrian in frame
kaist_set04v001_002002,kaist,B+D,thermal,none,images/set04/V001/lwir/I02002.jpg,set04v001,none,2002,none,none,exclude,E-NO-PERSON,none,No pedestrian in frame
kaist_set04v001_002003,kaist,B+D,thermal,none,images/set04/V001/lwir/I02003.jpg,set04v001,none,2003,none,none,exclude,E-NO-PERSON,none,No pedestrian in frame
kaist_set04v001_002004,kaist,B+D,thermal,none,images/set04/V001/lwir/I02004.jpg,set04v001,none,2004,none,none,exclude,E-NO-PERSON,none,No pedestrian in frame
kaist_set04v001_002005,kaist,B+D,thermal,none,images/set04/V001/lwir/I02005.jpg,set04v001,none,2005,none,none,exclude,E-NO-PERSON,none,No pedestrian in frame
kaist_set04v001_002006,kaist,B+D,thermal,none,images/set04/V001/lwir/I02006.jpg,set04v001,none,2006,none,none,exclude,E-NO-PERSON,none,No pedestrian in frame
kaist_set04v001_002007,kaist,B+D,thermal,none,images/set04/V001/lwir/I02007.jpg,set04v001,none,2007,none,none,exclude,E-NO-PERSON,none,No pedestrian in frame
kaist_set04v001_002008,kaist,B+D,thermal,none,images/set04/V001/lwir/I02008.jpg,set04v001,none,2008,none,none,exclude,E-NO-PERSON,none,No pedestrian in frame
kaist_set04v001_002009,kaist,B+D,thermal,none,images/set04/V001/lwir/I02009.jpg,set04v001,none,2009,none,none,exclude,E-NO-PERSON,none,No pedestrian in frame
kaist_set04v001_002010,kaist,B+D,thermal,none,images/set04/V001/lwir/I02010.jpg,set04v001,none,2010,none,none,exclude,E-NO-PERSON,none,No pedestrian in frame
kaist_set04v001_002011,kaist,B+D,thermal,none,images/set04/V001/lwir/I02011.jpg,set04v001,none,2011,none,none,exclude,E-NO-PERSON,none,No pedestrian in frame
kaist_set04v001_002012,kaist,B+D,thermal,none,images/set04/V001/lwir/I02012.jpg,set04v001,none,2012,none,none,exclude,E-NO-PERSON,none,No pedestrian in frame
kaist_set04v001_002013,kaist,B+D,thermal,none,images/set04/V001/lwir/I02013.jpg,set04v001,none,2013,none,none,exclude,E-NO-PERSON,none,No pedestrian in frame
kaist_set04v001_002014,kaist,B+D,thermal,none,images/set04/V001/lwir/I02014.jpg,set04v001,none,2014,none,none,exclude,E-NO-PERSON,none,No pedestrian in frame
kaist_set04v001_002015,kaist,B+D,thermal,none,images/set04/V001/lwir/I02015.jpg,set04v001,none,2015,none,none,exclude,E-NO-PERSON,none,No pedestrian in frame
kaist_set04v001_002016,kaist,B+D,thermal,none,images/set04/V001/lwir/I02016.jpg,set04v001,none,2016,none,none,exclude,E-NO-PERSON,none,No pedestrian in frame
kaist_set04v001_002017,kaist,B+D,thermal,none,images/set04/V001/lwir/I02017.jpg,set04v001,none,2017,none,none,exclude,E-NO-PERSON,none,No pedestrian in frame
kaist_set04v001_002018,kaist,B+D,thermal,none,images/set04/V001/lwir/I02018.jpg,set04v001,none,2018,none,none,exclude,E-NO-PERSON,none,No pedestrian in frame
kaist_set04v001_002019,kaist,B+D,thermal,none,images/set04/V001/lwir/I02019.jpg,set04v001,none,2019,none,none,exclude,E-NO-PERSON,none,No pedestrian in frame
kaist_set04v001_002020,kaist,B+D,thermal,none,images/set04/V001/lwir/I02020.jpg,set04v001,none,2020,none,none,exclude,E-NO-PERSON,none,No pedestrian in frame
kaist_set04v001_002021,kaist,B+D,thermal,none,images/set04/V001/lwir/I02021.jpg,set04v001,none,2021,none,none,exclude,E-NO-PERSON,none,No pedestrian in frame
kaist_set04v001_002022,kaist,B+D,thermal,none,images/set04/V001/lwir/I02022.jpg,set04v001,none,2022,none,none,exclude,E-NO-PERSON,none,No pedestrian in frame
kaist_set04v001_002023,kaist,B+D,thermal,none,images/set04/V001/lwir/I02023.jpg,set04v001,none,2023,none,none,exclude,E-NO-PERSON,none,No pedestrian in frame
kaist_set04v001_002024,kaist,B+D,thermal,none,images/set04/V001/lwir/I02024.jpg,set04v001,none,2024,none,none,exclude,E-NO-PERSON,none,No pedestrian in frame
kaist_set04v001_002025,kaist,B+D,thermal,none,images/set04/V001/lwir/I02025.jpg,set04v001,none,2025,none,none,exclude,E-NO-PERSON,none,No pedestrian in frame
kaist_set04v001_002026,kaist,B+D,thermal,none,images/set04/V001/lwir/I02026.jpg,set04v001,none,2026,none,none,exclude,E-NO-PERSON,none,No pedestrian in frame
kaist_set04v001_002027,kaist,B+D,thermal,none,images/set04/V001/lwir/I02027.jpg,set04v001,none,2027,none,none,exclude,E-NO-PERSON,none,No pedestrian in frame
kaist_set04v001_002028,kaist,B+D,thermal,none,images/set04/V001/lwir/I02028.jpg,set04v001,none,2028,none,none,exclude,E-NO-PERSON,none,No pedestrian in frame
kaist_set04v001_002029,kaist,B+D,thermal,none,images/set04/V001/lwir/I02029.jpg,set04v001,none,2029,none,none,exclude,E-NO-PERSON,none,No pedestrian in frame
kaist_set04v001_002030,kaist,B+D,thermal,none,images/set04/V001/lwir/I02030.jpg,set04v001,none,2030,none,none,exclude,E-NO-PERSON,none,No pedestrian in frame
kaist_set04v001_002031,kaist,B+D,thermal,none,images/set04/V001/lwir/I02031.jpg,set04v001,none,2031,none,none,exclude,E-NO-PERSON,none,No pedestrian in frame
kaist_set04v001_002032,kaist,B+D,thermal,none,images/set04/V001/lwir/I02032.jpg,set04v001,none,2032,none,none,exclude,E-NO-PERSON,none,No pedestrian in frame
kaist_set04v001_002033,kaist,B+D,thermal,none,images/set04/V001/lwir/I02033.jpg,set04v001,none,2033,none,none,exclude,E-NO-PERSON,none,No pedestrian in frame
kaist_set04v001_002034,kaist,B+D,thermal,none,images/set04/V001/lwir/I02034.jpg,set04v001,none,2034,none,none,exclude,E-NO-PERSON,none,No pedestrian in frame
kaist_set04v001_002035,kaist,B+D,thermal,none,images/set04/V001/lwir/I02035.jpg,set04v001,none,2035,none,none,exclude,E-NO-PERSON,none,No pedestrian in frame
kaist_set04v001_002036,kaist,B+D,thermal,none,images/set04/V001/lwir/I02036.jpg,set04v001,none,2036,none,none,exclude,E-NO-PERSON,none,No pedestrian in frame
kaist_set04v001_002037,kaist,B+D,thermal,none,images/set04/V001/lwir/I02037.jpg,set04v001,none,2037,none,none,exclude,E-NO-PERSON,none,No pedestrian in frame
kaist_set04v001_002038,kaist,B+D,thermal,none,images/set04/V001/lwir/I02038.jpg,set04v001,none,2038,none,none,exclude,E-NO-PERSON,none,No pedestrian in frame
kaist_set04v001_002039,kaist,B+D,thermal,none,images/set04/V001/lwir/I02039.jpg,set04v001,none,2039,none,none,exclude,E-NO-PERSON,none,No pedestrian in frame
kaist_set04v001_002040,kaist,B+D,thermal,none,images/set04/V001/lwir/I02040.jpg,set04v001,none,2040,none,none,exclude,E-NO-PERSON,none,No pedestrian in frame
kaist_set04v001_002041,kaist,B+D,thermal,none,images/set04/V001/lwir/I02041.jpg,set04v001,none,2041,none,none,exclude,E-NO-PERSON,none,No pedestrian in frame
kaist_set04v001_002042,kaist,B+D,thermal,none,images/set04/V001/lwir/I02042.jpg,set04v001,none,2042,none,none,exclude,E-NO-PERSON,none,No pedestrian in frame
kaist_set04v001_002043,kaist,B+D,thermal,none,images/set04/V001/lwir/I02043.jpg,set04v001,none,2043,none,none,exclude,E-NO-PERSON,none,No pedestrian in frame
kaist_set04v001_002044,kaist,B+D,thermal,none,images/set04/V001/lwir/I02044.jpg,set04v001,none,2044,none,none,exclude,E-NO-PERSON,none,No pedestrian in frame
kaist_set04v001_002045,kaist,B+D,thermal,none,images/set04/V001/lwir/I02045.jpg,set04v001,none,2045,none,none,exclude,E-NO-PERSON,none,No pedestrian in frame
kaist_set04v001_002046,kaist,B+D,thermal,none,images/set04/V001/lwir/I02046.jpg,set04v001,none,2046,none,none,exclude,E-NO-PERSON,none,No pedestrian in frame
kaist_set04v001_002047,kaist,B+D,thermal,none,images/set04/V001/lwir/I02047.jpg,set04v001,none,2047,none,none,exclude,E-NO-PERSON,none,No pedestrian in frame
kaist_set04v001_002048,kaist,B+D,thermal,none,images/set04/V001/lwir/I02048.jpg,set04v001,none,2048,none,none,exclude,E-NO-PERSON,none,No pedestrian in frame
kaist_set04v001_002049,kaist,B+D,thermal,none,images/set04/V001/lwir/I02049.jpg,set04v001,none,2049,none,none,exclude,E-NO-PERSON,none,No pedestrian in frame
kaist_set04v001_002050,kaist,B+D,thermal,none,images/set04/V001/lwir/I02050.jpg,set04v001,none,2050,none,none,exclude,E-NO-PERSON,none,No pedestrian in frame
kaist_set04v001_002051,kaist,B+D,thermal,none,images/set04/V001/lwir/I02051.jpg,set04v001,none,2051,none,none,exclude,E-NO-PERSON,none,No pedestrian in frame
kaist_set04v001_002052,kaist,B+D,thermal,none,images/set04/V001/lwir/I02052.jpg,set04v001,none,2052,none,none,exclude,E-NO-PERSON,none,No pedestrian in frame
kaist_set04v001_002053,kaist,B+D,thermal,none,images/set04/V001/lwir/I02053.jpg,set04v001,none,2053,none,none,exclude,E-NO-PERSON,none,No pedestrian in frame
kaist_set04v001_002054,kaist,B+D,thermal,none,images/set04/V001/lwir/I02054.jpg,set04v001,none,2054,none,none,exclude,E-NO-PERSON,none,No pedestrian in frame
kaist_set04v001_002055,kaist,B+D,thermal,none,images/set04/V001/lwir/I02055.jpg,set04v001,none,2055,none,none,exclude,E-NO-PERSON,none,No pedestrian in frame
kaist_set04v001_002056,kaist,B+D,thermal,none,images/set04/V001/lwir/I02056.jpg,set04v001,none,2056,none,none,exclude,E-NO-PERSON,none,No pedestrian in frame
kaist_set04v001_002057,kaist,B+D,thermal,none,images/set04/V001/lwir/I02057.jpg,set04v001,none,2057,none,none,exclude,E-NO-PERSON,none,No pedestrian in frame
kaist_set04v001_002058,kaist,B+D,thermal,none,images/set04/V001/lwir/I02058.jpg,set04v001,none,2058,none,none,exclude,E-NO-PERSON,none,No pedestrian in frame
kaist_set04v001_002059,kaist,B+D,thermal,none,images/set04/V001/lwir/I02059.jpg,set04v001,none,2059,none,none,exclude,E-NO-PERSON,none,No pedestrian in frame
kaist_set04v001_002060,kaist,B+D,thermal,none,images/set04/V001/lwir/I02060.jpg,set04v001,none,2060,none,none,exclude,E-NO-PERSON,none,No pedestrian in frame
kaist_set04v001_002061,kaist,B+D,thermal,none,images/set04/V001/lwir/I02061.jpg,set04v001,none,2061,none,none,exclude,E-NO-PERSON,none,No pedestrian in frame
kaist_set04v001_002062,kaist,B+D,thermal,none,images/set04/V001/lwir/I02062.jpg,set04v001,none,2062,none,none,exclude,E-NO-PERSON,none,No pedestrian in frame
kaist_set04v001_002063,kaist,B+D,thermal,none,images/set04/V001/lwir/I02063.jpg,set04v001,none,2063,none,none,exclude,E-NO-PERSON,none,No pedestrian in frame
kaist_set04v001_002064,kaist,B+D,thermal,none,cleaned/thermal_with_people/I02064.jpg,set04v001,none,2064,person,person,keep,none,none,none
kaist_set04v001_002065,kaist,B+D,thermal,none,cleaned/thermal_with_people/I02065.jpg,set04v001,none,2065,person,person,keep,none,none,none
kaist_set04v001_002066,kaist,B+D,thermal,none,cleaned/thermal_with_people/I02066.jpg,set04v001,none,2066,person,person,keep,none,none,none
kaist_set04v001_002067,kaist,B+D,thermal,none,cleaned/thermal_with_people/I02067.jpg,set04v001,none,2067,person,person,keep,none,none,none
kaist_set04v001_002068,kaist,B+D,thermal,none,cleaned/thermal_with_people/I02068.jpg,set04v001,none,2068,person,person,keep,none,none,none
kaist_set04v001_002069,kaist,B+D,thermal,none,cleaned/thermal_with_people/I02069.jpg,set04v001,none,2069,person,person,keep,none,none,none
kaist_set04v001_002070,kaist,B+D,thermal,none,cleaned/thermal_with_people/I02070.jpg,set04v001,none,2070,person,person,keep,none,none,none
kaist_set04v001_002071,kaist,B+D,thermal,none,cleaned/thermal_with_people/I02071.jpg,set04v001,none,2071,person,person,keep,none,none,none
kaist_set04v001_002072,kaist,B+D,thermal,none,cleaned/thermal_with_people/I02072.jpg,set04v001,none,2072,person,person,keep,none,none,none
kaist_set04v001_002073,kaist,B+D,thermal,none,cleaned/thermal_with_people/I02073.jpg,set04v001,none,2073,person,person,keep,none,none,none
kaist_set04v001_002074,kaist,B+D,thermal,none,cleaned/thermal_with_people/I02074.jpg,set04v001,none,2074,person,person,keep,none,none,none
kaist_set04v001_002075,kaist,B+D,thermal,none,cleaned/thermal_with_people/I02075.jpg,set04v001,none,2075,person,person,keep,none,none,none
kaist_set04v001_002076,kaist,B+D,thermal,none,cleaned/thermal_with_people/I02076.jpg,set04v001,none,2076,person,person,keep,none,none,none
kaist_set04v001_002077,kaist,B+D,thermal,none,cleaned/thermal_with_people/I02077.jpg,set04v001,none,2077,person,person,keep,none,none,none
kaist_set04v001_002078,kaist,B+D,thermal,none,cleaned/thermal_with_people/I02078.jpg,set04v001,none,2078,person,person,keep,none,none,none
kaist_set04v001_002079,kaist,B+D,thermal,none,cleaned/thermal_with_people/I02079.jpg,set04v001,none,2079,person,person,keep,none,none,none
kaist_set04v001_002080,kaist,B+D,thermal,none,cleaned/thermal_with_people/I02080.jpg,set04v001,none,2080,person,person,keep,none,none,none
kaist_set04v001_002081,kaist,B+D,thermal,none,cleaned/thermal_with_people/I02081.jpg,set04v001,none,2081,person,person,keep,none,none,none
kaist_set04v001_002082,kaist,B+D,thermal,none,cleaned/thermal_with_people/I02082.jpg,set04v001,none,2082,person,person,keep,none,none,none
kaist_set04v001_002083,kaist,B+D,thermal,none,cleaned/thermal_with_people/I02083.jpg,set04v001,none,2083,person,person,keep,none,none,none
kaist_set04v001_002084,kaist,B+D,thermal,none,cleaned/thermal_with_people/I02084.jpg,set04v001,none,2084,person,person,keep,none,none,none
kaist_set04v001_002085,kaist,B+D,thermal,none,cleaned/thermal_with_people/I02085.jpg,set04v001,none,2085,person,person,keep,none,none,none
kaist_set04v001_002086,kaist,B+D,thermal,none,cleaned/thermal_with_people/I02086.jpg,set04v001,none,2086,person,person,keep,none,none,none
kaist_set04v001_002087,kaist,B+D,thermal,none,cleaned/thermal_with_people/I02087.jpg,set04v001,none,2087,person,person,keep,none,none,none
kaist_set04v001_002088,kaist,B+D,thermal,none,cleaned/thermal_with_people/I02088.jpg,set04v001,none,2088,person,person,keep,none,none,none
kaist_set04v001_002089,kaist,B+D,thermal,none,cleaned/thermal_with_people/I02089.jpg,set04v001,none,2089,person,person,keep,none,none,none
kaist_set04v001_002090,kaist,B+D,thermal,none,cleaned/thermal_with_people/I02090.jpg,set04v001,none,2090,person,person,keep,none,none,none
kaist_set04v001_002091,kaist,B+D,thermal,none,cleaned/thermal_with_people/I02091.jpg,set04v001,none,2091,person,person,keep,none,none,none
kaist_set04v001_002092,kaist,B+D,thermal,none,cleaned/thermal_with_people/I02092.jpg,set04v001,none,2092,person,person,keep,none,none,none
kaist_set04v001_002093,kaist,B+D,thermal,none,cleaned/thermal_with_people/I02093.jpg,set04v001,none,2093,person,person,keep,none,none,none
kaist_set04v001_002094,kaist,B+D,thermal,none,cleaned/thermal_with_people/I02094.jpg,set04v001,none,2094,person,person,keep,none,none,none
kaist_set04v001_002095,kaist,B+D,thermal,none,cleaned/thermal_with_people/I02095.jpg,set04v001,none,2095,person,person,keep,none,none,none
kaist_set04v001_002096,kaist,B+D,thermal,none,cleaned/thermal_with_people/I02096.jpg,set04v001,none,2096,person,person,keep,none,none,none
kaist_set04v001_002097,kaist,B+D,thermal,none,cleaned/thermal_with_people/I02097.jpg,set04v001,none,2097,person,person,keep,none,none,none
kaist_set04v001_002098,kaist,B+D,thermal,none,cleaned/thermal_with_people/I02098.jpg,set04v001,none,2098,person,person,keep,none,none,none
kaist_set04v001_002099,kaist,B+D,thermal,none,cleaned/thermal_with_people/I02099.jpg,set04v001,none,2099,person,person,keep,none,none,none
kaist_set04v001_002100,kaist,B+D,thermal,none,cleaned/thermal_with_people/I02100.jpg,set04v001,none,2100,person,person,keep,none,none,none
kaist_set04v001_002101,kaist,B+D,thermal,none,cleaned/thermal_with_people/I02101.jpg,set04v001,none,2101,person,person,keep,none,none,none
kaist_set04v001_002102,kaist,B+D,thermal,none,cleaned/thermal_with_people/I02102.jpg,set04v001,none,2102,person,person,keep,none,none,none
kaist_set04v001_002103,kaist,B+D,thermal,none,cleaned/thermal_with_people/I02103.jpg,set04v001,none,2103,person,person,keep,none,none,none
kaist_set04v001_002104,kaist,B+D,thermal,none,cleaned/thermal_with_people/I02104.jpg,set04v001,none,2104,person,person,keep,none,none,none
kaist_set04v001_002105,kaist,B+D,thermal,none,cleaned/thermal_with_people/I02105.jpg,set04v001,none,2105,person,person,keep,none,none,none
kaist_set04v001_002106,kaist,B+D,thermal,none,cleaned/thermal_with_people/I02106.jpg,set04v001,none,2106,person,person,keep,none,none,none
kaist_set04v001_002107,kaist,B+D,thermal,none,cleaned/thermal_with_people/I02107.jpg,set04v001,none,2107,person,person,keep,none,none,none
kaist_set04v001_002108,kaist,B+D,thermal,none,cleaned/thermal_with_people/I02108.jpg,set04v001,none,2108,person,person,keep,none,none,none
kaist_set04v001_002109,kaist,B+D,thermal,none,cleaned/thermal_with_people/I02109.jpg,set04v001,none,2109,person,person,keep,none,none,none
kaist_set04v001_002110,kaist,B+D,thermal,none,cleaned/thermal_with_people/I02110.jpg,set04v001,none,2110,person,person,keep,none,none,none
kaist_set04v001_002111,kaist,B+D,thermal,none,cleaned/thermal_with_people/I02111.jpg,set04v001,none,2111,person,person,keep,none,none,none
kaist_set04v001_002112,kaist,B+D,thermal,none,images/set04/V001/lwir/I02112.jpg,set04v001,none,2112,none,none,exclude,E-NO-PERSON,none,No pedestrian in frame
kaist_set04v001_002113,kaist,B+D,thermal,none,images/set04/V001/lwir/I02113.jpg,set04v001,none,2113,none,none,exclude,E-NO-PERSON,none,No pedestrian in frame
kaist_set04v001_002114,kaist,B+D,thermal,none,images/set04/V001/lwir/I02114.jpg,set04v001,none,2114,none,none,exclude,E-NO-PERSON,none,No pedestrian in frame
kaist_set04v001_002115,kaist,B+D,thermal,none,images/set04/V001/lwir/I02115.jpg,set04v001,none,2115,none,none,exclude,E-NO-PERSON,none,No pedestrian in frame
kaist_set04v001_002116,kaist,B+D,thermal,none,images/set04/V001/lwir/I02116.jpg,set04v001,none,2116,none,none,exclude,E-NO-PERSON,none,No pedestrian in frame
kaist_set04v001_002117,kaist,B+D,thermal,none,images/set04/V001/lwir/I02117.jpg,set04v001,none,2117,none,none,exclude,E-NO-PERSON,none,No pedestrian in frame
kaist_set04v001_002118,kaist,B+D,thermal,none,images/set04/V001/lwir/I02118.jpg,set04v001,none,2118,none,none,exclude,E-NO-PERSON,none,No pedestrian in frame
kaist_set04v001_002119,kaist,B+D,thermal,none,images/set04/V001/lwir/I02119.jpg,set04v001,none,2119,none,none,exclude,E-NO-PERSON,none,No pedestrian in frame
kaist_set04v001_002120,kaist,B+D,thermal,none,images/set04/V001/lwir/I02120.jpg,set04v001,none,2120,none,none,exclude,E-NO-PERSON,none,No pedestrian in frame
kaist_set04v001_002121,kaist,B+D,thermal,none,images/set04/V001/lwir/I02121.jpg,set04v001,none,2121,none,none,exclude,E-NO-PERSON,none,No pedestrian in frame
kaist_set04v001_002122,kaist,B+D,thermal,none,images/set04/V001/lwir/I02122.jpg,set04v001,none,2122,none,none,exclude,E-NO-PERSON,none,No pedestrian in frame
kaist_set04v001_002123,kaist,B+D,thermal,none,images/set04/V001/lwir/I02123.jpg,set04v001,none,2123,none,none,exclude,E-NO-PERSON,none,No pedestrian in frame
kaist_set04v001_002124,kaist,B+D,thermal,none,images/set04/V001/lwir/I02124.jpg,set04v001,none,2124,none,none,exclude,E-NO-PERSON,none,No pedestrian in frame
kaist_set04v001_002125,kaist,B+D,thermal,none,images/set04/V001/lwir/I02125.jpg,set04v001,none,2125,none,none,exclude,E-NO-PERSON,none,No pedestrian in frame
kaist_set04v001_002126,kaist,B+D,thermal,none,images/set04/V001/lwir/I02126.jpg,set04v001,none,2126,none,none,exclude,E-NO-PERSON,none,No pedestrian in frame
kaist_set04v001_002127,kaist,B+D,thermal,none,images/set04/V001/lwir/I02127.jpg,set04v001,none,2127,none,none,exclude,E-NO-PERSON,none,No pedestrian in frame
kaist_set04v001_002128,kaist,B+D,thermal,none,images/set04/V001/lwir/I02128.jpg,set04v001,none,2128,none,none,exclude,E-NO-PERSON,none,No pedestrian in frame
kaist_set04v001_002129,kaist,B+D,thermal,none,images/set04/V001/lwir/I02129.jpg,set04v001,none,2129,none,none,exclude,E-NO-PERSON,none,No pedestrian in frame
kaist_set04v001_002130,kaist,B+D,thermal,none,images/set04/V001/lwir/I02130.jpg,set04v001,none,2130,none,none,exclude,E-NO-PERSON,none,No pedestrian in frame
kaist_set04v001_002131,kaist,B+D,thermal,none,images/set04/V001/lwir/I02131.jpg,set04v001,none,2131,none,none,exclude,E-NO-PERSON,none,No pedestrian in frame
kaist_set04v001_002132,kaist,B+D,thermal,none,images/set04/V001/lwir/I02132.jpg,set04v001,none,2132,none,none,exclude,E-NO-PERSON,none,No pedestrian in frame
kaist_set04v001_002133,kaist,B+D,thermal,none,images/set04/V001/lwir/I02133.jpg,set04v001,none,2133,none,none,exclude,E-NO-PERSON,none,No pedestrian in frame
kaist_set04v001_002134,kaist,B+D,thermal,none,images/set04/V001/lwir/I02134.jpg,set04v001,none,2134,none,none,exclude,E-NO-PERSON,none,No pedestrian in frame
kaist_set04v001_002135,kaist,B+D,thermal,none,images/set04/V001/lwir/I02135.jpg,set04v001,none,2135,none,none,exclude,E-NO-PERSON,none,No pedestrian in frame
kaist_set04v001_002136,kaist,B+D,thermal,none,images/set04/V001/lwir/I02136.jpg,set04v001,none,2136,none,none,exclude,E-NO-PERSON,none,No pedestrian in frame
kaist_set04v001_002137,kaist,B+D,thermal,none,images/set04/V001/lwir/I02137.jpg,set04v001,none,2137,none,none,exclude,E-NO-PERSON,none,No pedestrian in frame
kaist_set04v001_002138,kaist,B+D,thermal,none,images/set04/V001/lwir/I02138.jpg,set04v001,none,2138,none,none,exclude,E-NO-PERSON,none,No pedestrian in frame
kaist_set04v001_002139,kaist,B+D,thermal,none,images/set04/V001/lwir/I02139.jpg,set04v001,none,2139,none,none,exclude,E-NO-PERSON,none,No pedestrian in frame
kaist_set04v001_002140,kaist,B+D,thermal,none,images/set04/V001/lwir/I02140.jpg,set04v001,none,2140,none,none,exclude,E-NO-PERSON,none,No pedestrian in frame
kaist_set04v001_002141,kaist,B+D,thermal,none,images/set04/V001/lwir/I02141.jpg,set04v001,none,2141,none,none,exclude,E-NO-PERSON,none,No pedestrian in frame
kaist_set04v001_002142,kaist,B+D,thermal,none,images/set04/V001/lwir/I02142.jpg,set04v001,none,2142,none,none,exclude,E-NO-PERSON,none,No pedestrian in frame
kaist_set04v001_002143,kaist,B+D,thermal,none,images/set04/V001/lwir/I02143.jpg,set04v001,none,2143,none,none,exclude,E-NO-PERSON,none,No pedestrian in frame
kaist_set04v001_002144,kaist,B+D,thermal,none,images/set04/V001/lwir/I02144.jpg,set04v001,none,2144,none,none,exclude,E-NO-PERSON,none,No pedestrian in frame
kaist_set04v001_002145,kaist,B+D,thermal,none,images/set04/V001/lwir/I02145.jpg,set04v001,none,2145,none,none,exclude,E-NO-PERSON,none,No pedestrian in frame
kaist_set04v001_002146,kaist,B+D,thermal,none,images/set04/V001/lwir/I02146.jpg,set04v001,none,2146,none,none,exclude,E-NO-PERSON,none,No pedestrian in frame
kaist_set04v001_002147,kaist,B+D,thermal,none,images/set04/V001/lwir/I02147.jpg,set04v001,none,2147,none,none,exclude,E-NO-PERSON,none,No pedestrian in frame
kaist_set04v001_002148,kaist,B+D,thermal,none,images/set04/V001/lwir/I02148.jpg,set04v001,none,2148,none,none,exclude,E-NO-PERSON,none,No pedestrian in frame
kaist_set04v001_002149,kaist,B+D,thermal,none,images/set04/V001/lwir/I02149.jpg,set04v001,none,2149,none,none,exclude,E-NO-PERSON,none,No pedestrian in frame
kaist_set04v001_002150,kaist,B+D,thermal,none,images/set04/V001/lwir/I02150.jpg,set04v001,none,2150,none,none,exclude,E-NO-PERSON,none,No pedestrian in frame
kaist_set04v001_002151,kaist,B+D,thermal,none,images/set04/V001/lwir/I02151.jpg,set04v001,none,2151,none,none,exclude,E-NO-PERSON,none,No pedestrian in frame
kaist_set04v001_002152,kaist,B+D,thermal,none,images/set04/V001/lwir/I02152.jpg,set04v001,none,2152,none,none,exclude,E-NO-PERSON,none,No pedestrian in frame
kaist_set04v001_002153,kaist,B+D,thermal,none,images/set04/V001/lwir/I02153.jpg,set04v001,none,2153,none,none,exclude,E-NO-PERSON,none,No pedestrian in frame
kaist_set04v001_002154,kaist,B+D,thermal,none,images/set04/V001/lwir/I02154.jpg,set04v001,none,2154,none,none,exclude,E-NO-PERSON,none,No pedestrian in frame
kaist_set04v001_002155,kaist,B+D,thermal,none,images/set04/V001/lwir/I02155.jpg,set04v001,none,2155,none,none,exclude,E-NO-PERSON,none,No pedestrian in frame
kaist_set04v001_002156,kaist,B+D,thermal,none,images/set04/V001/lwir/I02156.jpg,set04v001,none,2156,none,none,exclude,E-NO-PERSON,none,No pedestrian in frame
kaist_set04v001_002157,kaist,B+D,thermal,none,images/set04/V001/lwir/I02157.jpg,set04v001,none,2157,none,none,exclude,E-NO-PERSON,none,No pedestrian in frame
kaist_set04v001_002158,kaist,B+D,thermal,none,images/set04/V001/lwir/I02158.jpg,set04v001,none,2158,none,none,exclude,E-NO-PERSON,none,No pedestrian in frame
kaist_set04v001_002159,kaist,B+D,thermal,none,images/set04/V001/lwir/I02159.jpg,set04v001,none,2159,none,none,exclude,E-NO-PERSON,none,No pedestrian in frame
kaist_set04v001_002160,kaist,B+D,thermal,none,images/set04/V001/lwir/I02160.jpg,set04v001,none,2160,none,none,exclude,E-NO-PERSON,none,No pedestrian in frame
kaist_set04v001_002161,kaist,B+D,thermal,none,images/set04/V001/lwir/I02161.jpg,set04v001,none,2161,none,none,exclude,E-NO-PERSON,none,No pedestrian in frame
kaist_set04v001_002162,kaist,B+D,thermal,none,images/set04/V001/lwir/I02162.jpg,set04v001,none,2162,none,none,exclude,E-NO-PERSON,none,No pedestrian in frame
kaist_set04v001_002163,kaist,B+D,thermal,none,images/set04/V001/lwir/I02163.jpg,set04v001,none,2163,none,none,exclude,E-NO-PERSON,none,No pedestrian in frame
kaist_set04v001_002164,kaist,B+D,thermal,none,images/set04/V001/lwir/I02164.jpg,set04v001,none,2164,none,none,exclude,E-NO-PERSON,none,No pedestrian in frame
kaist_set04v001_002165,kaist,B+D,thermal,none,images/set04/V001/lwir/I02165.jpg,set04v001,none,2165,none,none,exclude,E-NO-PERSON,none,No pedestrian in frame
kaist_set04v001_002166,kaist,B+D,thermal,none,images/set04/V001/lwir/I02166.jpg,set04v001,none,2166,none,none,exclude,E-NO-PERSON,none,No pedestrian in frame
kaist_set04v001_002167,kaist,B+D,thermal,none,images/set04/V001/lwir/I02167.jpg,set04v001,none,2167,none,none,exclude,E-NO-PERSON,none,No pedestrian in frame
kaist_set04v001_002168,kaist,B+D,thermal,none,images/set04/V001/lwir/I02168.jpg,set04v001,none,2168,none,none,exclude,E-NO-PERSON,none,No pedestrian in frame
kaist_set04v001_002169,kaist,B+D,thermal,none,images/set04/V001/lwir/I02169.jpg,set04v001,none,2169,none,none,exclude,E-NO-PERSON,none,No pedestrian in frame
kaist_set04v001_002170,kaist,B+D,thermal,none,images/set04/V001/lwir/I02170.jpg,set04v001,none,2170,none,none,exclude,E-NO-PERSON,none,No pedestrian in frame
kaist_set04v001_002171,kaist,B+D,thermal,none,images/set04/V001/lwir/I02171.jpg,set04v001,none,2171,none,none,exclude,E-NO-PERSON,none,No pedestrian in frame
kaist_set04v001_002172,kaist,B+D,thermal,none,images/set04/V001/lwir/I02172.jpg,set04v001,none,2172,none,none,exclude,E-NO-PERSON,none,No pedestrian in frame
kaist_set04v001_002173,kaist,B+D,thermal,none,images/set04/V001/lwir/I02173.jpg,set04v001,none,2173,none,none,exclude,E-NO-PERSON,none,No pedestrian in frame
kaist_set04v001_002174,kaist,B+D,thermal,none,images/set04/V001/lwir/I02174.jpg,set04v001,none,2174,none,none,exclude,E-NO-PERSON,none,No pedestrian in frame
kaist_set04v001_002175,kaist,B+D,thermal,none,images/set04/V001/lwir/I02175.jpg,set04v001,none,2175,none,none,exclude,E-NO-PERSON,none,No pedestrian in frame
kaist_set04v001_002176,kaist,B+D,thermal,none,images/set04/V001/lwir/I02176.jpg,set04v001,none,2176,none,none,exclude,E-NO-PERSON,none,No pedestrian in frame
kaist_set04v001_002177,kaist,B+D,thermal,none,images/set04/V001/lwir/I02177.jpg,set04v001,none,2177,none,none,exclude,E-NO-PERSON,none,No pedestrian in frame
kaist_set04v001_002178,kaist,B+D,thermal,none,images/set04/V001/lwir/I02178.jpg,set04v001,none,2178,none,none,exclude,E-NO-PERSON,none,No pedestrian in frame
kaist_set04v001_002179,kaist,B+D,thermal,none,images/set04/V001/lwir/I02179.jpg,set04v001,none,2179,none,none,exclude,E-NO-PERSON,none,No pedestrian in frame
kaist_set04v001_002180,kaist,B+D,thermal,none,images/set04/V001/lwir/I02180.jpg,set04v001,none,2180,none,none,exclude,E-NO-PERSON,none,No pedestrian in frame
kaist_set04v001_002181,kaist,B+D,thermal,none,images/set04/V001/lwir/I02181.jpg,set04v001,none,2181,none,none,exclude,E-NO-PERSON,none,No pedestrian in frame
kaist_set04v001_002182,kaist,B+D,thermal,none,images/set04/V001/lwir/I02182.jpg,set04v001,none,2182,none,none,exclude,E-NO-PERSON,none,No pedestrian in frame
kaist_set04v001_002183,kaist,B+D,thermal,none,images/set04/V001/lwir/I02183.jpg,set04v001,none,2183,none,none,exclude,E-NO-PERSON,none,No pedestrian in frame
kaist_set04v001_002184,kaist,B+D,thermal,none,images/set04/V001/lwir/I02184.jpg,set04v001,none,2184,none,none,exclude,E-NO-PERSON,none,No pedestrian in frame
kaist_set04v001_002185,kaist,B+D,thermal,none,images/set04/V001/lwir/I02185.jpg,set04v001,none,2185,none,none,exclude,E-NO-PERSON,none,No pedestrian in frame
kaist_set04v001_002186,kaist,B+D,thermal,none,images/set04/V001/lwir/I02186.jpg,set04v001,none,2186,none,none,exclude,E-NO-PERSON,none,No pedestrian in frame
kaist_set04v001_002187,kaist,B+D,thermal,none,images/set04/V001/lwir/I02187.jpg,set04v001,none,2187,none,none,exclude,E-NO-PERSON,none,No pedestrian in frame
kaist_set04v001_002188,kaist,B+D,thermal,none,images/set04/V001/lwir/I02188.jpg,set04v001,none,2188,none,none,exclude,E-NO-PERSON,none,No pedestrian in frame
kaist_set04v001_002189,kaist,B+D,thermal,none,images/set04/V001/lwir/I02189.jpg,set04v001,none,2189,none,none,exclude,E-NO-PERSON,none,No pedestrian in frame
kaist_set04v001_002190,kaist,B+D,thermal,none,images/set04/V001/lwir/I02190.jpg,set04v001,none,2190,none,none,exclude,E-NO-PERSON,none,No pedestrian in frame
kaist_set04v001_002191,kaist,B+D,thermal,none,images/set04/V001/lwir/I02191.jpg,set04v001,none,2191,none,none,exclude,E-NO-PERSON,none,No pedestrian in frame
kaist_set04v001_002192,kaist,B+D,thermal,none,images/set04/V001/lwir/I02192.jpg,set04v001,none,2192,none,none,exclude,E-NO-PERSON,none,No pedestrian in frame
kaist_set04v001_002193,kaist,B+D,thermal,none,images/set04/V001/lwir/I02193.jpg,set04v001,none,2193,none,none,exclude,E-NO-PERSON,none,No pedestrian in frame
kaist_set04v001_002194,kaist,B+D,thermal,none,images/set04/V001/lwir/I02194.jpg,set04v001,none,2194,none,none,exclude,E-NO-PERSON,none,No pedestrian in frame
kaist_set04v001_002195,kaist,B+D,thermal,none,images/set04/V001/lwir/I02195.jpg,set04v001,none,2195,none,none,exclude,E-NO-PERSON,none,No pedestrian in frame
kaist_set04v001_002196,kaist,B+D,thermal,none,images/set04/V001/lwir/I02196.jpg,set04v001,none,2196,none,none,exclude,E-NO-PERSON,none,No pedestrian in frame
kaist_set04v001_002197,kaist,B+D,thermal,none,images/set04/V001/lwir/I02197.jpg,set04v001,none,2197,none,none,exclude,E-NO-PERSON,none,No pedestrian in frame
kaist_set04v001_002198,kaist,B+D,thermal,none,images/set04/V001/lwir/I02198.jpg,set04v001,none,2198,none,none,exclude,E-NO-PERSON,none,No pedestrian in frame
kaist_set04v001_002199,kaist,B+D,thermal,none,images/set04/V001/lwir/I02199.jpg,set04v001,none,2199,none,none,exclude,E-NO-PERSON,none,No pedestrian in frame
kaist_set04v001_002200,kaist,B+D,thermal,none,images/set04/V001/lwir/I02200.jpg,set04v001,none,2200,none,none,exclude,E-NO-PERSON,none,No pedestrian in frame
kaist_set04v001_002201,kaist,B+D,thermal,none,images/set04/V001/lwir/I02201.jpg,set04v001,none,2201,none,none,exclude,E-NO-PERSON,none,No pedestrian in frame
kaist_set04v001_002202,kaist,B+D,thermal,none,images/set04/V001/lwir/I02202.jpg,set04v001,none,2202,none,none,exclude,E-NO-PERSON,none,No pedestrian in frame
kaist_set04v001_002203,kaist,B+D,thermal,none,images/set04/V001/lwir/I02203.jpg,set04v001,none,2203,none,none,exclude,E-NO-PERSON,none,No pedestrian in frame
kaist_set04v001_002204,kaist,B+D,thermal,none,images/set04/V001/lwir/I02204.jpg,set04v001,none,2204,none,none,exclude,E-NO-PERSON,none,No pedestrian in frame
kaist_set04v001_002205,kaist,B+D,thermal,none,images/set04/V001/lwir/I02205.jpg,set04v001,none,2205,none,none,exclude,E-NO-PERSON,none,No pedestrian in frame
kaist_set04v001_002206,kaist,B+D,thermal,none,images/set04/V001/lwir/I02206.jpg,set04v001,none,2206,none,none,exclude,E-NO-PERSON,none,No pedestrian in frame
kaist_set04v001_002207,kaist,B+D,thermal,none,images/set04/V001/lwir/I02207.jpg,set04v001,none,2207,none,none,exclude,E-NO-PERSON,none,No pedestrian in frame
kaist_set04v001_002208,kaist,B+D,thermal,none,images/set04/V001/lwir/I02208.jpg,set04v001,none,2208,none,none,exclude,E-NO-PERSON,none,No pedestrian in frame
kaist_set04v001_002209,kaist,B+D,thermal,none,images/set04/V001/lwir/I02209.jpg,set04v001,none,2209,none,none,exclude,E-NO-PERSON,none,No pedestrian in frame
kaist_set04v001_002210,kaist,B+D,thermal,none,images/set04/V001/lwir/I02210.jpg,set04v001,none,2210,none,none,exclude,E-NO-PERSON,none,No pedestrian in frame
kaist_set04v001_002211,kaist,B+D,thermal,none,images/set04/V001/lwir/I02211.jpg,set04v001,none,2211,none,none,exclude,E-NO-PERSON,none,No pedestrian in frame
kaist_set04v001_002212,kaist,B+D,thermal,none,images/set04/V001/lwir/I02212.jpg,set04v001,none,2212,none,none,exclude,E-NO-PERSON,none,No pedestrian in frame
kaist_set04v001_002213,kaist,B+D,thermal,none,images/set04/V001/lwir/I02213.jpg,set04v001,none,2213,none,none,exclude,E-NO-PERSON,none,No pedestrian in frame
kaist_set04v001_002214,kaist,B+D,thermal,none,images/set04/V001/lwir/I02214.jpg,set04v001,none,2214,none,none,exclude,E-NO-PERSON,none,No pedestrian in frame
kaist_set04v001_002215,kaist,B+D,thermal,none,images/set04/V001/lwir/I02215.jpg,set04v001,none,2215,none,none,exclude,E-NO-PERSON,none,No pedestrian in frame
kaist_set04v001_002216,kaist,B+D,thermal,none,images/set04/V001/lwir/I02216.jpg,set04v001,none,2216,none,none,exclude,E-NO-PERSON,none,No pedestrian in frame
kaist_set04v001_002217,kaist,B+D,thermal,none,images/set04/V001/lwir/I02217.jpg,set04v001,none,2217,none,none,exclude,E-NO-PERSON,none,No pedestrian in frame
kaist_set04v001_002218,kaist,B+D,thermal,none,images/set04/V001/lwir/I02218.jpg,set04v001,none,2218,none,none,exclude,E-NO-PERSON,none,No pedestrian in frame
kaist_set04v001_002219,kaist,B+D,thermal,none,images/set04/V001/lwir/I02219.jpg,set04v001,none,2219,none,none,exclude,E-NO-PERSON,none,No pedestrian in frame
kaist_set04v001_002220,kaist,B+D,thermal,none,images/set04/V001/lwir/I02220.jpg,set04v001,none,2220,none,none,exclude,E-NO-PERSON,none,No pedestrian in frame
kaist_set04v001_002221,kaist,B+D,thermal,none,images/set04/V001/lwir/I02221.jpg,set04v001,none,2221,none,none,exclude,E-NO-PERSON,none,No pedestrian in frame
kaist_set04v001_002222,kaist,B+D,thermal,none,images/set04/V001/lwir/I02222.jpg,set04v001,none,2222,none,none,exclude,E-NO-PERSON,none,No pedestrian in frame
kaist_set04v001_002223,kaist,B+D,thermal,none,images/set04/V001/lwir/I02223.jpg,set04v001,none,2223,none,none,exclude,E-NO-PERSON,none,No pedestrian in frame
kaist_set04v001_002224,kaist,B+D,thermal,none,images/set04/V001/lwir/I02224.jpg,set04v001,none,2224,none,none,exclude,E-NO-PERSON,none,No pedestrian in frame
kaist_set04v001_002225,kaist,B+D,thermal,none,images/set04/V001/lwir/I02225.jpg,set04v001,none,2225,none,none,exclude,E-NO-PERSON,none,No pedestrian in frame
kaist_set04v001_002226,kaist,B+D,thermal,none,images/set04/V001/lwir/I02226.jpg,set04v001,none,2226,none,none,exclude,E-NO-PERSON,none,No pedestrian in frame
kaist_set04v001_002227,kaist,B+D,thermal,none,images/set04/V001/lwir/I02227.jpg,set04v001,none,2227,none,none,exclude,E-NO-PERSON,none,No pedestrian in frame
kaist_set04v001_002228,kaist,B+D,thermal,none,images/set04/V001/lwir/I02228.jpg,set04v001,none,2228,none,none,exclude,E-NO-PERSON,none,No pedestrian in frame
kaist_set04v001_002229,kaist,B+D,thermal,none,images/set04/V001/lwir/I02229.jpg,set04v001,none,2229,none,none,exclude,E-NO-PERSON,none,No pedestrian in frame
kaist_set04v001_002230,kaist,B+D,thermal,none,images/set04/V001/lwir/I02230.jpg,set04v001,none,2230,none,none,exclude,E-NO-PERSON,none,No pedestrian in frame
kaist_set04v001_002231,kaist,B+D,thermal,none,images/set04/V001/lwir/I02231.jpg,set04v001,none,2231,none,none,exclude,E-NO-PERSON,none,No pedestrian in frame
kaist_set04v001_002232,kaist,B+D,thermal,none,images/set04/V001/lwir/I02232.jpg,set04v001,none,2232,none,none,exclude,E-NO-PERSON,none,No pedestrian in frame
kaist_set04v001_002233,kaist,B+D,thermal,none,images/set04/V001/lwir/I02233.jpg,set04v001,none,2233,none,none,exclude,E-NO-PERSON,none,No pedestrian in frame
kaist_set04v001_002234,kaist,B+D,thermal,none,images/set04/V001/lwir/I02234.jpg,set04v001,none,2234,none,none,exclude,E-NO-PERSON,none,No pedestrian in frame
kaist_set04v001_002235,kaist,B+D,thermal,none,images/set04/V001/lwir/I02235.jpg,set04v001,none,2235,none,none,exclude,E-NO-PERSON,none,No pedestrian in frame
kaist_set04v001_002236,kaist,B+D,thermal,none,images/set04/V001/lwir/I02236.jpg,set04v001,none,2236,none,none,exclude,E-NO-PERSON,none,No pedestrian in frame
kaist_set04v001_002237,kaist,B+D,thermal,none,images/set04/V001/lwir/I02237.jpg,set04v001,none,2237,none,none,exclude,E-NO-PERSON,none,No pedestrian in frame
kaist_set04v001_002238,kaist,B+D,thermal,none,images/set04/V001/lwir/I02238.jpg,set04v001,none,2238,none,none,exclude,E-NO-PERSON,none,No pedestrian in frame
kaist_set04v001_002239,kaist,B+D,thermal,none,images/set04/V001/lwir/I02239.jpg,set04v001,none,2239,none,none,exclude,E-NO-PERSON,none,No pedestrian in frame
kaist_set04v001_002240,kaist,B+D,thermal,none,images/set04/V001/lwir/I02240.jpg,set04v001,none,2240,none,none,exclude,E-NO-PERSON,none,No pedestrian in frame
kaist_set04v001_002241,kaist,B+D,thermal,none,images/set04/V001/lwir/I02241.jpg,set04v001,none,2241,none,none,exclude,E-NO-PERSON,none,No pedestrian in frame
kaist_set04v001_002242,kaist,B+D,thermal,none,images/set04/V001/lwir/I02242.jpg,set04v001,none,2242,none,none,exclude,E-NO-PERSON,none,No pedestrian in frame
kaist_set04v001_002243,kaist,B+D,thermal,none,images/set04/V001/lwir/I02243.jpg,set04v001,none,2243,none,none,exclude,E-NO-PERSON,none,No pedestrian in frame
kaist_set04v001_002244,kaist,B+D,thermal,none,images/set04/V001/lwir/I02244.jpg,set04v001,none,2244,none,none,exclude,E-NO-PERSON,none,No pedestrian in frame
kaist_set04v001_002245,kaist,B+D,thermal,none,images/set04/V001/lwir/I02245.jpg,set04v001,none,2245,none,none,exclude,E-NO-PERSON,none,No pedestrian in frame
kaist_set04v001_002246,kaist,B+D,thermal,none,images/set04/V001/lwir/I02246.jpg,set04v001,none,2246,none,none,exclude,E-NO-PERSON,none,No pedestrian in frame
kaist_set04v001_002247,kaist,B+D,thermal,none,images/set04/V001/lwir/I02247.jpg,set04v001,none,2247,none,none,exclude,E-NO-PERSON,none,No pedestrian in frame
kaist_set04v001_002248,kaist,B+D,thermal,none,images/set04/V001/lwir/I02248.jpg,set04v001,none,2248,none,none,exclude,E-NO-PERSON,none,No pedestrian in frame
kaist_set04v001_002249,kaist,B+D,thermal,none,images/set04/V001/lwir/I02249.jpg,set04v001,none,2249,none,none,exclude,E-NO-PERSON,none,No pedestrian in frame
kaist_set04v001_002250,kaist,B+D,thermal,none,images/set04/V001/lwir/I02250.jpg,set04v001,none,2250,none,none,exclude,E-NO-PERSON,none,No pedestrian in frame
kaist_set04v001_002251,kaist,B+D,thermal,none,images/set04/V001/lwir/I02251.jpg,set04v001,none,2251,none,none,exclude,E-NO-PERSON,none,No pedestrian in frame
kaist_set04v001_002252,kaist,B+D,thermal,none,images/set04/V001/lwir/I02252.jpg,set04v001,none,2252,none,none,exclude,E-NO-PERSON,none,No pedestrian in frame
kaist_set04v001_002253,kaist,B+D,thermal,none,images/set04/V001/lwir/I02253.jpg,set04v001,none,2253,none,none,exclude,E-NO-PERSON,none,No pedestrian in frame
kaist_set04v001_002254,kaist,B+D,thermal,none,images/set04/V001/lwir/I02254.jpg,set04v001,none,2254,none,none,exclude,E-NO-PERSON,none,No pedestrian in frame
kaist_set04v001_002255,kaist,B+D,thermal,none,images/set04/V001/lwir/I02255.jpg,set04v001,none,2255,none,none,exclude,E-NO-PERSON,none,No pedestrian in frame
kaist_set04v001_002256,kaist,B+D,thermal,none,images/set04/V001/lwir/I02256.jpg,set04v001,none,2256,none,none,exclude,E-NO-PERSON,none,No pedestrian in frame
kaist_set04v001_002257,kaist,B+D,thermal,none,images/set04/V001/lwir/I02257.jpg,set04v001,none,2257,none,none,exclude,E-NO-PERSON,none,No pedestrian in frame
kaist_set04v001_002258,kaist,B+D,thermal,none,images/set04/V001/lwir/I02258.jpg,set04v001,none,2258,none,none,exclude,E-NO-PERSON,none,No pedestrian in frame
kaist_set04v001_002259,kaist,B+D,thermal,none,images/set04/V001/lwir/I02259.jpg,set04v001,none,2259,none,none,exclude,E-NO-PERSON,none,No pedestrian in frame
kaist_set04v001_002260,kaist,B+D,thermal,none,images/set04/V001/lwir/I02260.jpg,set04v001,none,2260,none,none,exclude,E-NO-PERSON,none,No pedestrian in frame
kaist_set04v001_002261,kaist,B+D,thermal,none,images/set04/V001/lwir/I02261.jpg,set04v001,none,2261,none,none,exclude,E-NO-PERSON,none,No pedestrian in frame
kaist_set04v001_002262,kaist,B+D,thermal,none,images/set04/V001/lwir/I02262.jpg,set04v001,none,2262,none,none,exclude,E-NO-PERSON,none,No pedestrian in frame
kaist_set04v001_002263,kaist,B+D,thermal,none,images/set04/V001/lwir/I02263.jpg,set04v001,none,2263,none,none,exclude,E-NO-PERSON,none,No pedestrian in frame
kaist_set04v001_002264,kaist,B+D,thermal,none,images/set04/V001/lwir/I02264.jpg,set04v001,none,2264,none,none,exclude,E-NO-PERSON,none,No pedestrian in frame
kaist_set04v001_002265,kaist,B+D,thermal,none,images/set04/V001/lwir/I02265.jpg,set04v001,none,2265,none,none,exclude,E-NO-PERSON,none,No pedestrian in frame
kaist_set04v001_002266,kaist,B+D,thermal,none,images/set04/V001/lwir/I02266.jpg,set04v001,none,2266,none,none,exclude,E-NO-PERSON,none,No pedestrian in frame
kaist_set04v001_002267,kaist,B+D,thermal,none,images/set04/V001/lwir/I02267.jpg,set04v001,none,2267,none,none,exclude,E-NO-PERSON,none,No pedestrian in frame
kaist_set04v001_002268,kaist,B+D,thermal,none,images/set04/V001/lwir/I02268.jpg,set04v001,none,2268,none,none,exclude,E-NO-PERSON,none,No pedestrian in frame
kaist_set04v001_002269,kaist,B+D,thermal,none,images/set04/V001/lwir/I02269.jpg,set04v001,none,2269,none,none,exclude,E-NO-PERSON,none,No pedestrian in frame
kaist_set04v001_002270,kaist,B+D,thermal,none,images/set04/V001/lwir/I02270.jpg,set04v001,none,2270,none,none,exclude,E-NO-PERSON,none,No pedestrian in frame
kaist_set04v001_002271,kaist,B+D,thermal,none,images/set04/V001/lwir/I02271.jpg,set04v001,none,2271,none,none,exclude,E-NO-PERSON,none,No pedestrian in frame
kaist_set04v001_002272,kaist,B+D,thermal,none,images/set04/V001/lwir/I02272.jpg,set04v001,none,2272,none,none,exclude,E-NO-PERSON,none,No pedestrian in frame
kaist_set04v001_002273,kaist,B+D,thermal,none,images/set04/V001/lwir/I02273.jpg,set04v001,none,2273,none,none,exclude,E-NO-PERSON,none,No pedestrian in frame
kaist_set04v001_002274,kaist,B+D,thermal,none,images/set04/V001/lwir/I02274.jpg,set04v001,none,2274,none,none,exclude,E-NO-PERSON,none,No pedestrian in frame
kaist_set04v001_002275,kaist,B+D,thermal,none,images/set04/V001/lwir/I02275.jpg,set04v001,none,2275,none,none,exclude,E-NO-PERSON,none,No pedestrian in frame
kaist_set04v001_002276,kaist,B+D,thermal,none,images/set04/V001/lwir/I02276.jpg,set04v001,none,2276,none,none,exclude,E-NO-PERSON,none,No pedestrian in frame
kaist_set04v001_002277,kaist,B+D,thermal,none,images/set04/V001/lwir/I02277.jpg,set04v001,none,2277,none,none,exclude,E-NO-PERSON,none,No pedestrian in frame
kaist_set04v001_002278,kaist,B+D,thermal,none,images/set04/V001/lwir/I02278.jpg,set04v001,none,2278,none,none,exclude,E-NO-PERSON,none,No pedestrian in frame
kaist_set04v001_002279,kaist,B+D,thermal,none,images/set04/V001/lwir/I02279.jpg,set04v001,none,2279,none,none,exclude,E-NO-PERSON,none,No pedestrian in frame
kaist_set04v001_002280,kaist,B+D,thermal,none,images/set04/V001/lwir/I02280.jpg,set04v001,none,2280,none,none,exclude,E-NO-PERSON,none,No pedestrian in frame
kaist_set04v001_002281,kaist,B+D,thermal,none,images/set04/V001/lwir/I02281.jpg,set04v001,none,2281,none,none,exclude,E-NO-PERSON,none,No pedestrian in frame
kaist_set04v001_002282,kaist,B+D,thermal,none,images/set04/V001/lwir/I02282.jpg,set04v001,none,2282,none,none,exclude,E-NO-PERSON,none,No pedestrian in frame
kaist_set04v001_002283,kaist,B+D,thermal,none,images/set04/V001/lwir/I02283.jpg,set04v001,none,2283,none,none,exclude,E-NO-PERSON,none,No pedestrian in frame
kaist_set04v001_002284,kaist,B+D,thermal,none,images/set04/V001/lwir/I02284.jpg,set04v001,none,2284,none,none,exclude,E-NO-PERSON,none,No pedestrian in frame
kaist_set04v001_002285,kaist,B+D,thermal,none,images/set04/V001/lwir/I02285.jpg,set04v001,none,2285,none,none,exclude,E-NO-PERSON,none,No pedestrian in frame
kaist_set04v001_002286,kaist,B+D,thermal,none,images/set04/V001/lwir/I02286.jpg,set04v001,none,2286,none,none,exclude,E-NO-PERSON,none,No pedestrian in frame
kaist_set04v001_002287,kaist,B+D,thermal,none,images/set04/V001/lwir/I02287.jpg,set04v001,none,2287,none,none,exclude,E-NO-PERSON,none,No pedestrian in frame
kaist_set04v001_002288,kaist,B+D,thermal,none,images/set04/V001/lwir/I02288.jpg,set04v001,none,2288,none,none,exclude,E-NO-PERSON,none,No pedestrian in frame
kaist_set04v001_002289,kaist,B+D,thermal,none,images/set04/V001/lwir/I02289.jpg,set04v001,none,2289,none,none,exclude,E-NO-PERSON,none,No pedestrian in frame
kaist_set04v001_002290,kaist,B+D,thermal,none,images/set04/V001/lwir/I02290.jpg,set04v001,none,2290,none,none,exclude,E-NO-PERSON,none,No pedestrian in frame
kaist_set04v001_002291,kaist,B+D,thermal,none,images/set04/V001/lwir/I02291.jpg,set04v001,none,2291,none,none,exclude,E-NO-PERSON,none,No pedestrian in frame
kaist_set04v001_002292,kaist,B+D,thermal,none,images/set04/V001/lwir/I02292.jpg,set04v001,none,2292,none,none,exclude,E-NO-PERSON,none,No pedestrian in frame
kaist_set04v001_002293,kaist,B+D,thermal,none,images/set04/V001/lwir/I02293.jpg,set04v001,none,2293,none,none,exclude,E-NO-PERSON,none,No pedestrian in frame
kaist_set04v001_002294,kaist,B+D,thermal,none,images/set04/V001/lwir/I02294.jpg,set04v001,none,2294,none,none,exclude,E-NO-PERSON,none,No pedestrian in frame
kaist_set04v001_002295,kaist,B+D,thermal,none,images/set04/V001/lwir/I02295.jpg,set04v001,none,2295,none,none,exclude,E-NO-PERSON,none,No pedestrian in frame
kaist_set04v001_002296,kaist,B+D,thermal,none,images/set04/V001/lwir/I02296.jpg,set04v001,none,2296,none,none,exclude,E-NO-PERSON,none,No pedestrian in frame
kaist_set04v001_002297,kaist,B+D,thermal,none,images/set04/V001/lwir/I02297.jpg,set04v001,none,2297,none,none,exclude,E-NO-PERSON,none,No pedestrian in frame
kaist_set04v001_002298,kaist,B+D,thermal,none,images/set04/V001/lwir/I02298.jpg,set04v001,none,2298,none,none,exclude,E-NO-PERSON,none,No pedestrian in frame
kaist_set04v001_002299,kaist,B+D,thermal,none,images/set04/V001/lwir/I02299.jpg,set04v001,none,2299,none,none,exclude,E-NO-PERSON,none,No pedestrian in frame
kaist_set04v001_002300,kaist,B+D,thermal,none,images/set04/V001/lwir/I02300.jpg,set04v001,none,2300,none,none,exclude,E-NO-PERSON,none,No pedestrian in frame
kaist_set04v001_002301,kaist,B+D,thermal,none,images/set04/V001/lwir/I02301.jpg,set04v001,none,2301,none,none,exclude,E-NO-PERSON,none,No pedestrian in frame
kaist_set04v001_002302,kaist,B+D,thermal,none,images/set04/V001/lwir/I02302.jpg,set04v001,none,2302,none,none,exclude,E-NO-PERSON,none,No pedestrian in frame
kaist_set04v001_002303,kaist,B+D,thermal,none,images/set04/V001/lwir/I02303.jpg,set04v001,none,2303,none,none,exclude,E-NO-PERSON,none,No pedestrian in frame
kaist_set04v001_002304,kaist,B+D,thermal,none,images/set04/V001/lwir/I02304.jpg,set04v001,none,2304,none,none,exclude,E-NO-PERSON,none,No pedestrian in frame
kaist_set04v001_002305,kaist,B+D,thermal,none,images/set04/V001/lwir/I02305.jpg,set04v001,none,2305,none,none,exclude,E-NO-PERSON,none,No pedestrian in frame
kaist_set04v001_002306,kaist,B+D,thermal,none,images/set04/V001/lwir/I02306.jpg,set04v001,none,2306,none,none,exclude,E-NO-PERSON,none,No pedestrian in frame
kaist_set04v001_002307,kaist,B+D,thermal,none,images/set04/V001/lwir/I02307.jpg,set04v001,none,2307,none,none,exclude,E-NO-PERSON,none,No pedestrian in frame
kaist_set04v001_002308,kaist,B+D,thermal,none,images/set04/V001/lwir/I02308.jpg,set04v001,none,2308,none,none,exclude,E-NO-PERSON,none,No pedestrian in frame
kaist_set04v001_002309,kaist,B+D,thermal,none,images/set04/V001/lwir/I02309.jpg,set04v001,none,2309,none,none,exclude,E-NO-PERSON,none,No pedestrian in frame
kaist_set04v001_002310,kaist,B+D,thermal,none,images/set04/V001/lwir/I02310.jpg,set04v001,none,2310,none,none,exclude,E-NO-PERSON,none,No pedestrian in frame
kaist_set04v001_002311,kaist,B+D,thermal,none,images/set04/V001/lwir/I02311.jpg,set04v001,none,2311,none,none,exclude,E-NO-PERSON,none,No pedestrian in frame
kaist_set04v001_002312,kaist,B+D,thermal,none,images/set04/V001/lwir/I02312.jpg,set04v001,none,2312,none,none,exclude,E-NO-PERSON,none,No pedestrian in frame
kaist_set04v001_002313,kaist,B+D,thermal,none,images/set04/V001/lwir/I02313.jpg,set04v001,none,2313,none,none,exclude,E-NO-PERSON,none,No pedestrian in frame
kaist_set04v001_002314,kaist,B+D,thermal,none,images/set04/V001/lwir/I02314.jpg,set04v001,none,2314,none,none,exclude,E-NO-PERSON,none,No pedestrian in frame
kaist_set04v001_002315,kaist,B+D,thermal,none,images/set04/V001/lwir/I02315.jpg,set04v001,none,2315,none,none,exclude,E-NO-PERSON,none,No pedestrian in frame
kaist_set04v001_002316,kaist,B+D,thermal,none,images/set04/V001/lwir/I02316.jpg,set04v001,none,2316,none,none,exclude,E-NO-PERSON,none,No pedestrian in frame
kaist_set04v001_002317,kaist,B+D,thermal,none,images/set04/V001/lwir/I02317.jpg,set04v001,none,2317,none,none,exclude,E-NO-PERSON,none,No pedestrian in frame
kaist_set04v001_002318,kaist,B+D,thermal,none,images/set04/V001/lwir/I02318.jpg,set04v001,none,2318,none,none,exclude,E-NO-PERSON,none,No pedestrian in frame
kaist_set04v001_002319,kaist,B+D,thermal,none,images/set04/V001/lwir/I02319.jpg,set04v001,none,2319,none,none,exclude,E-NO-PERSON,none,No pedestrian in frame
kaist_set04v001_002320,kaist,B+D,thermal,none,images/set04/V001/lwir/I02320.jpg,set04v001,none,2320,none,none,exclude,E-NO-PERSON,none,No pedestrian in frame
kaist_set04v001_002321,kaist,B+D,thermal,none,images/set04/V001/lwir/I02321.jpg,set04v001,none,2321,none,none,exclude,E-NO-PERSON,none,No pedestrian in frame
kaist_set04v001_002322,kaist,B+D,thermal,none,images/set04/V001/lwir/I02322.jpg,set04v001,none,2322,none,none,exclude,E-NO-PERSON,none,No pedestrian in frame
kaist_set04v001_002323,kaist,B+D,thermal,none,images/set04/V001/lwir/I02323.jpg,set04v001,none,2323,none,none,exclude,E-NO-PERSON,none,No pedestrian in frame
kaist_set04v001_002324,kaist,B+D,thermal,none,images/set04/V001/lwir/I02324.jpg,set04v001,none,2324,none,none,exclude,E-NO-PERSON,none,No pedestrian in frame
kaist_set04v001_002325,kaist,B+D,thermal,none,images/set04/V001/lwir/I02325.jpg,set04v001,none,2325,none,none,exclude,E-NO-PERSON,none,No pedestrian in frame
kaist_set04v001_002326,kaist,B+D,thermal,none,images/set04/V001/lwir/I02326.jpg,set04v001,none,2326,none,none,exclude,E-NO-PERSON,none,No pedestrian in frame
kaist_set04v001_002327,kaist,B+D,thermal,none,images/set04/V001/lwir/I02327.jpg,set04v001,none,2327,none,none,exclude,E-NO-PERSON,none,No pedestrian in frame
kaist_set04v001_002328,kaist,B+D,thermal,none,images/set04/V001/lwir/I02328.jpg,set04v001,none,2328,none,none,exclude,E-NO-PERSON,none,No pedestrian in frame
kaist_set04v001_002329,kaist,B+D,thermal,none,images/set04/V001/lwir/I02329.jpg,set04v001,none,2329,none,none,exclude,E-NO-PERSON,none,No pedestrian in frame
kaist_set04v001_002330,kaist,B+D,thermal,none,images/set04/V001/lwir/I02330.jpg,set04v001,none,2330,none,none,exclude,E-NO-PERSON,none,No pedestrian in frame
kaist_set04v001_002331,kaist,B+D,thermal,none,images/set04/V001/lwir/I02331.jpg,set04v001,none,2331,none,none,exclude,E-NO-PERSON,none,No pedestrian in frame
kaist_set04v001_002332,kaist,B+D,thermal,none,images/set04/V001/lwir/I02332.jpg,set04v001,none,2332,none,none,exclude,E-NO-PERSON,none,No pedestrian in frame
kaist_set04v001_002333,kaist,B+D,thermal,none,images/set04/V001/lwir/I02333.jpg,set04v001,none,2333,none,none,exclude,E-NO-PERSON,none,No pedestrian in frame
kaist_set04v001_002334,kaist,B+D,thermal,none,images/set04/V001/lwir/I02334.jpg,set04v001,none,2334,none,none,exclude,E-NO-PERSON,none,No pedestrian in frame
kaist_set04v001_002335,kaist,B+D,thermal,none,images/set04/V001/lwir/I02335.jpg,set04v001,none,2335,none,none,exclude,E-NO-PERSON,none,No pedestrian in frame
kaist_set04v001_002336,kaist,B+D,thermal,none,images/set04/V001/lwir/I02336.jpg,set04v001,none,2336,none,none,exclude,E-NO-PERSON,none,No pedestrian in frame
kaist_set04v001_002337,kaist,B+D,thermal,none,images/set04/V001/lwir/I02337.jpg,set04v001,none,2337,none,none,exclude,E-NO-PERSON,none,No pedestrian in frame
kaist_set04v001_002338,kaist,B+D,thermal,none,images/set04/V001/lwir/I02338.jpg,set04v001,none,2338,none,none,exclude,E-NO-PERSON,none,No pedestrian in frame
kaist_set04v001_002339,kaist,B+D,thermal,none,images/set04/V001/lwir/I02339.jpg,set04v001,none,2339,none,none,exclude,E-NO-PERSON,none,No pedestrian in frame
kaist_set04v001_002340,kaist,B+D,thermal,none,images/set04/V001/lwir/I02340.jpg,set04v001,none,2340,none,none,exclude,E-NO-PERSON,none,No pedestrian in frame
kaist_set04v001_002341,kaist,B+D,thermal,none,images/set04/V001/lwir/I02341.jpg,set04v001,none,2341,none,none,exclude,E-NO-PERSON,none,No pedestrian in frame
kaist_set04v001_002342,kaist,B+D,thermal,none,images/set04/V001/lwir/I02342.jpg,set04v001,none,2342,none,none,exclude,E-NO-PERSON,none,No pedestrian in frame
kaist_set04v001_002343,kaist,B+D,thermal,none,images/set04/V001/lwir/I02343.jpg,set04v001,none,2343,none,none,exclude,E-NO-PERSON,none,No pedestrian in frame
kaist_set04v001_002344,kaist,B+D,thermal,none,images/set04/V001/lwir/I02344.jpg,set04v001,none,2344,none,none,exclude,E-NO-PERSON,none,No pedestrian in frame
kaist_set04v001_002345,kaist,B+D,thermal,none,images/set04/V001/lwir/I02345.jpg,set04v001,none,2345,none,none,exclude,E-NO-PERSON,none,No pedestrian in frame
kaist_set04v001_002346,kaist,B+D,thermal,none,images/set04/V001/lwir/I02346.jpg,set04v001,none,2346,none,none,exclude,E-NO-PERSON,none,No pedestrian in frame
kaist_set04v001_002347,kaist,B+D,thermal,none,images/set04/V001/lwir/I02347.jpg,set04v001,none,2347,none,none,exclude,E-NO-PERSON,none,No pedestrian in frame
kaist_set04v001_002348,kaist,B+D,thermal,none,images/set04/V001/lwir/I02348.jpg,set04v001,none,2348,none,none,exclude,E-NO-PERSON,none,No pedestrian in frame
kaist_set04v001_002349,kaist,B+D,thermal,none,images/set04/V001/lwir/I02349.jpg,set04v001,none,2349,none,none,exclude,E-NO-PERSON,none,No pedestrian in frame
kaist_set04v001_002350,kaist,B+D,thermal,none,images/set04/V001/lwir/I02350.jpg,set04v001,none,2350,none,none,exclude,E-NO-PERSON,none,No pedestrian in frame
kaist_set04v001_002351,kaist,B+D,thermal,none,images/set04/V001/lwir/I02351.jpg,set04v001,none,2351,none,none,exclude,E-NO-PERSON,none,No pedestrian in frame
kaist_set04v001_002352,kaist,B+D,thermal,none,images/set04/V001/lwir/I02352.jpg,set04v001,none,2352,none,none,exclude,E-NO-PERSON,none,No pedestrian in frame
kaist_set04v001_002353,kaist,B+D,thermal,none,images/set04/V001/lwir/I02353.jpg,set04v001,none,2353,none,none,exclude,E-NO-PERSON,none,No pedestrian in frame
kaist_set04v001_002354,kaist,B+D,thermal,none,images/set04/V001/lwir/I02354.jpg,set04v001,none,2354,none,none,exclude,E-NO-PERSON,none,No pedestrian in frame
kaist_set04v001_002355,kaist,B+D,thermal,none,images/set04/V001/lwir/I02355.jpg,set04v001,none,2355,none,none,exclude,E-NO-PERSON,none,No pedestrian in frame
kaist_set04v001_002356,kaist,B+D,thermal,none,images/set04/V001/lwir/I02356.jpg,set04v001,none,2356,none,none,exclude,E-NO-PERSON,none,No pedestrian in frame
kaist_set04v001_002357,kaist,B+D,thermal,none,images/set04/V001/lwir/I02357.jpg,set04v001,none,2357,none,none,exclude,E-NO-PERSON,none,No pedestrian in frame
kaist_set04v001_002358,kaist,B+D,thermal,none,images/set04/V001/lwir/I02358.jpg,set04v001,none,2358,none,none,exclude,E-NO-PERSON,none,No pedestrian in frame
kaist_set04v001_002359,kaist,B+D,thermal,none,images/set04/V001/lwir/I02359.jpg,set04v001,none,2359,none,none,exclude,E-NO-PERSON,none,No pedestrian in frame
kaist_set04v001_002360,kaist,B+D,thermal,none,images/set04/V001/lwir/I02360.jpg,set04v001,none,2360,none,none,exclude,E-NO-PERSON,none,No pedestrian in frame
kaist_set04v001_002361,kaist,B+D,thermal,none,images/set04/V001/lwir/I02361.jpg,set04v001,none,2361,none,none,exclude,E-NO-PERSON,none,No pedestrian in frame
kaist_set04v001_002362,kaist,B+D,thermal,none,images/set04/V001/lwir/I02362.jpg,set04v001,none,2362,none,none,exclude,E-NO-PERSON,none,No pedestrian in frame
kaist_set04v001_002363,kaist,B+D,thermal,none,images/set04/V001/lwir/I02363.jpg,set04v001,none,2363,none,none,exclude,E-NO-PERSON,none,No pedestrian in frame
kaist_set04v001_002364,kaist,B+D,thermal,none,images/set04/V001/lwir/I02364.jpg,set04v001,none,2364,none,none,exclude,E-NO-PERSON,none,No pedestrian in frame
kaist_set04v001_002365,kaist,B+D,thermal,none,images/set04/V001/lwir/I02365.jpg,set04v001,none,2365,none,none,exclude,E-NO-PERSON,none,No pedestrian in frame
kaist_set04v001_002366,kaist,B+D,thermal,none,images/set04/V001/lwir/I02366.jpg,set04v001,none,2366,none,none,exclude,E-NO-PERSON,none,No pedestrian in frame
kaist_set04v001_002367,kaist,B+D,thermal,none,images/set04/V001/lwir/I02367.jpg,set04v001,none,2367,none,none,exclude,E-NO-PERSON,none,No pedestrian in frame
kaist_set04v001_002368,kaist,B+D,thermal,none,images/set04/V001/lwir/I02368.jpg,set04v001,none,2368,none,none,exclude,E-NO-PERSON,none,No pedestrian in frame
kaist_set04v001_002369,kaist,B+D,thermal,none,images/set04/V001/lwir/I02369.jpg,set04v001,none,2369,none,none,exclude,E-NO-PERSON,none,No pedestrian in frame
kaist_set04v001_002370,kaist,B+D,thermal,none,images/set04/V001/lwir/I02370.jpg,set04v001,none,2370,none,none,exclude,E-NO-PERSON,none,No pedestrian in frame
kaist_set04v001_002371,kaist,B+D,thermal,none,images/set04/V001/lwir/I02371.jpg,set04v001,none,2371,none,none,exclude,E-NO-PERSON,none,No pedestrian in frame
kaist_set04v001_002372,kaist,B+D,thermal,none,images/set04/V001/lwir/I02372.jpg,set04v001,none,2372,none,none,exclude,E-NO-PERSON,none,No pedestrian in frame
kaist_set04v001_002373,kaist,B+D,thermal,none,images/set04/V001/lwir/I02373.jpg,set04v001,none,2373,none,none,exclude,E-NO-PERSON,none,No pedestrian in frame
kaist_set04v001_002374,kaist,B+D,thermal,none,images/set04/V001/lwir/I02374.jpg,set04v001,none,2374,none,none,exclude,E-NO-PERSON,none,No pedestrian in frame
kaist_set04v001_002375,kaist,B+D,thermal,none,images/set04/V001/lwir/I02375.jpg,set04v001,none,2375,none,none,exclude,E-NO-PERSON,none,No pedestrian in frame
kaist_set04v001_002376,kaist,B+D,thermal,none,images/set04/V001/lwir/I02376.jpg,set04v001,none,2376,none,none,exclude,E-NO-PERSON,none,No pedestrian in frame
kaist_set04v001_002377,kaist,B+D,thermal,none,images/set04/V001/lwir/I02377.jpg,set04v001,none,2377,none,none,exclude,E-NO-PERSON,none,No pedestrian in frame
kaist_set04v001_002378,kaist,B+D,thermal,none,images/set04/V001/lwir/I02378.jpg,set04v001,none,2378,none,none,exclude,E-NO-PERSON,none,No pedestrian in frame
kaist_set04v001_002379,kaist,B+D,thermal,none,images/set04/V001/lwir/I02379.jpg,set04v001,none,2379,none,none,exclude,E-NO-PERSON,none,No pedestrian in frame
kaist_set04v001_002380,kaist,B+D,thermal,none,images/set04/V001/lwir/I02380.jpg,set04v001,none,2380,none,none,exclude,E-NO-PERSON,none,No pedestrian in frame
kaist_set04v001_002381,kaist,B+D,thermal,none,images/set04/V001/lwir/I02381.jpg,set04v001,none,2381,none,none,exclude,E-NO-PERSON,none,No pedestrian in frame
kaist_set04v001_002382,kaist,B+D,thermal,none,images/set04/V001/lwir/I02382.jpg,set04v001,none,2382,none,none,exclude,E-NO-PERSON,none,No pedestrian in frame
kaist_set04v001_002383,kaist,B+D,thermal,none,images/set04/V001/lwir/I02383.jpg,set04v001,none,2383,none,none,exclude,E-NO-PERSON,none,No pedestrian in frame
kaist_set04v001_002384,kaist,B+D,thermal,none,images/set04/V001/lwir/I02384.jpg,set04v001,none,2384,none,none,exclude,E-NO-PERSON,none,No pedestrian in frame
kaist_set04v001_002385,kaist,B+D,thermal,none,images/set04/V001/lwir/I02385.jpg,set04v001,none,2385,none,none,exclude,E-NO-PERSON,none,No pedestrian in frame
kaist_set04v001_002386,kaist,B+D,thermal,none,images/set04/V001/lwir/I02386.jpg,set04v001,none,2386,none,none,exclude,E-NO-PERSON,none,No pedestrian in frame
kaist_set04v001_002387,kaist,B+D,thermal,none,images/set04/V001/lwir/I02387.jpg,set04v001,none,2387,none,none,exclude,E-NO-PERSON,none,No pedestrian in frame
kaist_set04v001_002388,kaist,B+D,thermal,none,images/set04/V001/lwir/I02388.jpg,set04v001,none,2388,none,none,exclude,E-NO-PERSON,none,No pedestrian in frame
kaist_set04v001_002389,kaist,B+D,thermal,none,images/set04/V001/lwir/I02389.jpg,set04v001,none,2389,none,none,exclude,E-NO-PERSON,none,No pedestrian in frame
kaist_set04v001_002390,kaist,B+D,thermal,none,images/set04/V001/lwir/I02390.jpg,set04v001,none,2390,none,none,exclude,E-NO-PERSON,none,No pedestrian in frame
kaist_set04v001_002391,kaist,B+D,thermal,none,images/set04/V001/lwir/I02391.jpg,set04v001,none,2391,none,none,exclude,E-NO-PERSON,none,No pedestrian in frame
kaist_set04v001_002392,kaist,B+D,thermal,none,images/set04/V001/lwir/I02392.jpg,set04v001,none,2392,none,none,exclude,E-NO-PERSON,none,No pedestrian in frame
kaist_set04v001_002393,kaist,B+D,thermal,none,images/set04/V001/lwir/I02393.jpg,set04v001,none,2393,none,none,exclude,E-NO-PERSON,none,No pedestrian in frame
kaist_set04v001_002394,kaist,B+D,thermal,none,images/set04/V001/lwir/I02394.jpg,set04v001,none,2394,none,none,exclude,E-NO-PERSON,none,No pedestrian in frame
kaist_set04v001_002395,kaist,B+D,thermal,none,images/set04/V001/lwir/I02395.jpg,set04v001,none,2395,none,none,exclude,E-NO-PERSON,none,No pedestrian in frame
kaist_set04v001_002396,kaist,B+D,thermal,none,images/set04/V001/lwir/I02396.jpg,set04v001,none,2396,none,none,exclude,E-NO-PERSON,none,No pedestrian in frame
kaist_set04v001_002397,kaist,B+D,thermal,none,images/set04/V001/lwir/I02397.jpg,set04v001,none,2397,none,none,exclude,E-NO-PERSON,none,No pedestrian in frame
kaist_set04v001_002398,kaist,B+D,thermal,none,images/set04/V001/lwir/I02398.jpg,set04v001,none,2398,none,none,exclude,E-NO-PERSON,none,No pedestrian in frame
kaist_set04v001_002399,kaist,B+D,thermal,none,images/set04/V001/lwir/I02399.jpg,set04v001,none,2399,none,none,exclude,E-NO-PERSON,none,No pedestrian in frame
kaist_set04v001_002400,kaist,B+D,thermal,none,images/set04/V001/lwir/I02400.jpg,set04v001,none,2400,none,none,exclude,E-NO-PERSON,none,No pedestrian in frame
kaist_set04v001_002401,kaist,B+D,thermal,none,images/set04/V001/lwir/I02401.jpg,set04v001,none,2401,none,none,exclude,E-NO-PERSON,none,No pedestrian in frame
kaist_set04v001_002402,kaist,B+D,thermal,none,images/set04/V001/lwir/I02402.jpg,set04v001,none,2402,none,none,exclude,E-NO-PERSON,none,No pedestrian in frame
kaist_set04v001_002403,kaist,B+D,thermal,none,images/set04/V001/lwir/I02403.jpg,set04v001,none,2403,none,none,exclude,E-NO-PERSON,none,No pedestrian in frame
kaist_set04v001_002404,kaist,B+D,thermal,none,images/set04/V001/lwir/I02404.jpg,set04v001,none,2404,none,none,exclude,E-NO-PERSON,none,No pedestrian in frame
kaist_set04v001_002405,kaist,B+D,thermal,none,images/set04/V001/lwir/I02405.jpg,set04v001,none,2405,none,none,exclude,E-NO-PERSON,none,No pedestrian in frame
kaist_set04v001_002406,kaist,B+D,thermal,none,images/set04/V001/lwir/I02406.jpg,set04v001,none,2406,none,none,exclude,E-NO-PERSON,none,No pedestrian in frame
kaist_set04v001_002407,kaist,B+D,thermal,none,images/set04/V001/lwir/I02407.jpg,set04v001,none,2407,none,none,exclude,E-NO-PERSON,none,No pedestrian in frame
kaist_set04v001_002408,kaist,B+D,thermal,none,images/set04/V001/lwir/I02408.jpg,set04v001,none,2408,none,none,exclude,E-NO-PERSON,none,No pedestrian in frame
kaist_set04v001_002409,kaist,B+D,thermal,none,images/set04/V001/lwir/I02409.jpg,set04v001,none,2409,none,none,exclude,E-NO-PERSON,none,No pedestrian in frame
kaist_set04v001_002410,kaist,B+D,thermal,none,images/set04/V001/lwir/I02410.jpg,set04v001,none,2410,none,none,exclude,E-NO-PERSON,none,No pedestrian in frame
kaist_set04v001_002411,kaist,B+D,thermal,none,images/set04/V001/lwir/I02411.jpg,set04v001,none,2411,none,none,exclude,E-NO-PERSON,none,No pedestrian in frame
kaist_set04v001_002412,kaist,B+D,thermal,none,images/set04/V001/lwir/I02412.jpg,set04v001,none,2412,none,none,exclude,E-NO-PERSON,none,No pedestrian in frame
kaist_set04v001_002413,kaist,B+D,thermal,none,images/set04/V001/lwir/I02413.jpg,set04v001,none,2413,none,none,exclude,E-NO-PERSON,none,No pedestrian in frame
kaist_set04v001_002414,kaist,B+D,thermal,none,images/set04/V001/lwir/I02414.jpg,set04v001,none,2414,none,none,exclude,E-NO-PERSON,none,No pedestrian in frame
kaist_set04v001_002415,kaist,B+D,thermal,none,images/set04/V001/lwir/I02415.jpg,set04v001,none,2415,none,none,exclude,E-NO-PERSON,none,No pedestrian in frame
kaist_set04v001_002416,kaist,B+D,thermal,none,images/set04/V001/lwir/I02416.jpg,set04v001,none,2416,none,none,exclude,E-NO-PERSON,none,No pedestrian in frame
kaist_set04v001_002417,kaist,B+D,thermal,none,images/set04/V001/lwir/I02417.jpg,set04v001,none,2417,none,none,exclude,E-NO-PERSON,none,No pedestrian in frame
kaist_set04v001_002418,kaist,B+D,thermal,none,images/set04/V001/lwir/I02418.jpg,set04v001,none,2418,none,none,exclude,E-NO-PERSON,none,No pedestrian in frame
kaist_set04v001_002419,kaist,B+D,thermal,none,images/set04/V001/lwir/I02419.jpg,set04v001,none,2419,none,none,exclude,E-NO-PERSON,none,No pedestrian in frame
kaist_set04v001_002420,kaist,B+D,thermal,none,images/set04/V001/lwir/I02420.jpg,set04v001,none,2420,none,none,exclude,E-NO-PERSON,none,No pedestrian in frame
kaist_set04v001_002421,kaist,B+D,thermal,none,images/set04/V001/lwir/I02421.jpg,set04v001,none,2421,none,none,exclude,E-NO-PERSON,none,No pedestrian in frame
kaist_set04v001_002422,kaist,B+D,thermal,none,images/set04/V001/lwir/I02422.jpg,set04v001,none,2422,none,none,exclude,E-NO-PERSON,none,No pedestrian in frame
kaist_set04v001_002423,kaist,B+D,thermal,none,images/set04/V001/lwir/I02423.jpg,set04v001,none,2423,none,none,exclude,E-NO-PERSON,none,No pedestrian in frame
kaist_set04v001_002424,kaist,B+D,thermal,none,images/set04/V001/lwir/I02424.jpg,set04v001,none,2424,none,none,exclude,E-NO-PERSON,none,No pedestrian in frame
kaist_set04v001_002425,kaist,B+D,thermal,none,images/set04/V001/lwir/I02425.jpg,set04v001,none,2425,none,none,exclude,E-NO-PERSON,none,No pedestrian in frame
kaist_set04v001_002426,kaist,B+D,thermal,none,images/set04/V001/lwir/I02426.jpg,set04v001,none,2426,none,none,exclude,E-NO-PERSON,none,No pedestrian in frame
kaist_set04v001_002427,kaist,B+D,thermal,none,images/set04/V001/lwir/I02427.jpg,set04v001,none,2427,none,none,exclude,E-NO-PERSON,none,No pedestrian in frame
kaist_set04v001_002428,kaist,B+D,thermal,none,images/set04/V001/lwir/I02428.jpg,set04v001,none,2428,none,none,exclude,E-NO-PERSON,none,No pedestrian in frame
kaist_set04v001_002429,kaist,B+D,thermal,none,images/set04/V001/lwir/I02429.jpg,set04v001,none,2429,none,none,exclude,E-NO-PERSON,none,No pedestrian in frame
kaist_set04v001_002430,kaist,B+D,thermal,none,images/set04/V001/lwir/I02430.jpg,set04v001,none,2430,none,none,exclude,E-NO-PERSON,none,No pedestrian in frame
kaist_set04v001_002431,kaist,B+D,thermal,none,images/set04/V001/lwir/I02431.jpg,set04v001,none,2431,none,none,exclude,E-NO-PERSON,none,No pedestrian in frame
kaist_set04v001_002432,kaist,B+D,thermal,none,images/set04/V001/lwir/I02432.jpg,set04v001,none,2432,none,none,exclude,E-NO-PERSON,none,No pedestrian in frame
kaist_set04v001_002433,kaist,B+D,thermal,none,images/set04/V001/lwir/I02433.jpg,set04v001,none,2433,none,none,exclude,E-NO-PERSON,none,No pedestrian in frame
kaist_set04v001_002434,kaist,B+D,thermal,none,images/set04/V001/lwir/I02434.jpg,set04v001,none,2434,none,none,exclude,E-NO-PERSON,none,No pedestrian in frame
kaist_set04v001_002435,kaist,B+D,thermal,none,images/set04/V001/lwir/I02435.jpg,set04v001,none,2435,none,none,exclude,E-NO-PERSON,none,No pedestrian in frame
kaist_set04v001_002436,kaist,B+D,thermal,none,images/set04/V001/lwir/I02436.jpg,set04v001,none,2436,none,none,exclude,E-NO-PERSON,none,No pedestrian in frame
kaist_set04v001_002437,kaist,B+D,thermal,none,images/set04/V001/lwir/I02437.jpg,set04v001,none,2437,none,none,exclude,E-NO-PERSON,none,No pedestrian in frame
kaist_set04v001_002438,kaist,B+D,thermal,none,images/set04/V001/lwir/I02438.jpg,set04v001,none,2438,none,none,exclude,E-NO-PERSON,none,No pedestrian in frame
kaist_set04v001_002439,kaist,B+D,thermal,none,images/set04/V001/lwir/I02439.jpg,set04v001,none,2439,none,none,exclude,E-NO-PERSON,none,No pedestrian in frame
kaist_set04v001_002440,kaist,B+D,thermal,none,images/set04/V001/lwir/I02440.jpg,set04v001,none,2440,none,none,exclude,E-NO-PERSON,none,No pedestrian in frame
kaist_set04v001_002441,kaist,B+D,thermal,none,images/set04/V001/lwir/I02441.jpg,set04v001,none,2441,none,none,exclude,E-NO-PERSON,none,No pedestrian in frame
kaist_set04v001_002442,kaist,B+D,thermal,none,images/set04/V001/lwir/I02442.jpg,set04v001,none,2442,none,none,exclude,E-NO-PERSON,none,No pedestrian in frame
kaist_set04v001_002443,kaist,B+D,thermal,none,images/set04/V001/lwir/I02443.jpg,set04v001,none,2443,none,none,exclude,E-NO-PERSON,none,No pedestrian in frame
kaist_set04v001_002444,kaist,B+D,thermal,none,images/set04/V001/lwir/I02444.jpg,set04v001,none,2444,none,none,exclude,E-NO-PERSON,none,No pedestrian in frame
kaist_set04v001_002445,kaist,B+D,thermal,none,images/set04/V001/lwir/I02445.jpg,set04v001,none,2445,none,none,exclude,E-NO-PERSON,none,No pedestrian in frame
kaist_set04v001_002446,kaist,B+D,thermal,none,images/set04/V001/lwir/I02446.jpg,set04v001,none,2446,none,none,exclude,E-NO-PERSON,none,No pedestrian in frame
kaist_set04v001_002447,kaist,B+D,thermal,none,images/set04/V001/lwir/I02447.jpg,set04v001,none,2447,none,none,exclude,E-NO-PERSON,none,No pedestrian in frame
kaist_set04v001_002448,kaist,B+D,thermal,none,images/set04/V001/lwir/I02448.jpg,set04v001,none,2448,none,none,exclude,E-NO-PERSON,none,No pedestrian in frame
kaist_set04v001_002449,kaist,B+D,thermal,none,images/set04/V001/lwir/I02449.jpg,set04v001,none,2449,none,none,exclude,E-NO-PERSON,none,No pedestrian in frame
kaist_set04v001_002450,kaist,B+D,thermal,none,images/set04/V001/lwir/I02450.jpg,set04v001,none,2450,none,none,exclude,E-NO-PERSON,none,No pedestrian in frame
kaist_set04v001_002451,kaist,B+D,thermal,none,images/set04/V001/lwir/I02451.jpg,set04v001,none,2451,none,none,exclude,E-NO-PERSON,none,No pedestrian in frame
kaist_set04v001_002452,kaist,B+D,thermal,none,images/set04/V001/lwir/I02452.jpg,set04v001,none,2452,none,none,exclude,E-NO-PERSON,none,No pedestrian in frame
kaist_set04v001_002453,kaist,B+D,thermal,none,images/set04/V001/lwir/I02453.jpg,set04v001,none,2453,none,none,exclude,E-NO-PERSON,none,No pedestrian in frame
kaist_set04v001_002454,kaist,B+D,thermal,none,images/set04/V001/lwir/I02454.jpg,set04v001,none,2454,none,none,exclude,E-NO-PERSON,none,No pedestrian in frame
kaist_set04v001_002455,kaist,B+D,thermal,none,images/set04/V001/lwir/I02455.jpg,set04v001,none,2455,none,none,exclude,E-NO-PERSON,none,No pedestrian in frame
kaist_set04v001_002456,kaist,B+D,thermal,none,images/set04/V001/lwir/I02456.jpg,set04v001,none,2456,none,none,exclude,E-NO-PERSON,none,No pedestrian in frame
kaist_set04v001_002457,kaist,B+D,thermal,none,images/set04/V001/lwir/I02457.jpg,set04v001,none,2457,none,none,exclude,E-NO-PERSON,none,No pedestrian in frame
kaist_set04v001_002458,kaist,B+D,thermal,none,images/set04/V001/lwir/I02458.jpg,set04v001,none,2458,none,none,exclude,E-NO-PERSON,none,No pedestrian in frame
kaist_set04v001_002459,kaist,B+D,thermal,none,images/set04/V001/lwir/I02459.jpg,set04v001,none,2459,none,none,exclude,E-NO-PERSON,none,No pedestrian in frame
kaist_set04v001_002460,kaist,B+D,thermal,none,images/set04/V001/lwir/I02460.jpg,set04v001,none,2460,none,none,exclude,E-NO-PERSON,none,No pedestrian in frame
kaist_set04v001_002461,kaist,B+D,thermal,none,images/set04/V001/lwir/I02461.jpg,set04v001,none,2461,none,none,exclude,E-NO-PERSON,none,No pedestrian in frame
kaist_set04v001_002462,kaist,B+D,thermal,none,images/set04/V001/lwir/I02462.jpg,set04v001,none,2462,none,none,exclude,E-NO-PERSON,none,No pedestrian in frame
kaist_set04v001_002463,kaist,B+D,thermal,none,images/set04/V001/lwir/I02463.jpg,set04v001,none,2463,none,none,exclude,E-NO-PERSON,none,No pedestrian in frame
kaist_set04v001_002464,kaist,B+D,thermal,none,images/set04/V001/lwir/I02464.jpg,set04v001,none,2464,none,none,exclude,E-NO-PERSON,none,No pedestrian in frame
kaist_set04v001_002465,kaist,B+D,thermal,none,images/set04/V001/lwir/I02465.jpg,set04v001,none,2465,none,none,exclude,E-NO-PERSON,none,No pedestrian in frame
kaist_set04v001_002466,kaist,B+D,thermal,none,images/set04/V001/lwir/I02466.jpg,set04v001,none,2466,none,none,exclude,E-NO-PERSON,none,No pedestrian in frame
kaist_set04v001_002467,kaist,B+D,thermal,none,images/set04/V001/lwir/I02467.jpg,set04v001,none,2467,none,none,exclude,E-NO-PERSON,none,No pedestrian in frame
kaist_set04v001_002468,kaist,B+D,thermal,none,images/set04/V001/lwir/I02468.jpg,set04v001,none,2468,none,none,exclude,E-NO-PERSON,none,No pedestrian in frame
kaist_set04v001_002469,kaist,B+D,thermal,none,images/set04/V001/lwir/I02469.jpg,set04v001,none,2469,none,none,exclude,E-NO-PERSON,none,No pedestrian in frame
kaist_set04v001_002470,kaist,B+D,thermal,none,images/set04/V001/lwir/I02470.jpg,set04v001,none,2470,none,none,exclude,E-NO-PERSON,none,No pedestrian in frame
kaist_set04v001_002471,kaist,B+D,thermal,none,images/set04/V001/lwir/I02471.jpg,set04v001,none,2471,none,none,exclude,E-NO-PERSON,none,No pedestrian in frame
kaist_set04v001_002472,kaist,B+D,thermal,none,images/set04/V001/lwir/I02472.jpg,set04v001,none,2472,none,none,exclude,E-NO-PERSON,none,No pedestrian in frame
kaist_set04v001_002473,kaist,B+D,thermal,none,images/set04/V001/lwir/I02473.jpg,set04v001,none,2473,none,none,exclude,E-NO-PERSON,none,No pedestrian in frame
kaist_set04v001_002474,kaist,B+D,thermal,none,images/set04/V001/lwir/I02474.jpg,set04v001,none,2474,none,none,exclude,E-NO-PERSON,none,No pedestrian in frame
kaist_set04v001_002475,kaist,B+D,thermal,none,images/set04/V001/lwir/I02475.jpg,set04v001,none,2475,none,none,exclude,E-NO-PERSON,none,No pedestrian in frame
kaist_set04v001_002476,kaist,B+D,thermal,none,images/set04/V001/lwir/I02476.jpg,set04v001,none,2476,none,none,exclude,E-NO-PERSON,none,No pedestrian in frame
kaist_set04v001_002477,kaist,B+D,thermal,none,images/set04/V001/lwir/I02477.jpg,set04v001,none,2477,none,none,exclude,E-NO-PERSON,none,No pedestrian in frame
kaist_set04v001_002478,kaist,B+D,thermal,none,images/set04/V001/lwir/I02478.jpg,set04v001,none,2478,none,none,exclude,E-NO-PERSON,none,No pedestrian in frame
kaist_set04v001_002479,kaist,B+D,thermal,none,images/set04/V001/lwir/I02479.jpg,set04v001,none,2479,none,none,exclude,E-NO-PERSON,none,No pedestrian in frame
kaist_set04v001_002480,kaist,B+D,thermal,none,images/set04/V001/lwir/I02480.jpg,set04v001,none,2480,none,none,exclude,E-NO-PERSON,none,No pedestrian in frame
kaist_set04v001_002481,kaist,B+D,thermal,none,images/set04/V001/lwir/I02481.jpg,set04v001,none,2481,none,none,exclude,E-NO-PERSON,none,No pedestrian in frame
kaist_set04v001_002482,kaist,B+D,thermal,none,images/set04/V001/lwir/I02482.jpg,set04v001,none,2482,none,none,exclude,E-NO-PERSON,none,No pedestrian in frame
kaist_set04v001_002483,kaist,B+D,thermal,none,images/set04/V001/lwir/I02483.jpg,set04v001,none,2483,none,none,exclude,E-NO-PERSON,none,No pedestrian in frame
kaist_set04v001_002484,kaist,B+D,thermal,none,images/set04/V001/lwir/I02484.jpg,set04v001,none,2484,none,none,exclude,E-NO-PERSON,none,No pedestrian in frame
kaist_set04v001_002485,kaist,B+D,thermal,none,images/set04/V001/lwir/I02485.jpg,set04v001,none,2485,none,none,exclude,E-NO-PERSON,none,No pedestrian in frame
kaist_set04v001_002486,kaist,B+D,thermal,none,images/set04/V001/lwir/I02486.jpg,set04v001,none,2486,none,none,exclude,E-NO-PERSON,none,No pedestrian in frame
kaist_set04v001_002487,kaist,B+D,thermal,none,images/set04/V001/lwir/I02487.jpg,set04v001,none,2487,none,none,exclude,E-NO-PERSON,none,No pedestrian in frame
kaist_set04v001_002488,kaist,B+D,thermal,none,images/set04/V001/lwir/I02488.jpg,set04v001,none,2488,none,none,exclude,E-NO-PERSON,none,No pedestrian in frame
kaist_set04v001_002489,kaist,B+D,thermal,none,images/set04/V001/lwir/I02489.jpg,set04v001,none,2489,none,none,exclude,E-NO-PERSON,none,No pedestrian in frame
kaist_set04v001_002490,kaist,B+D,thermal,none,images/set04/V001/lwir/I02490.jpg,set04v001,none,2490,none,none,exclude,E-NO-PERSON,none,No pedestrian in frame
kaist_set04v001_002491,kaist,B+D,thermal,none,images/set04/V001/lwir/I02491.jpg,set04v001,none,2491,none,none,exclude,E-NO-PERSON,none,No pedestrian in frame
kaist_set04v001_002492,kaist,B+D,thermal,none,images/set04/V001/lwir/I02492.jpg,set04v001,none,2492,none,none,exclude,E-NO-PERSON,none,No pedestrian in frame
kaist_set04v001_002493,kaist,B+D,thermal,none,images/set04/V001/lwir/I02493.jpg,set04v001,none,2493,none,none,exclude,E-NO-PERSON,none,No pedestrian in frame
kaist_set04v001_002494,kaist,B+D,thermal,none,images/set04/V001/lwir/I02494.jpg,set04v001,none,2494,none,none,exclude,E-NO-PERSON,none,No pedestrian in frame
kaist_set04v001_002495,kaist,B+D,thermal,none,images/set04/V001/lwir/I02495.jpg,set04v001,none,2495,none,none,exclude,E-NO-PERSON,none,No pedestrian in frame
kaist_set04v001_002496,kaist,B+D,thermal,none,images/set04/V001/lwir/I02496.jpg,set04v001,none,2496,none,none,exclude,E-NO-PERSON,none,No pedestrian in frame
kaist_set04v001_002497,kaist,B+D,thermal,none,images/set04/V001/lwir/I02497.jpg,set04v001,none,2497,none,none,exclude,E-NO-PERSON,none,No pedestrian in frame
kaist_set04v001_002498,kaist,B+D,thermal,none,images/set04/V001/lwir/I02498.jpg,set04v001,none,2498,none,none,exclude,E-NO-PERSON,none,No pedestrian in frame
kaist_set04v001_002499,kaist,B+D,thermal,none,images/set04/V001/lwir/I02499.jpg,set04v001,none,2499,none,none,exclude,E-NO-PERSON,none,No pedestrian in frame
kaist_set04v001_002500,kaist,B+D,thermal,none,images/set04/V001/lwir/I02500.jpg,set04v001,none,2500,none,none,exclude,E-NO-PERSON,none,No pedestrian in frame
kaist_set04v001_002501,kaist,B+D,thermal,none,images/set04/V001/lwir/I02501.jpg,set04v001,none,2501,none,none,exclude,E-NO-PERSON,none,No pedestrian in frame
kaist_set04v001_002502,kaist,B+D,thermal,none,images/set04/V001/lwir/I02502.jpg,set04v001,none,2502,none,none,exclude,E-NO-PERSON,none,No pedestrian in frame
kaist_set04v001_002503,kaist,B+D,thermal,none,images/set04/V001/lwir/I02503.jpg,set04v001,none,2503,none,none,exclude,E-NO-PERSON,none,No pedestrian in frame
kaist_set04v001_002504,kaist,B+D,thermal,none,images/set04/V001/lwir/I02504.jpg,set04v001,none,2504,none,none,exclude,E-NO-PERSON,none,No pedestrian in frame
kaist_set04v001_002505,kaist,B+D,thermal,none,images/set04/V001/lwir/I02505.jpg,set04v001,none,2505,none,none,exclude,E-NO-PERSON,none,No pedestrian in frame
kaist_set04v001_002506,kaist,B+D,thermal,none,images/set04/V001/lwir/I02506.jpg,set04v001,none,2506,none,none,exclude,E-NO-PERSON,none,No pedestrian in frame
kaist_set04v001_002507,kaist,B+D,thermal,none,images/set04/V001/lwir/I02507.jpg,set04v001,none,2507,none,none,exclude,E-NO-PERSON,none,No pedestrian in frame
kaist_set04v001_002508,kaist,B+D,thermal,none,images/set04/V001/lwir/I02508.jpg,set04v001,none,2508,none,none,exclude,E-NO-PERSON,none,No pedestrian in frame
kaist_set04v001_002509,kaist,B+D,thermal,none,images/set04/V001/lwir/I02509.jpg,set04v001,none,2509,none,none,exclude,E-NO-PERSON,none,No pedestrian in frame
kaist_set04v001_002510,kaist,B+D,thermal,none,images/set04/V001/lwir/I02510.jpg,set04v001,none,2510,none,none,exclude,E-NO-PERSON,none,No pedestrian in frame
kaist_set04v001_002511,kaist,B+D,thermal,none,images/set04/V001/lwir/I02511.jpg,set04v001,none,2511,none,none,exclude,E-NO-PERSON,none,No pedestrian in frame
kaist_set04v001_002512,kaist,B+D,thermal,none,images/set04/V001/lwir/I02512.jpg,set04v001,none,2512,none,none,exclude,E-NO-PERSON,none,No pedestrian in frame
kaist_set04v001_002513,kaist,B+D,thermal,none,images/set04/V001/lwir/I02513.jpg,set04v001,none,2513,none,none,exclude,E-NO-PERSON,none,No pedestrian in frame
kaist_set04v001_002514,kaist,B+D,thermal,none,images/set04/V001/lwir/I02514.jpg,set04v001,none,2514,none,none,exclude,E-NO-PERSON,none,No pedestrian in frame
kaist_set04v001_002515,kaist,B+D,thermal,none,images/set04/V001/lwir/I02515.jpg,set04v001,none,2515,none,none,exclude,E-NO-PERSON,none,No pedestrian in frame
kaist_set04v001_002516,kaist,B+D,thermal,none,images/set04/V001/lwir/I02516.jpg,set04v001,none,2516,none,none,exclude,E-NO-PERSON,none,No pedestrian in frame
kaist_set04v001_002517,kaist,B+D,thermal,none,images/set04/V001/lwir/I02517.jpg,set04v001,none,2517,none,none,exclude,E-NO-PERSON,none,No pedestrian in frame
kaist_set04v001_002518,kaist,B+D,thermal,none,images/set04/V001/lwir/I02518.jpg,set04v001,none,2518,none,none,exclude,E-NO-PERSON,none,No pedestrian in frame
kaist_set04v001_002519,kaist,B+D,thermal,none,images/set04/V001/lwir/I02519.jpg,set04v001,none,2519,none,none,exclude,E-NO-PERSON,none,No pedestrian in frame
kaist_set04v001_002520,kaist,B+D,thermal,none,images/set04/V001/lwir/I02520.jpg,set04v001,none,2520,none,none,exclude,E-NO-PERSON,none,No pedestrian in frame
kaist_set04v001_002521,kaist,B+D,thermal,none,images/set04/V001/lwir/I02521.jpg,set04v001,none,2521,none,none,exclude,E-NO-PERSON,none,No pedestrian in frame
kaist_set04v001_002522,kaist,B+D,thermal,none,images/set04/V001/lwir/I02522.jpg,set04v001,none,2522,none,none,exclude,E-NO-PERSON,none,No pedestrian in frame
kaist_set04v001_002523,kaist,B+D,thermal,none,images/set04/V001/lwir/I02523.jpg,set04v001,none,2523,none,none,exclude,E-NO-PERSON,none,No pedestrian in frame
kaist_set04v001_002524,kaist,B+D,thermal,none,images/set04/V001/lwir/I02524.jpg,set04v001,none,2524,none,none,exclude,E-NO-PERSON,none,No pedestrian in frame
kaist_set04v001_002525,kaist,B+D,thermal,none,images/set04/V001/lwir/I02525.jpg,set04v001,none,2525,none,none,exclude,E-NO-PERSON,none,No pedestrian in frame
kaist_set04v001_002526,kaist,B+D,thermal,none,images/set04/V001/lwir/I02526.jpg,set04v001,none,2526,none,none,exclude,E-NO-PERSON,none,No pedestrian in frame
kaist_set04v001_002527,kaist,B+D,thermal,none,images/set04/V001/lwir/I02527.jpg,set04v001,none,2527,none,none,exclude,E-NO-PERSON,none,No pedestrian in frame
kaist_set04v001_002528,kaist,B+D,thermal,none,images/set04/V001/lwir/I02528.jpg,set04v001,none,2528,none,none,exclude,E-NO-PERSON,none,No pedestrian in frame
kaist_set04v001_002529,kaist,B+D,thermal,none,images/set04/V001/lwir/I02529.jpg,set04v001,none,2529,none,none,exclude,E-NO-PERSON,none,No pedestrian in frame
kaist_set04v001_002530,kaist,B+D,thermal,none,images/set04/V001/lwir/I02530.jpg,set04v001,none,2530,none,none,exclude,E-NO-PERSON,none,No pedestrian in frame
kaist_set04v001_002531,kaist,B+D,thermal,none,images/set04/V001/lwir/I02531.jpg,set04v001,none,2531,none,none,exclude,E-NO-PERSON,none,No pedestrian in frame
kaist_set04v001_002532,kaist,B+D,thermal,none,images/set04/V001/lwir/I02532.jpg,set04v001,none,2532,none,none,exclude,E-NO-PERSON,none,No pedestrian in frame
kaist_set04v001_002533,kaist,B+D,thermal,none,images/set04/V001/lwir/I02533.jpg,set04v001,none,2533,none,none,exclude,E-NO-PERSON,none,No pedestrian in frame
kaist_set04v001_002534,kaist,B+D,thermal,none,images/set04/V001/lwir/I02534.jpg,set04v001,none,2534,none,none,exclude,E-NO-PERSON,none,No pedestrian in frame
kaist_set04v001_002535,kaist,B+D,thermal,none,images/set04/V001/lwir/I02535.jpg,set04v001,none,2535,none,none,exclude,E-NO-PERSON,none,No pedestrian in frame
kaist_set04v001_002536,kaist,B+D,thermal,none,images/set04/V001/lwir/I02536.jpg,set04v001,none,2536,none,none,exclude,E-NO-PERSON,none,No pedestrian in frame
kaist_set04v001_002537,kaist,B+D,thermal,none,images/set04/V001/lwir/I02537.jpg,set04v001,none,2537,none,none,exclude,E-NO-PERSON,none,No pedestrian in frame
kaist_set04v001_002538,kaist,B+D,thermal,none,images/set04/V001/lwir/I02538.jpg,set04v001,none,2538,none,none,exclude,E-NO-PERSON,none,No pedestrian in frame
kaist_set04v001_002539,kaist,B+D,thermal,none,images/set04/V001/lwir/I02539.jpg,set04v001,none,2539,none,none,exclude,E-NO-PERSON,none,No pedestrian in frame
kaist_set04v001_002540,kaist,B+D,thermal,none,images/set04/V001/lwir/I02540.jpg,set04v001,none,2540,none,none,exclude,E-NO-PERSON,none,No pedestrian in frame
kaist_set04v001_002541,kaist,B+D,thermal,none,images/set04/V001/lwir/I02541.jpg,set04v001,none,2541,none,none,exclude,E-NO-PERSON,none,No pedestrian in frame
kaist_set04v001_002542,kaist,B+D,thermal,none,images/set04/V001/lwir/I02542.jpg,set04v001,none,2542,none,none,exclude,E-NO-PERSON,none,No pedestrian in frame
kaist_set04v001_002543,kaist,B+D,thermal,none,images/set04/V001/lwir/I02543.jpg,set04v001,none,2543,none,none,exclude,E-NO-PERSON,none,No pedestrian in frame
kaist_set04v001_002544,kaist,B+D,thermal,none,images/set04/V001/lwir/I02544.jpg,set04v001,none,2544,none,none,exclude,E-NO-PERSON,none,No pedestrian in frame
kaist_set04v001_002545,kaist,B+D,thermal,none,images/set04/V001/lwir/I02545.jpg,set04v001,none,2545,none,none,exclude,E-NO-PERSON,none,No pedestrian in frame
kaist_set04v001_002546,kaist,B+D,thermal,none,images/set04/V001/lwir/I02546.jpg,set04v001,none,2546,none,none,exclude,E-NO-PERSON,none,No pedestrian in frame
kaist_set04v001_002547,kaist,B+D,thermal,none,images/set04/V001/lwir/I02547.jpg,set04v001,none,2547,none,none,exclude,E-NO-PERSON,none,No pedestrian in frame
kaist_set04v001_002548,kaist,B+D,thermal,none,images/set04/V001/lwir/I02548.jpg,set04v001,none,2548,none,none,exclude,E-NO-PERSON,none,No pedestrian in frame
kaist_set04v001_002549,kaist,B+D,thermal,none,images/set04/V001/lwir/I02549.jpg,set04v001,none,2549,none,none,exclude,E-NO-PERSON,none,No pedestrian in frame
kaist_set04v001_002550,kaist,B+D,thermal,none,images/set04/V001/lwir/I02550.jpg,set04v001,none,2550,none,none,exclude,E-NO-PERSON,none,No pedestrian in frame
kaist_set04v001_002551,kaist,B+D,thermal,none,cleaned/thermal_with_people/I02551.jpg,set04v001,none,2551,person,person,keep,none,none,none
kaist_set04v001_002552,kaist,B+D,thermal,none,cleaned/thermal_with_people/I02552.jpg,set04v001,none,2552,person,person,keep,none,none,none
kaist_set04v001_002553,kaist,B+D,thermal,none,cleaned/thermal_with_people/I02553.jpg,set04v001,none,2553,person,person,keep,none,none,none
kaist_set04v001_002554,kaist,B+D,thermal,none,cleaned/thermal_with_people/I02554.jpg,set04v001,none,2554,person,person,keep,none,none,none
kaist_set04v001_002555,kaist,B+D,thermal,none,cleaned/thermal_with_people/I02555.jpg,set04v001,none,2555,person,person,keep,none,none,none
kaist_set04v001_002556,kaist,B+D,thermal,none,cleaned/thermal_with_people/I02556.jpg,set04v001,none,2556,person,person,keep,none,none,none
kaist_set04v001_002557,kaist,B+D,thermal,none,cleaned/thermal_with_people/I02557.jpg,set04v001,none,2557,person,person,keep,none,none,none
kaist_set04v001_002558,kaist,B+D,thermal,none,cleaned/thermal_with_people/I02558.jpg,set04v001,none,2558,person,person,keep,none,none,none
kaist_set04v001_002559,kaist,B+D,thermal,none,cleaned/thermal_with_people/I02559.jpg,set04v001,none,2559,person,person,keep,none,none,none
kaist_set04v001_002560,kaist,B+D,thermal,none,cleaned/thermal_with_people/I02560.jpg,set04v001,none,2560,person,person,keep,none,none,none
kaist_set04v001_002561,kaist,B+D,thermal,none,cleaned/thermal_with_people/I02561.jpg,set04v001,none,2561,person,person,keep,none,none,none
kaist_set04v001_002562,kaist,B+D,thermal,none,cleaned/thermal_with_people/I02562.jpg,set04v001,none,2562,person,person,keep,none,none,none
kaist_set04v001_002563,kaist,B+D,thermal,none,cleaned/thermal_with_people/I02563.jpg,set04v001,none,2563,person,person,keep,none,none,none
kaist_set04v001_002564,kaist,B+D,thermal,none,cleaned/thermal_with_people/I02564.jpg,set04v001,none,2564,person,person,keep,none,none,none
kaist_set04v001_002565,kaist,B+D,thermal,none,cleaned/thermal_with_people/I02565.jpg,set04v001,none,2565,person,person,keep,none,none,none
kaist_set04v001_002566,kaist,B+D,thermal,none,cleaned/thermal_with_people/I02566.jpg,set04v001,none,2566,person,person,keep,none,none,none
kaist_set04v001_002567,kaist,B+D,thermal,none,cleaned/thermal_with_people/I02567.jpg,set04v001,none,2567,person,person,keep,none,none,none
kaist_set04v001_002568,kaist,B+D,thermal,none,cleaned/thermal_with_people/I02568.jpg,set04v001,none,2568,person,person,keep,none,none,none
kaist_set04v001_002569,kaist,B+D,thermal,none,cleaned/thermal_with_people/I02569.jpg,set04v001,none,2569,person,person,keep,none,none,none
kaist_set04v001_002570,kaist,B+D,thermal,none,cleaned/thermal_with_people/I02570.jpg,set04v001,none,2570,person,person,keep,none,none,none
kaist_set04v001_002571,kaist,B+D,thermal,none,cleaned/thermal_with_people/I02571.jpg,set04v001,none,2571,person,person,keep,none,none,none
kaist_set04v001_002572,kaist,B+D,thermal,none,cleaned/thermal_with_people/I02572.jpg,set04v001,none,2572,person,person,keep,none,none,none
kaist_set04v001_002573,kaist,B+D,thermal,none,cleaned/thermal_with_people/I02573.jpg,set04v001,none,2573,person,person,keep,none,none,none
kaist_set04v001_002574,kaist,B+D,thermal,none,cleaned/thermal_with_people/I02574.jpg,set04v001,none,2574,person,person,keep,none,none,none
kaist_set04v001_002575,kaist,B+D,thermal,none,cleaned/thermal_with_people/I02575.jpg,set04v001,none,2575,person,person,keep,none,none,none
kaist_set04v001_002576,kaist,B+D,thermal,none,cleaned/thermal_with_people/I02576.jpg,set04v001,none,2576,person,person,keep,none,none,none
kaist_set04v001_002577,kaist,B+D,thermal,none,cleaned/thermal_with_people/I02577.jpg,set04v001,none,2577,person,person,keep,none,none,none
kaist_set04v001_002578,kaist,B+D,thermal,none,cleaned/thermal_with_people/I02578.jpg,set04v001,none,2578,person,person,keep,none,none,none
kaist_set04v001_002579,kaist,B+D,thermal,none,cleaned/thermal_with_people/I02579.jpg,set04v001,none,2579,person,person,keep,none,none,none
kaist_set04v001_002580,kaist,B+D,thermal,none,cleaned/thermal_with_people/I02580.jpg,set04v001,none,2580,person,person,keep,none,none,none
kaist_set04v001_002581,kaist,B+D,thermal,none,cleaned/thermal_with_people/I02581.jpg,set04v001,none,2581,person,person,keep,none,none,none
kaist_set04v001_002582,kaist,B+D,thermal,none,cleaned/thermal_with_people/I02582.jpg,set04v001,none,2582,person,person,keep,none,none,none
kaist_set04v001_002583,kaist,B+D,thermal,none,cleaned/thermal_with_people/I02583.jpg,set04v001,none,2583,person,person,keep,none,none,none
kaist_set04v001_002584,kaist,B+D,thermal,none,cleaned/thermal_with_people/I02584.jpg,set04v001,none,2584,person,person,keep,none,none,none
kaist_set04v001_002585,kaist,B+D,thermal,none,cleaned/thermal_with_people/I02585.jpg,set04v001,none,2585,person,person,keep,none,none,none
kaist_set04v001_002586,kaist,B+D,thermal,none,cleaned/thermal_with_people/I02586.jpg,set04v001,none,2586,person,person,keep,none,none,none
kaist_set04v001_002587,kaist,B+D,thermal,none,cleaned/thermal_with_people/I02587.jpg,set04v001,none,2587,person,person,keep,none,none,none
kaist_set04v001_002588,kaist,B+D,thermal,none,cleaned/thermal_with_people/I02588.jpg,set04v001,none,2588,person,person,keep,none,none,none
kaist_set04v001_002589,kaist,B+D,thermal,none,cleaned/thermal_with_people/I02589.jpg,set04v001,none,2589,person,person,keep,none,none,none
kaist_set04v001_002590,kaist,B+D,thermal,none,cleaned/thermal_with_people/I02590.jpg,set04v001,none,2590,person,person,keep,none,none,none
kaist_set04v001_002591,kaist,B+D,thermal,none,cleaned/thermal_with_people/I02591.jpg,set04v001,none,2591,person,person,keep,none,none,none
kaist_set04v001_002592,kaist,B+D,thermal,none,cleaned/thermal_with_people/I02592.jpg,set04v001,none,2592,person,person,keep,none,none,none
kaist_set04v001_002593,kaist,B+D,thermal,none,cleaned/thermal_with_people/I02593.jpg,set04v001,none,2593,person,person,keep,none,none,none
kaist_set04v001_002594,kaist,B+D,thermal,none,cleaned/thermal_with_people/I02594.jpg,set04v001,none,2594,person,person,keep,none,none,none
kaist_set04v001_002595,kaist,B+D,thermal,none,cleaned/thermal_with_people/I02595.jpg,set04v001,none,2595,person,person,keep,none,none,none
kaist_set04v001_002596,kaist,B+D,thermal,none,cleaned/thermal_with_people/I02596.jpg,set04v001,none,2596,person,person,keep,none,none,none
kaist_set04v001_002597,kaist,B+D,thermal,none,cleaned/thermal_with_people/I02597.jpg,set04v001,none,2597,person,person,keep,none,none,none
kaist_set04v001_002598,kaist,B+D,thermal,none,cleaned/thermal_with_people/I02598.jpg,set04v001,none,2598,person,person,keep,none,none,none
kaist_set04v001_002599,kaist,B+D,thermal,none,cleaned/thermal_with_people/I02599.jpg,set04v001,none,2599,person,person,keep,none,none,none
kaist_set04v001_002600,kaist,B+D,thermal,none,cleaned/thermal_with_people/I02600.jpg,set04v001,none,2600,person,person,keep,none,none,none
kaist_set04v001_002601,kaist,B+D,thermal,none,cleaned/thermal_with_people/I02601.jpg,set04v001,none,2601,person,person,keep,none,none,none
kaist_set04v001_002602,kaist,B+D,thermal,none,cleaned/thermal_with_people/I02602.jpg,set04v001,none,2602,person,person,keep,none,none,none
kaist_set04v001_002603,kaist,B+D,thermal,none,cleaned/thermal_with_people/I02603.jpg,set04v001,none,2603,person,person,keep,none,none,none
kaist_set04v001_002604,kaist,B+D,thermal,none,cleaned/thermal_with_people/I02604.jpg,set04v001,none,2604,person,person,keep,none,none,none
kaist_set04v001_002605,kaist,B+D,thermal,none,cleaned/thermal_with_people/I02605.jpg,set04v001,none,2605,person,person,keep,none,none,none
kaist_set04v001_002606,kaist,B+D,thermal,none,cleaned/thermal_with_people/I02606.jpg,set04v001,none,2606,person,person,keep,none,none,none
kaist_set04v001_002607,kaist,B+D,thermal,none,cleaned/thermal_with_people/I02607.jpg,set04v001,none,2607,person,person,keep,none,none,none
kaist_set04v001_002608,kaist,B+D,thermal,none,cleaned/thermal_with_people/I02608.jpg,set04v001,none,2608,person,person,keep,none,none,none
kaist_set04v001_002609,kaist,B+D,thermal,none,cleaned/thermal_with_people/I02609.jpg,set04v001,none,2609,person,person,keep,none,none,none
kaist_set04v001_002610,kaist,B+D,thermal,none,cleaned/thermal_with_people/I02610.jpg,set04v001,none,2610,person,person,keep,none,none,none
kaist_set04v001_002611,kaist,B+D,thermal,none,cleaned/thermal_with_people/I02611.jpg,set04v001,none,2611,person,person,keep,none,none,none
kaist_set04v001_002612,kaist,B+D,thermal,none,cleaned/thermal_with_people/I02612.jpg,set04v001,none,2612,person,person,keep,none,none,none
kaist_set04v001_002613,kaist,B+D,thermal,none,cleaned/thermal_with_people/I02613.jpg,set04v001,none,2613,person,person,keep,none,none,none
kaist_set04v001_002614,kaist,B+D,thermal,none,cleaned/thermal_with_people/I02614.jpg,set04v001,none,2614,person,person,keep,none,none,none
kaist_set04v001_002615,kaist,B+D,thermal,none,cleaned/thermal_with_people/I02615.jpg,set04v001,none,2615,person,person,keep,none,none,none
kaist_set04v001_002616,kaist,B+D,thermal,none,cleaned/thermal_with_people/I02616.jpg,set04v001,none,2616,person,person,keep,none,none,none
kaist_set04v001_002617,kaist,B+D,thermal,none,cleaned/thermal_with_people/I02617.jpg,set04v001,none,2617,person,person,keep,none,none,none
kaist_set04v001_002618,kaist,B+D,thermal,none,cleaned/thermal_with_people/I02618.jpg,set04v001,none,2618,person,person,keep,none,none,none
kaist_set04v001_002619,kaist,B+D,thermal,none,cleaned/thermal_with_people/I02619.jpg,set04v001,none,2619,person,person,keep,none,none,none
kaist_set04v001_002620,kaist,B+D,thermal,none,cleaned/thermal_with_people/I02620.jpg,set04v001,none,2620,person,person,keep,none,none,none
kaist_set04v001_002621,kaist,B+D,thermal,none,cleaned/thermal_with_people/I02621.jpg,set04v001,none,2621,person,person,keep,none,none,none
kaist_set04v001_002622,kaist,B+D,thermal,none,cleaned/thermal_with_people/I02622.jpg,set04v001,none,2622,person,person,keep,none,none,none
kaist_set04v001_002623,kaist,B+D,thermal,none,images/set04/V001/lwir/I02623.jpg,set04v001,none,2623,none,none,exclude,E-NO-PERSON,none,No pedestrian in frame
kaist_set04v001_002624,kaist,B+D,thermal,none,images/set04/V001/lwir/I02624.jpg,set04v001,none,2624,none,none,exclude,E-NO-PERSON,none,No pedestrian in frame
kaist_set04v001_002625,kaist,B+D,thermal,none,images/set04/V001/lwir/I02625.jpg,set04v001,none,2625,none,none,exclude,E-NO-PERSON,none,No pedestrian in frame
kaist_set04v001_002626,kaist,B+D,thermal,none,images/set04/V001/lwir/I02626.jpg,set04v001,none,2626,none,none,exclude,E-NO-PERSON,none,No pedestrian in frame
kaist_set04v001_002627,kaist,B+D,thermal,none,images/set04/V001/lwir/I02627.jpg,set04v001,none,2627,none,none,exclude,E-NO-PERSON,none,No pedestrian in frame
kaist_set04v001_002628,kaist,B+D,thermal,none,images/set04/V001/lwir/I02628.jpg,set04v001,none,2628,none,none,exclude,E-NO-PERSON,none,No pedestrian in frame
kaist_set04v001_002629,kaist,B+D,thermal,none,images/set04/V001/lwir/I02629.jpg,set04v001,none,2629,none,none,exclude,E-NO-PERSON,none,No pedestrian in frame
kaist_set04v001_002630,kaist,B+D,thermal,none,images/set04/V001/lwir/I02630.jpg,set04v001,none,2630,none,none,exclude,E-NO-PERSON,none,No pedestrian in frame
kaist_set04v001_002631,kaist,B+D,thermal,none,images/set04/V001/lwir/I02631.jpg,set04v001,none,2631,none,none,exclude,E-NO-PERSON,none,No pedestrian in frame
kaist_set04v001_002632,kaist,B+D,thermal,none,images/set04/V001/lwir/I02632.jpg,set04v001,none,2632,none,none,exclude,E-NO-PERSON,none,No pedestrian in frame
kaist_set04v001_002633,kaist,B+D,thermal,none,images/set04/V001/lwir/I02633.jpg,set04v001,none,2633,none,none,exclude,E-NO-PERSON,none,No pedestrian in frame
kaist_set04v001_002634,kaist,B+D,thermal,none,images/set04/V001/lwir/I02634.jpg,set04v001,none,2634,none,none,exclude,E-NO-PERSON,none,No pedestrian in frame
kaist_set04v001_002635,kaist,B+D,thermal,none,images/set04/V001/lwir/I02635.jpg,set04v001,none,2635,none,none,exclude,E-NO-PERSON,none,No pedestrian in frame
kaist_set04v001_002636,kaist,B+D,thermal,none,images/set04/V001/lwir/I02636.jpg,set04v001,none,2636,none,none,exclude,E-NO-PERSON,none,No pedestrian in frame
kaist_set04v001_002637,kaist,B+D,thermal,none,images/set04/V001/lwir/I02637.jpg,set04v001,none,2637,none,none,exclude,E-NO-PERSON,none,No pedestrian in frame
kaist_set04v001_002638,kaist,B+D,thermal,none,images/set04/V001/lwir/I02638.jpg,set04v001,none,2638,none,none,exclude,E-NO-PERSON,none,No pedestrian in frame
kaist_set04v001_002639,kaist,B+D,thermal,none,images/set04/V001/lwir/I02639.jpg,set04v001,none,2639,none,none,exclude,E-NO-PERSON,none,No pedestrian in frame
kaist_set04v001_002640,kaist,B+D,thermal,none,images/set04/V001/lwir/I02640.jpg,set04v001,none,2640,none,none,exclude,E-NO-PERSON,none,No pedestrian in frame
kaist_set04v001_002641,kaist,B+D,thermal,none,images/set04/V001/lwir/I02641.jpg,set04v001,none,2641,none,none,exclude,E-NO-PERSON,none,No pedestrian in frame
kaist_set04v001_002642,kaist,B+D,thermal,none,images/set04/V001/lwir/I02642.jpg,set04v001,none,2642,none,none,exclude,E-NO-PERSON,none,No pedestrian in frame
kaist_set04v001_002643,kaist,B+D,thermal,none,images/set04/V001/lwir/I02643.jpg,set04v001,none,2643,none,none,exclude,E-NO-PERSON,none,No pedestrian in frame
kaist_set04v001_002644,kaist,B+D,thermal,none,images/set04/V001/lwir/I02644.jpg,set04v001,none,2644,none,none,exclude,E-NO-PERSON,none,No pedestrian in frame
kaist_set04v001_002645,kaist,B+D,thermal,none,images/set04/V001/lwir/I02645.jpg,set04v001,none,2645,none,none,exclude,E-NO-PERSON,none,No pedestrian in frame
kaist_set04v001_002646,kaist,B+D,thermal,none,images/set04/V001/lwir/I02646.jpg,set04v001,none,2646,none,none,exclude,E-NO-PERSON,none,No pedestrian in frame
kaist_set04v001_002647,kaist,B+D,thermal,none,images/set04/V001/lwir/I02647.jpg,set04v001,none,2647,none,none,exclude,E-NO-PERSON,none,No pedestrian in frame
kaist_set04v001_002648,kaist,B+D,thermal,none,images/set04/V001/lwir/I02648.jpg,set04v001,none,2648,none,none,exclude,E-NO-PERSON,none,No pedestrian in frame
kaist_set04v001_002649,kaist,B+D,thermal,none,images/set04/V001/lwir/I02649.jpg,set04v001,none,2649,none,none,exclude,E-NO-PERSON,none,No pedestrian in frame
kaist_set04v001_002650,kaist,B+D,thermal,none,images/set04/V001/lwir/I02650.jpg,set04v001,none,2650,none,none,exclude,E-NO-PERSON,none,No pedestrian in frame
kaist_set04v001_002651,kaist,B+D,thermal,none,images/set04/V001/lwir/I02651.jpg,set04v001,none,2651,none,none,exclude,E-NO-PERSON,none,No pedestrian in frame
kaist_set04v001_002652,kaist,B+D,thermal,none,images/set04/V001/lwir/I02652.jpg,set04v001,none,2652,none,none,exclude,E-NO-PERSON,none,No pedestrian in frame
kaist_set04v001_002653,kaist,B+D,thermal,none,images/set04/V001/lwir/I02653.jpg,set04v001,none,2653,none,none,exclude,E-NO-PERSON,none,No pedestrian in frame
kaist_set04v001_002654,kaist,B+D,thermal,none,images/set04/V001/lwir/I02654.jpg,set04v001,none,2654,none,none,exclude,E-NO-PERSON,none,No pedestrian in frame
kaist_set04v001_002655,kaist,B+D,thermal,none,images/set04/V001/lwir/I02655.jpg,set04v001,none,2655,none,none,exclude,E-NO-PERSON,none,No pedestrian in frame
kaist_set04v001_002656,kaist,B+D,thermal,none,images/set04/V001/lwir/I02656.jpg,set04v001,none,2656,none,none,exclude,E-NO-PERSON,none,No pedestrian in frame
kaist_set04v001_002657,kaist,B+D,thermal,none,images/set04/V001/lwir/I02657.jpg,set04v001,none,2657,none,none,exclude,E-NO-PERSON,none,No pedestrian in frame
kaist_set04v001_002658,kaist,B+D,thermal,none,images/set04/V001/lwir/I02658.jpg,set04v001,none,2658,none,none,exclude,E-NO-PERSON,none,No pedestrian in frame
kaist_set04v001_002659,kaist,B+D,thermal,none,images/set04/V001/lwir/I02659.jpg,set04v001,none,2659,none,none,exclude,E-NO-PERSON,none,No pedestrian in frame
kaist_set04v001_002660,kaist,B+D,thermal,none,images/set04/V001/lwir/I02660.jpg,set04v001,none,2660,none,none,exclude,E-NO-PERSON,none,No pedestrian in frame
kaist_set04v001_002661,kaist,B+D,thermal,none,images/set04/V001/lwir/I02661.jpg,set04v001,none,2661,none,none,exclude,E-NO-PERSON,none,No pedestrian in frame
kaist_set04v001_002662,kaist,B+D,thermal,none,images/set04/V001/lwir/I02662.jpg,set04v001,none,2662,none,none,exclude,E-NO-PERSON,none,No pedestrian in frame
kaist_set04v001_002663,kaist,B+D,thermal,none,images/set04/V001/lwir/I02663.jpg,set04v001,none,2663,none,none,exclude,E-NO-PERSON,none,No pedestrian in frame
kaist_set04v001_002664,kaist,B+D,thermal,none,images/set04/V001/lwir/I02664.jpg,set04v001,none,2664,none,none,exclude,E-NO-PERSON,none,No pedestrian in frame
kaist_set04v001_002665,kaist,B+D,thermal,none,images/set04/V001/lwir/I02665.jpg,set04v001,none,2665,none,none,exclude,E-NO-PERSON,none,No pedestrian in frame
kaist_set04v001_002666,kaist,B+D,thermal,none,images/set04/V001/lwir/I02666.jpg,set04v001,none,2666,none,none,exclude,E-NO-PERSON,none,No pedestrian in frame
kaist_set04v001_002667,kaist,B+D,thermal,none,images/set04/V001/lwir/I02667.jpg,set04v001,none,2667,none,none,exclude,E-NO-PERSON,none,No pedestrian in frame
kaist_set04v001_002668,kaist,B+D,thermal,none,images/set04/V001/lwir/I02668.jpg,set04v001,none,2668,none,none,exclude,E-NO-PERSON,none,No pedestrian in frame
kaist_set04v001_002669,kaist,B+D,thermal,none,images/set04/V001/lwir/I02669.jpg,set04v001,none,2669,none,none,exclude,E-NO-PERSON,none,No pedestrian in frame
kaist_set04v001_002670,kaist,B+D,thermal,none,images/set04/V001/lwir/I02670.jpg,set04v001,none,2670,none,none,exclude,E-NO-PERSON,none,No pedestrian in frame
kaist_set04v001_002671,kaist,B+D,thermal,none,images/set04/V001/lwir/I02671.jpg,set04v001,none,2671,none,none,exclude,E-NO-PERSON,none,No pedestrian in frame
kaist_set04v001_002672,kaist,B+D,thermal,none,images/set04/V001/lwir/I02672.jpg,set04v001,none,2672,none,none,exclude,E-NO-PERSON,none,No pedestrian in frame
kaist_set04v001_002673,kaist,B+D,thermal,none,images/set04/V001/lwir/I02673.jpg,set04v001,none,2673,none,none,exclude,E-NO-PERSON,none,No pedestrian in frame
kaist_set04v001_002674,kaist,B+D,thermal,none,images/set04/V001/lwir/I02674.jpg,set04v001,none,2674,none,none,exclude,E-NO-PERSON,none,No pedestrian in frame
kaist_set04v001_002675,kaist,B+D,thermal,none,images/set04/V001/lwir/I02675.jpg,set04v001,none,2675,none,none,exclude,E-NO-PERSON,none,No pedestrian in frame
kaist_set04v001_002676,kaist,B+D,thermal,none,images/set04/V001/lwir/I02676.jpg,set04v001,none,2676,none,none,exclude,E-NO-PERSON,none,No pedestrian in frame
kaist_set04v001_002677,kaist,B+D,thermal,none,images/set04/V001/lwir/I02677.jpg,set04v001,none,2677,none,none,exclude,E-NO-PERSON,none,No pedestrian in frame
kaist_set04v001_002678,kaist,B+D,thermal,none,images/set04/V001/lwir/I02678.jpg,set04v001,none,2678,none,none,exclude,E-NO-PERSON,none,No pedestrian in frame
kaist_set04v001_002679,kaist,B+D,thermal,none,images/set04/V001/lwir/I02679.jpg,set04v001,none,2679,none,none,exclude,E-NO-PERSON,none,No pedestrian in frame
kaist_set04v001_002680,kaist,B+D,thermal,none,images/set04/V001/lwir/I02680.jpg,set04v001,none,2680,none,none,exclude,E-NO-PERSON,none,No pedestrian in frame
kaist_set04v001_002681,kaist,B+D,thermal,none,images/set04/V001/lwir/I02681.jpg,set04v001,none,2681,none,none,exclude,E-NO-PERSON,none,No pedestrian in frame
kaist_set04v001_002682,kaist,B+D,thermal,none,images/set04/V001/lwir/I02682.jpg,set04v001,none,2682,none,none,exclude,E-NO-PERSON,none,No pedestrian in frame
kaist_set04v001_002683,kaist,B+D,thermal,none,images/set04/V001/lwir/I02683.jpg,set04v001,none,2683,none,none,exclude,E-NO-PERSON,none,No pedestrian in frame
kaist_set04v001_002684,kaist,B+D,thermal,none,images/set04/V001/lwir/I02684.jpg,set04v001,none,2684,none,none,exclude,E-NO-PERSON,none,No pedestrian in frame
kaist_set04v001_002685,kaist,B+D,thermal,none,images/set04/V001/lwir/I02685.jpg,set04v001,none,2685,none,none,exclude,E-NO-PERSON,none,No pedestrian in frame
kaist_set04v001_002686,kaist,B+D,thermal,none,images/set04/V001/lwir/I02686.jpg,set04v001,none,2686,none,none,exclude,E-NO-PERSON,none,No pedestrian in frame
kaist_set04v001_002687,kaist,B+D,thermal,none,images/set04/V001/lwir/I02687.jpg,set04v001,none,2687,none,none,exclude,E-NO-PERSON,none,No pedestrian in frame
kaist_set04v001_002688,kaist,B+D,thermal,none,images/set04/V001/lwir/I02688.jpg,set04v001,none,2688,none,none,exclude,E-NO-PERSON,none,No pedestrian in frame
kaist_set04v001_002689,kaist,B+D,thermal,none,images/set04/V001/lwir/I02689.jpg,set04v001,none,2689,none,none,exclude,E-NO-PERSON,none,No pedestrian in frame
kaist_set04v001_002690,kaist,B+D,thermal,none,images/set04/V001/lwir/I02690.jpg,set04v001,none,2690,none,none,exclude,E-NO-PERSON,none,No pedestrian in frame
kaist_set04v001_002691,kaist,B+D,thermal,none,images/set04/V001/lwir/I02691.jpg,set04v001,none,2691,none,none,exclude,E-NO-PERSON,none,No pedestrian in frame
kaist_set04v001_002692,kaist,B+D,thermal,none,images/set04/V001/lwir/I02692.jpg,set04v001,none,2692,none,none,exclude,E-NO-PERSON,none,No pedestrian in frame
kaist_set04v001_002693,kaist,B+D,thermal,none,images/set04/V001/lwir/I02693.jpg,set04v001,none,2693,none,none,exclude,E-NO-PERSON,none,No pedestrian in frame
kaist_set04v001_002694,kaist,B+D,thermal,none,images/set04/V001/lwir/I02694.jpg,set04v001,none,2694,none,none,exclude,E-NO-PERSON,none,No pedestrian in frame
kaist_set04v001_002695,kaist,B+D,thermal,none,images/set04/V001/lwir/I02695.jpg,set04v001,none,2695,none,none,exclude,E-NO-PERSON,none,No pedestrian in frame
kaist_set04v001_002696,kaist,B+D,thermal,none,images/set04/V001/lwir/I02696.jpg,set04v001,none,2696,none,none,exclude,E-NO-PERSON,none,No pedestrian in frame
kaist_set04v001_002697,kaist,B+D,thermal,none,images/set04/V001/lwir/I02697.jpg,set04v001,none,2697,none,none,exclude,E-NO-PERSON,none,No pedestrian in frame
kaist_set04v001_002698,kaist,B+D,thermal,none,images/set04/V001/lwir/I02698.jpg,set04v001,none,2698,none,none,exclude,E-NO-PERSON,none,No pedestrian in frame
kaist_set04v001_002699,kaist,B+D,thermal,none,images/set04/V001/lwir/I02699.jpg,set04v001,none,2699,none,none,exclude,E-NO-PERSON,none,No pedestrian in frame
kaist_set04v001_002700,kaist,B+D,thermal,none,images/set04/V001/lwir/I02700.jpg,set04v001,none,2700,none,none,exclude,E-NO-PERSON,none,No pedestrian in frame
kaist_set04v001_002701,kaist,B+D,thermal,none,images/set04/V001/lwir/I02701.jpg,set04v001,none,2701,none,none,exclude,E-NO-PERSON,none,No pedestrian in frame
kaist_set04v001_002702,kaist,B+D,thermal,none,images/set04/V001/lwir/I02702.jpg,set04v001,none,2702,none,none,exclude,E-NO-PERSON,none,No pedestrian in frame
kaist_set04v001_002703,kaist,B+D,thermal,none,images/set04/V001/lwir/I02703.jpg,set04v001,none,2703,none,none,exclude,E-NO-PERSON,none,No pedestrian in frame
kaist_set04v001_002704,kaist,B+D,thermal,none,images/set04/V001/lwir/I02704.jpg,set04v001,none,2704,none,none,exclude,E-NO-PERSON,none,No pedestrian in frame
kaist_set04v001_002705,kaist,B+D,thermal,none,images/set04/V001/lwir/I02705.jpg,set04v001,none,2705,none,none,exclude,E-NO-PERSON,none,No pedestrian in frame
kaist_set04v001_002706,kaist,B+D,thermal,none,images/set04/V001/lwir/I02706.jpg,set04v001,none,2706,none,none,exclude,E-NO-PERSON,none,No pedestrian in frame
kaist_set04v001_002707,kaist,B+D,thermal,none,images/set04/V001/lwir/I02707.jpg,set04v001,none,2707,none,none,exclude,E-NO-PERSON,none,No pedestrian in frame
kaist_set04v001_002708,kaist,B+D,thermal,none,images/set04/V001/lwir/I02708.jpg,set04v001,none,2708,none,none,exclude,E-NO-PERSON,none,No pedestrian in frame
kaist_set04v001_002709,kaist,B+D,thermal,none,images/set04/V001/lwir/I02709.jpg,set04v001,none,2709,none,none,exclude,E-NO-PERSON,none,No pedestrian in frame
kaist_set04v001_002710,kaist,B+D,thermal,none,images/set04/V001/lwir/I02710.jpg,set04v001,none,2710,none,none,exclude,E-NO-PERSON,none,No pedestrian in frame
kaist_set04v001_002711,kaist,B+D,thermal,none,images/set04/V001/lwir/I02711.jpg,set04v001,none,2711,none,none,exclude,E-NO-PERSON,none,No pedestrian in frame
kaist_set04v001_002712,kaist,B+D,thermal,none,images/set04/V001/lwir/I02712.jpg,set04v001,none,2712,none,none,exclude,E-NO-PERSON,none,No pedestrian in frame
kaist_set04v001_002713,kaist,B+D,thermal,none,images/set04/V001/lwir/I02713.jpg,set04v001,none,2713,none,none,exclude,E-NO-PERSON,none,No pedestrian in frame
kaist_set04v001_002714,kaist,B+D,thermal,none,images/set04/V001/lwir/I02714.jpg,set04v001,none,2714,none,none,exclude,E-NO-PERSON,none,No pedestrian in frame
kaist_set04v001_002715,kaist,B+D,thermal,none,images/set04/V001/lwir/I02715.jpg,set04v001,none,2715,none,none,exclude,E-NO-PERSON,none,No pedestrian in frame
kaist_set04v001_002716,kaist,B+D,thermal,none,images/set04/V001/lwir/I02716.jpg,set04v001,none,2716,none,none,exclude,E-NO-PERSON,none,No pedestrian in frame
kaist_set04v001_002717,kaist,B+D,thermal,none,images/set04/V001/lwir/I02717.jpg,set04v001,none,2717,none,none,exclude,E-NO-PERSON,none,No pedestrian in frame
kaist_set04v001_002718,kaist,B+D,thermal,none,images/set04/V001/lwir/I02718.jpg,set04v001,none,2718,none,none,exclude,E-NO-PERSON,none,No pedestrian in frame
kaist_set04v001_002719,kaist,B+D,thermal,none,images/set04/V001/lwir/I02719.jpg,set04v001,none,2719,none,none,exclude,E-NO-PERSON,none,No pedestrian in frame
kaist_set04v001_002720,kaist,B+D,thermal,none,images/set04/V001/lwir/I02720.jpg,set04v001,none,2720,none,none,exclude,E-NO-PERSON,none,No pedestrian in frame
kaist_set04v001_002721,kaist,B+D,thermal,none,images/set04/V001/lwir/I02721.jpg,set04v001,none,2721,none,none,exclude,E-NO-PERSON,none,No pedestrian in frame
kaist_set04v001_002722,kaist,B+D,thermal,none,images/set04/V001/lwir/I02722.jpg,set04v001,none,2722,none,none,exclude,E-NO-PERSON,none,No pedestrian in frame
kaist_set04v001_002723,kaist,B+D,thermal,none,images/set04/V001/lwir/I02723.jpg,set04v001,none,2723,none,none,exclude,E-NO-PERSON,none,No pedestrian in frame
kaist_set04v001_002724,kaist,B+D,thermal,none,images/set04/V001/lwir/I02724.jpg,set04v001,none,2724,none,none,exclude,E-NO-PERSON,none,No pedestrian in frame
kaist_set04v001_002725,kaist,B+D,thermal,none,images/set04/V001/lwir/I02725.jpg,set04v001,none,2725,none,none,exclude,E-NO-PERSON,none,No pedestrian in frame
kaist_set04v001_002726,kaist,B+D,thermal,none,images/set04/V001/lwir/I02726.jpg,set04v001,none,2726,none,none,exclude,E-NO-PERSON,none,No pedestrian in frame
kaist_set04v001_002727,kaist,B+D,thermal,none,images/set04/V001/lwir/I02727.jpg,set04v001,none,2727,none,none,exclude,E-NO-PERSON,none,No pedestrian in frame
kaist_set04v001_002728,kaist,B+D,thermal,none,images/set04/V001/lwir/I02728.jpg,set04v001,none,2728,none,none,exclude,E-NO-PERSON,none,No pedestrian in frame
kaist_set04v001_002729,kaist,B+D,thermal,none,images/set04/V001/lwir/I02729.jpg,set04v001,none,2729,none,none,exclude,E-NO-PERSON,none,No pedestrian in frame
kaist_set04v001_002730,kaist,B+D,thermal,none,images/set04/V001/lwir/I02730.jpg,set04v001,none,2730,none,none,exclude,E-NO-PERSON,none,No pedestrian in frame
kaist_set04v001_002731,kaist,B+D,thermal,none,images/set04/V001/lwir/I02731.jpg,set04v001,none,2731,none,none,exclude,E-NO-PERSON,none,No pedestrian in frame
kaist_set04v001_002732,kaist,B+D,thermal,none,images/set04/V001/lwir/I02732.jpg,set04v001,none,2732,none,none,exclude,E-NO-PERSON,none,No pedestrian in frame
kaist_set04v001_002733,kaist,B+D,thermal,none,images/set04/V001/lwir/I02733.jpg,set04v001,none,2733,none,none,exclude,E-NO-PERSON,none,No pedestrian in frame
kaist_set04v001_002734,kaist,B+D,thermal,none,images/set04/V001/lwir/I02734.jpg,set04v001,none,2734,none,none,exclude,E-NO-PERSON,none,No pedestrian in frame
kaist_set04v001_002735,kaist,B+D,thermal,none,images/set04/V001/lwir/I02735.jpg,set04v001,none,2735,none,none,exclude,E-NO-PERSON,none,No pedestrian in frame
kaist_set04v001_002736,kaist,B+D,thermal,none,images/set04/V001/lwir/I02736.jpg,set04v001,none,2736,none,none,exclude,E-NO-PERSON,none,No pedestrian in frame
kaist_set04v001_002737,kaist,B+D,thermal,none,images/set04/V001/lwir/I02737.jpg,set04v001,none,2737,none,none,exclude,E-NO-PERSON,none,No pedestrian in frame
kaist_set04v001_002738,kaist,B+D,thermal,none,images/set04/V001/lwir/I02738.jpg,set04v001,none,2738,none,none,exclude,E-NO-PERSON,none,No pedestrian in frame
kaist_set04v001_002739,kaist,B+D,thermal,none,images/set04/V001/lwir/I02739.jpg,set04v001,none,2739,none,none,exclude,E-NO-PERSON,none,No pedestrian in frame
kaist_set04v001_002740,kaist,B+D,thermal,none,images/set04/V001/lwir/I02740.jpg,set04v001,none,2740,none,none,exclude,E-NO-PERSON,none,No pedestrian in frame
kaist_set04v001_002741,kaist,B+D,thermal,none,images/set04/V001/lwir/I02741.jpg,set04v001,none,2741,none,none,exclude,E-NO-PERSON,none,No pedestrian in frame
kaist_set04v001_002742,kaist,B+D,thermal,none,images/set04/V001/lwir/I02742.jpg,set04v001,none,2742,none,none,exclude,E-NO-PERSON,none,No pedestrian in frame
kaist_set04v001_002743,kaist,B+D,thermal,none,images/set04/V001/lwir/I02743.jpg,set04v001,none,2743,none,none,exclude,E-NO-PERSON,none,No pedestrian in frame
kaist_set04v001_002744,kaist,B+D,thermal,none,images/set04/V001/lwir/I02744.jpg,set04v001,none,2744,none,none,exclude,E-NO-PERSON,none,No pedestrian in frame
kaist_set04v001_002745,kaist,B+D,thermal,none,images/set04/V001/lwir/I02745.jpg,set04v001,none,2745,none,none,exclude,E-NO-PERSON,none,No pedestrian in frame
kaist_set04v001_002746,kaist,B+D,thermal,none,images/set04/V001/lwir/I02746.jpg,set04v001,none,2746,none,none,exclude,E-NO-PERSON,none,No pedestrian in frame
kaist_set04v001_002747,kaist,B+D,thermal,none,images/set04/V001/lwir/I02747.jpg,set04v001,none,2747,none,none,exclude,E-NO-PERSON,none,No pedestrian in frame
kaist_set04v001_002748,kaist,B+D,thermal,none,images/set04/V001/lwir/I02748.jpg,set04v001,none,2748,none,none,exclude,E-NO-PERSON,none,No pedestrian in frame
kaist_set04v001_002749,kaist,B+D,thermal,none,images/set04/V001/lwir/I02749.jpg,set04v001,none,2749,none,none,exclude,E-NO-PERSON,none,No pedestrian in frame
kaist_set04v001_002750,kaist,B+D,thermal,none,images/set04/V001/lwir/I02750.jpg,set04v001,none,2750,none,none,exclude,E-NO-PERSON,none,No pedestrian in frame
kaist_set04v001_002751,kaist,B+D,thermal,none,images/set04/V001/lwir/I02751.jpg,set04v001,none,2751,none,none,exclude,E-NO-PERSON,none,No pedestrian in frame
kaist_set04v001_002752,kaist,B+D,thermal,none,images/set04/V001/lwir/I02752.jpg,set04v001,none,2752,none,none,exclude,E-NO-PERSON,none,No pedestrian in frame
kaist_set04v001_002753,kaist,B+D,thermal,none,images/set04/V001/lwir/I02753.jpg,set04v001,none,2753,none,none,exclude,E-NO-PERSON,none,No pedestrian in frame
kaist_set04v001_002754,kaist,B+D,thermal,none,images/set04/V001/lwir/I02754.jpg,set04v001,none,2754,none,none,exclude,E-NO-PERSON,none,No pedestrian in frame
kaist_set04v001_002755,kaist,B+D,thermal,none,images/set04/V001/lwir/I02755.jpg,set04v001,none,2755,none,none,exclude,E-NO-PERSON,none,No pedestrian in frame
kaist_set04v001_002756,kaist,B+D,thermal,none,images/set04/V001/lwir/I02756.jpg,set04v001,none,2756,none,none,exclude,E-NO-PERSON,none,No pedestrian in frame
kaist_set04v001_002757,kaist,B+D,thermal,none,images/set04/V001/lwir/I02757.jpg,set04v001,none,2757,none,none,exclude,E-NO-PERSON,none,No pedestrian in frame
kaist_set04v001_002758,kaist,B+D,thermal,none,images/set04/V001/lwir/I02758.jpg,set04v001,none,2758,none,none,exclude,E-NO-PERSON,none,No pedestrian in frame
kaist_set04v001_002759,kaist,B+D,thermal,none,images/set04/V001/lwir/I02759.jpg,set04v001,none,2759,none,none,exclude,E-NO-PERSON,none,No pedestrian in frame
kaist_set04v001_002760,kaist,B+D,thermal,none,images/set04/V001/lwir/I02760.jpg,set04v001,none,2760,none,none,exclude,E-NO-PERSON,none,No pedestrian in frame
kaist_set04v001_002761,kaist,B+D,thermal,none,images/set04/V001/lwir/I02761.jpg,set04v001,none,2761,none,none,exclude,E-NO-PERSON,none,No pedestrian in frame
kaist_set04v001_002762,kaist,B+D,thermal,none,images/set04/V001/lwir/I02762.jpg,set04v001,none,2762,none,none,exclude,E-NO-PERSON,none,No pedestrian in frame
kaist_set04v001_002763,kaist,B+D,thermal,none,images/set04/V001/lwir/I02763.jpg,set04v001,none,2763,none,none,exclude,E-NO-PERSON,none,No pedestrian in frame
kaist_set04v001_002764,kaist,B+D,thermal,none,images/set04/V001/lwir/I02764.jpg,set04v001,none,2764,none,none,exclude,E-NO-PERSON,none,No pedestrian in frame
kaist_set04v001_002765,kaist,B+D,thermal,none,images/set04/V001/lwir/I02765.jpg,set04v001,none,2765,none,none,exclude,E-NO-PERSON,none,No pedestrian in frame
kaist_set04v001_002766,kaist,B+D,thermal,none,images/set04/V001/lwir/I02766.jpg,set04v001,none,2766,none,none,exclude,E-NO-PERSON,none,No pedestrian in frame
kaist_set04v001_002767,kaist,B+D,thermal,none,images/set04/V001/lwir/I02767.jpg,set04v001,none,2767,none,none,exclude,E-NO-PERSON,none,No pedestrian in frame
kaist_set04v001_002768,kaist,B+D,thermal,none,images/set04/V001/lwir/I02768.jpg,set04v001,none,2768,none,none,exclude,E-NO-PERSON,none,No pedestrian in frame
kaist_set04v001_002769,kaist,B+D,thermal,none,images/set04/V001/lwir/I02769.jpg,set04v001,none,2769,none,none,exclude,E-NO-PERSON,none,No pedestrian in frame
kaist_set04v001_002770,kaist,B+D,thermal,none,images/set04/V001/lwir/I02770.jpg,set04v001,none,2770,none,none,exclude,E-NO-PERSON,none,No pedestrian in frame
kaist_set04v001_002771,kaist,B+D,thermal,none,images/set04/V001/lwir/I02771.jpg,set04v001,none,2771,none,none,exclude,E-NO-PERSON,none,No pedestrian in frame
kaist_set04v001_002772,kaist,B+D,thermal,none,images/set04/V001/lwir/I02772.jpg,set04v001,none,2772,none,none,exclude,E-NO-PERSON,none,No pedestrian in frame
kaist_set04v001_002773,kaist,B+D,thermal,none,images/set04/V001/lwir/I02773.jpg,set04v001,none,2773,none,none,exclude,E-NO-PERSON,none,No pedestrian in frame
kaist_set04v001_002774,kaist,B+D,thermal,none,images/set04/V001/lwir/I02774.jpg,set04v001,none,2774,none,none,exclude,E-NO-PERSON,none,No pedestrian in frame
kaist_set04v001_002775,kaist,B+D,thermal,none,images/set04/V001/lwir/I02775.jpg,set04v001,none,2775,none,none,exclude,E-NO-PERSON,none,No pedestrian in frame
kaist_set04v001_002776,kaist,B+D,thermal,none,images/set04/V001/lwir/I02776.jpg,set04v001,none,2776,none,none,exclude,E-NO-PERSON,none,No pedestrian in frame
kaist_set04v001_002777,kaist,B+D,thermal,none,images/set04/V001/lwir/I02777.jpg,set04v001,none,2777,none,none,exclude,E-NO-PERSON,none,No pedestrian in frame
kaist_set04v001_002778,kaist,B+D,thermal,none,images/set04/V001/lwir/I02778.jpg,set04v001,none,2778,none,none,exclude,E-NO-PERSON,none,No pedestrian in frame
kaist_set04v001_002779,kaist,B+D,thermal,none,images/set04/V001/lwir/I02779.jpg,set04v001,none,2779,none,none,exclude,E-NO-PERSON,none,No pedestrian in frame
kaist_set04v001_002780,kaist,B+D,thermal,none,images/set04/V001/lwir/I02780.jpg,set04v001,none,2780,none,none,exclude,E-NO-PERSON,none,No pedestrian in frame
kaist_set04v001_002781,kaist,B+D,thermal,none,images/set04/V001/lwir/I02781.jpg,set04v001,none,2781,none,none,exclude,E-NO-PERSON,none,No pedestrian in frame
kaist_set04v001_002782,kaist,B+D,thermal,none,images/set04/V001/lwir/I02782.jpg,set04v001,none,2782,none,none,exclude,E-NO-PERSON,none,No pedestrian in frame
kaist_set04v001_002783,kaist,B+D,thermal,none,images/set04/V001/lwir/I02783.jpg,set04v001,none,2783,none,none,exclude,E-NO-PERSON,none,No pedestrian in frame
kaist_set04v001_002784,kaist,B+D,thermal,none,images/set04/V001/lwir/I02784.jpg,set04v001,none,2784,none,none,exclude,E-NO-PERSON,none,No pedestrian in frame
kaist_set04v001_002785,kaist,B+D,thermal,none,images/set04/V001/lwir/I02785.jpg,set04v001,none,2785,none,none,exclude,E-NO-PERSON,none,No pedestrian in frame
kaist_set04v001_002786,kaist,B+D,thermal,none,images/set04/V001/lwir/I02786.jpg,set04v001,none,2786,none,none,exclude,E-NO-PERSON,none,No pedestrian in frame
kaist_set04v001_002787,kaist,B+D,thermal,none,images/set04/V001/lwir/I02787.jpg,set04v001,none,2787,none,none,exclude,E-NO-PERSON,none,No pedestrian in frame
kaist_set04v001_002788,kaist,B+D,thermal,none,images/set04/V001/lwir/I02788.jpg,set04v001,none,2788,none,none,exclude,E-NO-PERSON,none,No pedestrian in frame
kaist_set04v001_002789,kaist,B+D,thermal,none,images/set04/V001/lwir/I02789.jpg,set04v001,none,2789,none,none,exclude,E-NO-PERSON,none,No pedestrian in frame
kaist_set04v001_002790,kaist,B+D,thermal,none,images/set04/V001/lwir/I02790.jpg,set04v001,none,2790,none,none,exclude,E-NO-PERSON,none,No pedestrian in frame
kaist_set04v001_002791,kaist,B+D,thermal,none,images/set04/V001/lwir/I02791.jpg,set04v001,none,2791,none,none,exclude,E-NO-PERSON,none,No pedestrian in frame
kaist_set04v001_002792,kaist,B+D,thermal,none,images/set04/V001/lwir/I02792.jpg,set04v001,none,2792,none,none,exclude,E-NO-PERSON,none,No pedestrian in frame
kaist_set04v001_002793,kaist,B+D,thermal,none,images/set04/V001/lwir/I02793.jpg,set04v001,none,2793,none,none,exclude,E-NO-PERSON,none,No pedestrian in frame
kaist_set04v001_002794,kaist,B+D,thermal,none,images/set04/V001/lwir/I02794.jpg,set04v001,none,2794,none,none,exclude,E-NO-PERSON,none,No pedestrian in frame
kaist_set04v001_002795,kaist,B+D,thermal,none,images/set04/V001/lwir/I02795.jpg,set04v001,none,2795,none,none,exclude,E-NO-PERSON,none,No pedestrian in frame
kaist_set04v001_002796,kaist,B+D,thermal,none,images/set04/V001/lwir/I02796.jpg,set04v001,none,2796,none,none,exclude,E-NO-PERSON,none,No pedestrian in frame
kaist_set04v001_002797,kaist,B+D,thermal,none,images/set04/V001/lwir/I02797.jpg,set04v001,none,2797,none,none,exclude,E-NO-PERSON,none,No pedestrian in frame
kaist_set04v001_002798,kaist,B+D,thermal,none,images/set04/V001/lwir/I02798.jpg,set04v001,none,2798,none,none,exclude,E-NO-PERSON,none,No pedestrian in frame
kaist_set04v001_002799,kaist,B+D,thermal,none,images/set04/V001/lwir/I02799.jpg,set04v001,none,2799,none,none,exclude,E-NO-PERSON,none,No pedestrian in frame
kaist_set04v001_002800,kaist,B+D,thermal,none,images/set04/V001/lwir/I02800.jpg,set04v001,none,2800,none,none,exclude,E-NO-PERSON,none,No pedestrian in frame
kaist_set04v001_002801,kaist,B+D,thermal,none,images/set04/V001/lwir/I02801.jpg,set04v001,none,2801,none,none,exclude,E-NO-PERSON,none,No pedestrian in frame
kaist_set04v001_002802,kaist,B+D,thermal,none,images/set04/V001/lwir/I02802.jpg,set04v001,none,2802,none,none,exclude,E-NO-PERSON,none,No pedestrian in frame
kaist_set04v001_002803,kaist,B+D,thermal,none,images/set04/V001/lwir/I02803.jpg,set04v001,none,2803,none,none,exclude,E-NO-PERSON,none,No pedestrian in frame
kaist_set04v001_002804,kaist,B+D,thermal,none,images/set04/V001/lwir/I02804.jpg,set04v001,none,2804,none,none,exclude,E-NO-PERSON,none,No pedestrian in frame
kaist_set04v001_002805,kaist,B+D,thermal,none,images/set04/V001/lwir/I02805.jpg,set04v001,none,2805,none,none,exclude,E-NO-PERSON,none,No pedestrian in frame
kaist_set04v001_002806,kaist,B+D,thermal,none,images/set04/V001/lwir/I02806.jpg,set04v001,none,2806,none,none,exclude,E-NO-PERSON,none,No pedestrian in frame
kaist_set04v001_002807,kaist,B+D,thermal,none,images/set04/V001/lwir/I02807.jpg,set04v001,none,2807,none,none,exclude,E-NO-PERSON,none,No pedestrian in frame
kaist_set04v001_002808,kaist,B+D,thermal,none,images/set04/V001/lwir/I02808.jpg,set04v001,none,2808,none,none,exclude,E-NO-PERSON,none,No pedestrian in frame
kaist_set04v001_002809,kaist,B+D,thermal,none,images/set04/V001/lwir/I02809.jpg,set04v001,none,2809,none,none,exclude,E-NO-PERSON,none,No pedestrian in frame
kaist_set04v001_002810,kaist,B+D,thermal,none,images/set04/V001/lwir/I02810.jpg,set04v001,none,2810,none,none,exclude,E-NO-PERSON,none,No pedestrian in frame
kaist_set04v001_002811,kaist,B+D,thermal,none,images/set04/V001/lwir/I02811.jpg,set04v001,none,2811,none,none,exclude,E-NO-PERSON,none,No pedestrian in frame
kaist_set04v001_002812,kaist,B+D,thermal,none,images/set04/V001/lwir/I02812.jpg,set04v001,none,2812,none,none,exclude,E-NO-PERSON,none,No pedestrian in frame
kaist_set04v001_002813,kaist,B+D,thermal,none,images/set04/V001/lwir/I02813.jpg,set04v001,none,2813,none,none,exclude,E-NO-PERSON,none,No pedestrian in frame
kaist_set04v001_002814,kaist,B+D,thermal,none,images/set04/V001/lwir/I02814.jpg,set04v001,none,2814,none,none,exclude,E-NO-PERSON,none,No pedestrian in frame
kaist_set04v001_002815,kaist,B+D,thermal,none,images/set04/V001/lwir/I02815.jpg,set04v001,none,2815,none,none,exclude,E-NO-PERSON,none,No pedestrian in frame
kaist_set04v001_002816,kaist,B+D,thermal,none,images/set04/V001/lwir/I02816.jpg,set04v001,none,2816,none,none,exclude,E-NO-PERSON,none,No pedestrian in frame
kaist_set04v001_002817,kaist,B+D,thermal,none,images/set04/V001/lwir/I02817.jpg,set04v001,none,2817,none,none,exclude,E-NO-PERSON,none,No pedestrian in frame
kaist_set04v001_002818,kaist,B+D,thermal,none,images/set04/V001/lwir/I02818.jpg,set04v001,none,2818,none,none,exclude,E-NO-PERSON,none,No pedestrian in frame
kaist_set04v001_002819,kaist,B+D,thermal,none,images/set04/V001/lwir/I02819.jpg,set04v001,none,2819,none,none,exclude,E-NO-PERSON,none,No pedestrian in frame
kaist_set04v001_002820,kaist,B+D,thermal,none,images/set04/V001/lwir/I02820.jpg,set04v001,none,2820,none,none,exclude,E-NO-PERSON,none,No pedestrian in frame
kaist_set04v001_002821,kaist,B+D,thermal,none,images/set04/V001/lwir/I02821.jpg,set04v001,none,2821,none,none,exclude,E-NO-PERSON,none,No pedestrian in frame
kaist_set04v001_002822,kaist,B+D,thermal,none,images/set04/V001/lwir/I02822.jpg,set04v001,none,2822,none,none,exclude,E-NO-PERSON,none,No pedestrian in frame
kaist_set04v001_002823,kaist,B+D,thermal,none,images/set04/V001/lwir/I02823.jpg,set04v001,none,2823,none,none,exclude,E-NO-PERSON,none,No pedestrian in frame
kaist_set04v001_002824,kaist,B+D,thermal,none,images/set04/V001/lwir/I02824.jpg,set04v001,none,2824,none,none,exclude,E-NO-PERSON,none,No pedestrian in frame
kaist_set04v001_002825,kaist,B+D,thermal,none,images/set04/V001/lwir/I02825.jpg,set04v001,none,2825,none,none,exclude,E-NO-PERSON,none,No pedestrian in frame
kaist_set04v001_002826,kaist,B+D,thermal,none,images/set04/V001/lwir/I02826.jpg,set04v001,none,2826,none,none,exclude,E-NO-PERSON,none,No pedestrian in frame
kaist_set04v001_002827,kaist,B+D,thermal,none,images/set04/V001/lwir/I02827.jpg,set04v001,none,2827,none,none,exclude,E-NO-PERSON,none,No pedestrian in frame
kaist_set04v001_002828,kaist,B+D,thermal,none,images/set04/V001/lwir/I02828.jpg,set04v001,none,2828,none,none,exclude,E-NO-PERSON,none,No pedestrian in frame
kaist_set04v001_002829,kaist,B+D,thermal,none,images/set04/V001/lwir/I02829.jpg,set04v001,none,2829,none,none,exclude,E-NO-PERSON,none,No pedestrian in frame
kaist_set04v001_002830,kaist,B+D,thermal,none,images/set04/V001/lwir/I02830.jpg,set04v001,none,2830,none,none,exclude,E-NO-PERSON,none,No pedestrian in frame
kaist_set04v001_002831,kaist,B+D,thermal,none,images/set04/V001/lwir/I02831.jpg,set04v001,none,2831,none,none,exclude,E-NO-PERSON,none,No pedestrian in frame
kaist_set04v001_002832,kaist,B+D,thermal,none,images/set04/V001/lwir/I02832.jpg,set04v001,none,2832,none,none,exclude,E-NO-PERSON,none,No pedestrian in frame
kaist_set04v001_002833,kaist,B+D,thermal,none,images/set04/V001/lwir/I02833.jpg,set04v001,none,2833,none,none,exclude,E-NO-PERSON,none,No pedestrian in frame
kaist_set04v001_002834,kaist,B+D,thermal,none,images/set04/V001/lwir/I02834.jpg,set04v001,none,2834,none,none,exclude,E-NO-PERSON,none,No pedestrian in frame
kaist_set04v001_002835,kaist,B+D,thermal,none,images/set04/V001/lwir/I02835.jpg,set04v001,none,2835,none,none,exclude,E-NO-PERSON,none,No pedestrian in frame
kaist_set04v001_002836,kaist,B+D,thermal,none,images/set04/V001/lwir/I02836.jpg,set04v001,none,2836,none,none,exclude,E-NO-PERSON,none,No pedestrian in frame
kaist_set04v001_002837,kaist,B+D,thermal,none,images/set04/V001/lwir/I02837.jpg,set04v001,none,2837,none,none,exclude,E-NO-PERSON,none,No pedestrian in frame
kaist_set04v001_002838,kaist,B+D,thermal,none,images/set04/V001/lwir/I02838.jpg,set04v001,none,2838,none,none,exclude,E-NO-PERSON,none,No pedestrian in frame
kaist_set04v001_002839,kaist,B+D,thermal,none,images/set04/V001/lwir/I02839.jpg,set04v001,none,2839,none,none,exclude,E-NO-PERSON,none,No pedestrian in frame
kaist_set04v001_002840,kaist,B+D,thermal,none,images/set04/V001/lwir/I02840.jpg,set04v001,none,2840,none,none,exclude,E-NO-PERSON,none,No pedestrian in frame
kaist_set04v001_002841,kaist,B+D,thermal,none,images/set04/V001/lwir/I02841.jpg,set04v001,none,2841,none,none,exclude,E-NO-PERSON,none,No pedestrian in frame
kaist_set04v001_002842,kaist,B+D,thermal,none,images/set04/V001/lwir/I02842.jpg,set04v001,none,2842,none,none,exclude,E-NO-PERSON,none,No pedestrian in frame
kaist_set04v001_002843,kaist,B+D,thermal,none,images/set04/V001/lwir/I02843.jpg,set04v001,none,2843,none,none,exclude,E-NO-PERSON,none,No pedestrian in frame
kaist_set04v001_002844,kaist,B+D,thermal,none,images/set04/V001/lwir/I02844.jpg,set04v001,none,2844,none,none,exclude,E-NO-PERSON,none,No pedestrian in frame
kaist_set04v001_002845,kaist,B+D,thermal,none,images/set04/V001/lwir/I02845.jpg,set04v001,none,2845,none,none,exclude,E-NO-PERSON,none,No pedestrian in frame
kaist_set04v001_002846,kaist,B+D,thermal,none,images/set04/V001/lwir/I02846.jpg,set04v001,none,2846,none,none,exclude,E-NO-PERSON,none,No pedestrian in frame
kaist_set04v001_002847,kaist,B+D,thermal,none,images/set04/V001/lwir/I02847.jpg,set04v001,none,2847,none,none,exclude,E-NO-PERSON,none,No pedestrian in frame
kaist_set04v001_002848,kaist,B+D,thermal,none,images/set04/V001/lwir/I02848.jpg,set04v001,none,2848,none,none,exclude,E-NO-PERSON,none,No pedestrian in frame
kaist_set04v001_002849,kaist,B+D,thermal,none,images/set04/V001/lwir/I02849.jpg,set04v001,none,2849,none,none,exclude,E-NO-PERSON,none,No pedestrian in frame
kaist_set04v001_002850,kaist,B+D,thermal,none,images/set04/V001/lwir/I02850.jpg,set04v001,none,2850,none,none,exclude,E-NO-PERSON,none,No pedestrian in frame
kaist_set04v001_002851,kaist,B+D,thermal,none,images/set04/V001/lwir/I02851.jpg,set04v001,none,2851,none,none,exclude,E-NO-PERSON,none,No pedestrian in frame
kaist_set04v001_002852,kaist,B+D,thermal,none,images/set04/V001/lwir/I02852.jpg,set04v001,none,2852,none,none,exclude,E-NO-PERSON,none,No pedestrian in frame
kaist_set04v001_002853,kaist,B+D,thermal,none,images/set04/V001/lwir/I02853.jpg,set04v001,none,2853,none,none,exclude,E-NO-PERSON,none,No pedestrian in frame
kaist_set04v001_002854,kaist,B+D,thermal,none,images/set04/V001/lwir/I02854.jpg,set04v001,none,2854,none,none,exclude,E-NO-PERSON,none,No pedestrian in frame
kaist_set04v001_002855,kaist,B+D,thermal,none,images/set04/V001/lwir/I02855.jpg,set04v001,none,2855,none,none,exclude,E-NO-PERSON,none,No pedestrian in frame
kaist_set04v001_002856,kaist,B+D,thermal,none,images/set04/V001/lwir/I02856.jpg,set04v001,none,2856,none,none,exclude,E-NO-PERSON,none,No pedestrian in frame
kaist_set04v001_002857,kaist,B+D,thermal,none,images/set04/V001/lwir/I02857.jpg,set04v001,none,2857,none,none,exclude,E-NO-PERSON,none,No pedestrian in frame
kaist_set04v001_002858,kaist,B+D,thermal,none,images/set04/V001/lwir/I02858.jpg,set04v001,none,2858,none,none,exclude,E-NO-PERSON,none,No pedestrian in frame
kaist_set04v001_002859,kaist,B+D,thermal,none,images/set04/V001/lwir/I02859.jpg,set04v001,none,2859,none,none,exclude,E-NO-PERSON,none,No pedestrian in frame
kaist_set04v001_002860,kaist,B+D,thermal,none,images/set04/V001/lwir/I02860.jpg,set04v001,none,2860,none,none,exclude,E-NO-PERSON,none,No pedestrian in frame
kaist_set04v001_002861,kaist,B+D,thermal,none,images/set04/V001/lwir/I02861.jpg,set04v001,none,2861,none,none,exclude,E-NO-PERSON,none,No pedestrian in frame
kaist_set04v001_002862,kaist,B+D,thermal,none,images/set04/V001/lwir/I02862.jpg,set04v001,none,2862,none,none,exclude,E-NO-PERSON,none,No pedestrian in frame
kaist_set04v001_002863,kaist,B+D,thermal,none,images/set04/V001/lwir/I02863.jpg,set04v001,none,2863,none,none,exclude,E-NO-PERSON,none,No pedestrian in frame
kaist_set04v001_002864,kaist,B+D,thermal,none,images/set04/V001/lwir/I02864.jpg,set04v001,none,2864,none,none,exclude,E-NO-PERSON,none,No pedestrian in frame
kaist_set04v001_002865,kaist,B+D,thermal,none,images/set04/V001/lwir/I02865.jpg,set04v001,none,2865,none,none,exclude,E-NO-PERSON,none,No pedestrian in frame
kaist_set04v001_002866,kaist,B+D,thermal,none,images/set04/V001/lwir/I02866.jpg,set04v001,none,2866,none,none,exclude,E-NO-PERSON,none,No pedestrian in frame
kaist_set04v001_002867,kaist,B+D,thermal,none,images/set04/V001/lwir/I02867.jpg,set04v001,none,2867,none,none,exclude,E-NO-PERSON,none,No pedestrian in frame
kaist_set04v001_002868,kaist,B+D,thermal,none,images/set04/V001/lwir/I02868.jpg,set04v001,none,2868,none,none,exclude,E-NO-PERSON,none,No pedestrian in frame
kaist_set04v001_002869,kaist,B+D,thermal,none,images/set04/V001/lwir/I02869.jpg,set04v001,none,2869,none,none,exclude,E-NO-PERSON,none,No pedestrian in frame
kaist_set04v001_002870,kaist,B+D,thermal,none,images/set04/V001/lwir/I02870.jpg,set04v001,none,2870,none,none,exclude,E-NO-PERSON,none,No pedestrian in frame
kaist_set04v001_002871,kaist,B+D,thermal,none,images/set04/V001/lwir/I02871.jpg,set04v001,none,2871,none,none,exclude,E-NO-PERSON,none,No pedestrian in frame
kaist_set04v001_002872,kaist,B+D,thermal,none,images/set04/V001/lwir/I02872.jpg,set04v001,none,2872,none,none,exclude,E-NO-PERSON,none,No pedestrian in frame
kaist_set04v001_002873,kaist,B+D,thermal,none,images/set04/V001/lwir/I02873.jpg,set04v001,none,2873,none,none,exclude,E-NO-PERSON,none,No pedestrian in frame
kaist_set04v001_002874,kaist,B+D,thermal,none,images/set04/V001/lwir/I02874.jpg,set04v001,none,2874,none,none,exclude,E-NO-PERSON,none,No pedestrian in frame
kaist_set04v001_002875,kaist,B+D,thermal,none,images/set04/V001/lwir/I02875.jpg,set04v001,none,2875,none,none,exclude,E-NO-PERSON,none,No pedestrian in frame
kaist_set04v001_002876,kaist,B+D,thermal,none,images/set04/V001/lwir/I02876.jpg,set04v001,none,2876,none,none,exclude,E-NO-PERSON,none,No pedestrian in frame
kaist_set04v001_002877,kaist,B+D,thermal,none,images/set04/V001/lwir/I02877.jpg,set04v001,none,2877,none,none,exclude,E-NO-PERSON,none,No pedestrian in frame
kaist_set04v001_002878,kaist,B+D,thermal,none,images/set04/V001/lwir/I02878.jpg,set04v001,none,2878,none,none,exclude,E-NO-PERSON,none,No pedestrian in frame
kaist_set04v001_002879,kaist,B+D,thermal,none,images/set04/V001/lwir/I02879.jpg,set04v001,none,2879,none,none,exclude,E-NO-PERSON,none,No pedestrian in frame
kaist_set04v001_002880,kaist,B+D,thermal,none,images/set04/V001/lwir/I02880.jpg,set04v001,none,2880,none,none,exclude,E-NO-PERSON,none,No pedestrian in frame
kaist_set04v001_002881,kaist,B+D,thermal,none,images/set04/V001/lwir/I02881.jpg,set04v001,none,2881,none,none,exclude,E-NO-PERSON,none,No pedestrian in frame
kaist_set04v001_002882,kaist,B+D,thermal,none,images/set04/V001/lwir/I02882.jpg,set04v001,none,2882,none,none,exclude,E-NO-PERSON,none,No pedestrian in frame
kaist_set04v001_002883,kaist,B+D,thermal,none,images/set04/V001/lwir/I02883.jpg,set04v001,none,2883,none,none,exclude,E-NO-PERSON,none,No pedestrian in frame
kaist_set04v001_002884,kaist,B+D,thermal,none,images/set04/V001/lwir/I02884.jpg,set04v001,none,2884,none,none,exclude,E-NO-PERSON,none,No pedestrian in frame
kaist_set04v001_002885,kaist,B+D,thermal,none,images/set04/V001/lwir/I02885.jpg,set04v001,none,2885,none,none,exclude,E-NO-PERSON,none,No pedestrian in frame
kaist_set04v001_002886,kaist,B+D,thermal,none,images/set04/V001/lwir/I02886.jpg,set04v001,none,2886,none,none,exclude,E-NO-PERSON,none,No pedestrian in frame
kaist_set04v001_002887,kaist,B+D,thermal,none,images/set04/V001/lwir/I02887.jpg,set04v001,none,2887,none,none,exclude,E-NO-PERSON,none,No pedestrian in frame
kaist_set04v001_002888,kaist,B+D,thermal,none,images/set04/V001/lwir/I02888.jpg,set04v001,none,2888,none,none,exclude,E-NO-PERSON,none,No pedestrian in frame
kaist_set04v001_002889,kaist,B+D,thermal,none,cleaned/thermal_with_people/I02889.jpg,set04v001,none,2889,person,person,keep,none,none,none
kaist_set04v001_002890,kaist,B+D,thermal,none,cleaned/thermal_with_people/I02890.jpg,set04v001,none,2890,person,person,keep,none,none,none
kaist_set04v001_002891,kaist,B+D,thermal,none,cleaned/thermal_with_people/I02891.jpg,set04v001,none,2891,person,person,keep,none,none,none
kaist_set04v001_002892,kaist,B+D,thermal,none,cleaned/thermal_with_people/I02892.jpg,set04v001,none,2892,person,person,keep,none,none,none
kaist_set04v001_002893,kaist,B+D,thermal,none,cleaned/thermal_with_people/I02893.jpg,set04v001,none,2893,person,person,keep,none,none,none
kaist_set04v001_002894,kaist,B+D,thermal,none,cleaned/thermal_with_people/I02894.jpg,set04v001,none,2894,person,person,keep,none,none,none
kaist_set04v001_002895,kaist,B+D,thermal,none,cleaned/thermal_with_people/I02895.jpg,set04v001,none,2895,person,person,keep,none,none,none
kaist_set04v001_002896,kaist,B+D,thermal,none,cleaned/thermal_with_people/I02896.jpg,set04v001,none,2896,person,person,keep,none,none,none
kaist_set04v001_002897,kaist,B+D,thermal,none,cleaned/thermal_with_people/I02897.jpg,set04v001,none,2897,person,person,keep,none,none,none
kaist_set04v001_002898,kaist,B+D,thermal,none,cleaned/thermal_with_people/I02898.jpg,set04v001,none,2898,person,person,keep,none,none,none
kaist_set04v001_002899,kaist,B+D,thermal,none,cleaned/thermal_with_people/I02899.jpg,set04v001,none,2899,person,person,keep,none,none,none
kaist_set04v001_002900,kaist,B+D,thermal,none,cleaned/thermal_with_people/I02900.jpg,set04v001,none,2900,person,person,keep,none,none,none
kaist_set04v001_002901,kaist,B+D,thermal,none,cleaned/thermal_with_people/I02901.jpg,set04v001,none,2901,person,person,keep,none,none,none
kaist_set04v001_002902,kaist,B+D,thermal,none,cleaned/thermal_with_people/I02902.jpg,set04v001,none,2902,person,person,keep,none,none,none
kaist_set04v001_002903,kaist,B+D,thermal,none,cleaned/thermal_with_people/I02903.jpg,set04v001,none,2903,person,person,keep,none,none,none
kaist_set04v001_002904,kaist,B+D,thermal,none,cleaned/thermal_with_people/I02904.jpg,set04v001,none,2904,person,person,keep,none,none,none
kaist_set04v001_002905,kaist,B+D,thermal,none,cleaned/thermal_with_people/I02905.jpg,set04v001,none,2905,person,person,keep,none,none,none
kaist_set04v001_002906,kaist,B+D,thermal,none,cleaned/thermal_with_people/I02906.jpg,set04v001,none,2906,person,person,keep,none,none,none
kaist_set04v001_002907,kaist,B+D,thermal,none,cleaned/thermal_with_people/I02907.jpg,set04v001,none,2907,person,person,keep,none,none,none
kaist_set04v001_002908,kaist,B+D,thermal,none,cleaned/thermal_with_people/I02908.jpg,set04v001,none,2908,person,person,keep,none,none,none
kaist_set04v001_002909,kaist,B+D,thermal,none,cleaned/thermal_with_people/I02909.jpg,set04v001,none,2909,person,person,keep,none,none,none
kaist_set04v001_002910,kaist,B+D,thermal,none,cleaned/thermal_with_people/I02910.jpg,set04v001,none,2910,person,person,keep,none,none,none
kaist_set04v001_002911,kaist,B+D,thermal,none,cleaned/thermal_with_people/I02911.jpg,set04v001,none,2911,person,person,keep,none,none,none
kaist_set04v001_002912,kaist,B+D,thermal,none,cleaned/thermal_with_people/I02912.jpg,set04v001,none,2912,person,person,keep,none,none,none
kaist_set04v001_002913,kaist,B+D,thermal,none,cleaned/thermal_with_people/I02913.jpg,set04v001,none,2913,person,person,keep,none,none,none
kaist_set04v001_002914,kaist,B+D,thermal,none,cleaned/thermal_with_people/I02914.jpg,set04v001,none,2914,person,person,keep,none,none,none
kaist_set04v001_002915,kaist,B+D,thermal,none,cleaned/thermal_with_people/I02915.jpg,set04v001,none,2915,person,person,keep,none,none,none
kaist_set04v001_002916,kaist,B+D,thermal,none,cleaned/thermal_with_people/I02916.jpg,set04v001,none,2916,person,person,keep,none,none,none
kaist_set04v001_002917,kaist,B+D,thermal,none,cleaned/thermal_with_people/I02917.jpg,set04v001,none,2917,person,person,keep,none,none,none
kaist_set04v001_002918,kaist,B+D,thermal,none,cleaned/thermal_with_people/I02918.jpg,set04v001,none,2918,person,person,keep,none,none,none
kaist_set04v001_002919,kaist,B+D,thermal,none,cleaned/thermal_with_people/I02919.jpg,set04v001,none,2919,person,person,keep,none,none,none
kaist_set04v001_002920,kaist,B+D,thermal,none,cleaned/thermal_with_people/I02920.jpg,set04v001,none,2920,person,person,keep,none,none,none
kaist_set04v001_002921,kaist,B+D,thermal,none,cleaned/thermal_with_people/I02921.jpg,set04v001,none,2921,person,person,keep,none,none,none
kaist_set04v001_002922,kaist,B+D,thermal,none,cleaned/thermal_with_people/I02922.jpg,set04v001,none,2922,person,person,keep,none,none,none
kaist_set04v001_002923,kaist,B+D,thermal,none,cleaned/thermal_with_people/I02923.jpg,set04v001,none,2923,person,person,keep,none,none,none
kaist_set04v001_002924,kaist,B+D,thermal,none,cleaned/thermal_with_people/I02924.jpg,set04v001,none,2924,person,person,keep,none,none,none
kaist_set04v001_002925,kaist,B+D,thermal,none,cleaned/thermal_with_people/I02925.jpg,set04v001,none,2925,person,person,keep,none,none,none
kaist_set04v001_002926,kaist,B+D,thermal,none,cleaned/thermal_with_people/I02926.jpg,set04v001,none,2926,person,person,keep,none,none,none
kaist_set04v001_002927,kaist,B+D,thermal,none,cleaned/thermal_with_people/I02927.jpg,set04v001,none,2927,person,person,keep,none,none,none
kaist_set04v001_002928,kaist,B+D,thermal,none,cleaned/thermal_with_people/I02928.jpg,set04v001,none,2928,person,person,keep,none,none,none
kaist_set04v001_002929,kaist,B+D,thermal,none,cleaned/thermal_with_people/I02929.jpg,set04v001,none,2929,person,person,keep,none,none,none
kaist_set04v001_002930,kaist,B+D,thermal,none,cleaned/thermal_with_people/I02930.jpg,set04v001,none,2930,person,person,keep,none,none,none
kaist_set04v001_002931,kaist,B+D,thermal,none,cleaned/thermal_with_people/I02931.jpg,set04v001,none,2931,person,person,keep,none,none,none
kaist_set04v001_002932,kaist,B+D,thermal,none,cleaned/thermal_with_people/I02932.jpg,set04v001,none,2932,person,person,keep,none,none,none
kaist_set04v001_002933,kaist,B+D,thermal,none,cleaned/thermal_with_people/I02933.jpg,set04v001,none,2933,person,person,keep,none,none,none
kaist_set04v001_002934,kaist,B+D,thermal,none,cleaned/thermal_with_people/I02934.jpg,set04v001,none,2934,person,person,keep,none,none,none
kaist_set04v001_002935,kaist,B+D,thermal,none,cleaned/thermal_with_people/I02935.jpg,set04v001,none,2935,person,person,keep,none,none,none
kaist_set04v001_002936,kaist,B+D,thermal,none,cleaned/thermal_with_people/I02936.jpg,set04v001,none,2936,person,person,keep,none,none,none
kaist_set04v001_002937,kaist,B+D,thermal,none,cleaned/thermal_with_people/I02937.jpg,set04v001,none,2937,person,person,keep,none,none,none
kaist_set04v001_002938,kaist,B+D,thermal,none,cleaned/thermal_with_people/I02938.jpg,set04v001,none,2938,person,person,keep,none,none,none
kaist_set04v001_002939,kaist,B+D,thermal,none,cleaned/thermal_with_people/I02939.jpg,set04v001,none,2939,person,person,keep,none,none,none
kaist_set04v001_002940,kaist,B+D,thermal,none,cleaned/thermal_with_people/I02940.jpg,set04v001,none,2940,person,person,keep,none,none,none
kaist_set04v001_002941,kaist,B+D,thermal,none,cleaned/thermal_with_people/I02941.jpg,set04v001,none,2941,person,person,keep,none,none,none
kaist_set04v001_002942,kaist,B+D,thermal,none,cleaned/thermal_with_people/I02942.jpg,set04v001,none,2942,person,person,keep,none,none,none
kaist_set04v001_002943,kaist,B+D,thermal,none,cleaned/thermal_with_people/I02943.jpg,set04v001,none,2943,person,person,keep,none,none,none
kaist_set04v001_002944,kaist,B+D,thermal,none,cleaned/thermal_with_people/I02944.jpg,set04v001,none,2944,person,person,keep,none,none,none
kaist_set04v001_002945,kaist,B+D,thermal,none,cleaned/thermal_with_people/I02945.jpg,set04v001,none,2945,person,person,keep,none,none,none
kaist_set04v001_002946,kaist,B+D,thermal,none,cleaned/thermal_with_people/I02946.jpg,set04v001,none,2946,person,person,keep,none,none,none
kaist_set04v001_002947,kaist,B+D,thermal,none,cleaned/thermal_with_people/I02947.jpg,set04v001,none,2947,person,person,keep,none,none,none
kaist_set04v001_002948,kaist,B+D,thermal,none,cleaned/thermal_with_people/I02948.jpg,set04v001,none,2948,person,person,keep,none,none,none
kaist_set04v001_002949,kaist,B+D,thermal,none,cleaned/thermal_with_people/I02949.jpg,set04v001,none,2949,person,person,keep,none,none,none
kaist_set04v001_002950,kaist,B+D,thermal,none,cleaned/thermal_with_people/I02950.jpg,set04v001,none,2950,person,person,keep,none,none,none
kaist_set04v001_002951,kaist,B+D,thermal,none,cleaned/thermal_with_people/I02951.jpg,set04v001,none,2951,person,person,keep,none,none,none
kaist_set04v001_002952,kaist,B+D,thermal,none,cleaned/thermal_with_people/I02952.jpg,set04v001,none,2952,person,person,keep,none,none,none
kaist_set04v001_002953,kaist,B+D,thermal,none,cleaned/thermal_with_people/I02953.jpg,set04v001,none,2953,person,person,keep,none,none,none
kaist_set04v001_002954,kaist,B+D,thermal,none,cleaned/thermal_with_people/I02954.jpg,set04v001,none,2954,person,person,keep,none,none,none
kaist_set04v001_002955,kaist,B+D,thermal,none,cleaned/thermal_with_people/I02955.jpg,set04v001,none,2955,person,person,keep,none,none,none
kaist_set04v001_002956,kaist,B+D,thermal,none,cleaned/thermal_with_people/I02956.jpg,set04v001,none,2956,person,person,keep,none,none,none
kaist_set04v001_002957,kaist,B+D,thermal,none,cleaned/thermal_with_people/I02957.jpg,set04v001,none,2957,person,person,keep,none,none,none
kaist_set04v001_002958,kaist,B+D,thermal,none,cleaned/thermal_with_people/I02958.jpg,set04v001,none,2958,person,person,keep,none,none,none
kaist_set04v001_002959,kaist,B+D,thermal,none,cleaned/thermal_with_people/I02959.jpg,set04v001,none,2959,person,person,keep,none,none,none
kaist_set04v001_002960,kaist,B+D,thermal,none,images/set04/V001/lwir/I02960.jpg,set04v001,none,2960,none,none,exclude,E-NO-PERSON,none,No pedestrian in frame
kaist_set04v001_002961,kaist,B+D,thermal,none,images/set04/V001/lwir/I02961.jpg,set04v001,none,2961,none,none,exclude,E-NO-PERSON,none,No pedestrian in frame
kaist_set04v001_002962,kaist,B+D,thermal,none,images/set04/V001/lwir/I02962.jpg,set04v001,none,2962,none,none,exclude,E-NO-PERSON,none,No pedestrian in frame
kaist_set04v001_002963,kaist,B+D,thermal,none,images/set04/V001/lwir/I02963.jpg,set04v001,none,2963,none,none,exclude,E-NO-PERSON,none,No pedestrian in frame
kaist_set04v001_002964,kaist,B+D,thermal,none,images/set04/V001/lwir/I02964.jpg,set04v001,none,2964,none,none,exclude,E-NO-PERSON,none,No pedestrian in frame
kaist_set04v001_002965,kaist,B+D,thermal,none,images/set04/V001/lwir/I02965.jpg,set04v001,none,2965,none,none,exclude,E-NO-PERSON,none,No pedestrian in frame
kaist_set04v001_002966,kaist,B+D,thermal,none,images/set04/V001/lwir/I02966.jpg,set04v001,none,2966,none,none,exclude,E-NO-PERSON,none,No pedestrian in frame
kaist_set04v001_002967,kaist,B+D,thermal,none,images/set04/V001/lwir/I02967.jpg,set04v001,none,2967,none,none,exclude,E-NO-PERSON,none,No pedestrian in frame
kaist_set04v001_002968,kaist,B+D,thermal,none,images/set04/V001/lwir/I02968.jpg,set04v001,none,2968,none,none,exclude,E-NO-PERSON,none,No pedestrian in frame
kaist_set04v001_002969,kaist,B+D,thermal,none,images/set04/V001/lwir/I02969.jpg,set04v001,none,2969,none,none,exclude,E-NO-PERSON,none,No pedestrian in frame
kaist_set04v001_002970,kaist,B+D,thermal,none,images/set04/V001/lwir/I02970.jpg,set04v001,none,2970,none,none,exclude,E-NO-PERSON,none,No pedestrian in frame
kaist_set04v001_002971,kaist,B+D,thermal,none,images/set04/V001/lwir/I02971.jpg,set04v001,none,2971,none,none,exclude,E-NO-PERSON,none,No pedestrian in frame
kaist_set04v001_002972,kaist,B+D,thermal,none,images/set04/V001/lwir/I02972.jpg,set04v001,none,2972,none,none,exclude,E-NO-PERSON,none,No pedestrian in frame
kaist_set04v001_002973,kaist,B+D,thermal,none,images/set04/V001/lwir/I02973.jpg,set04v001,none,2973,none,none,exclude,E-NO-PERSON,none,No pedestrian in frame
kaist_set04v001_002974,kaist,B+D,thermal,none,images/set04/V001/lwir/I02974.jpg,set04v001,none,2974,none,none,exclude,E-NO-PERSON,none,No pedestrian in frame
kaist_set04v001_002975,kaist,B+D,thermal,none,images/set04/V001/lwir/I02975.jpg,set04v001,none,2975,none,none,exclude,E-NO-PERSON,none,No pedestrian in frame
kaist_set04v001_002976,kaist,B+D,thermal,none,images/set04/V001/lwir/I02976.jpg,set04v001,none,2976,none,none,exclude,E-NO-PERSON,none,No pedestrian in frame
kaist_set04v001_002977,kaist,B+D,thermal,none,images/set04/V001/lwir/I02977.jpg,set04v001,none,2977,none,none,exclude,E-NO-PERSON,none,No pedestrian in frame
kaist_set04v001_002978,kaist,B+D,thermal,none,images/set04/V001/lwir/I02978.jpg,set04v001,none,2978,none,none,exclude,E-NO-PERSON,none,No pedestrian in frame
kaist_set04v001_002979,kaist,B+D,thermal,none,images/set04/V001/lwir/I02979.jpg,set04v001,none,2979,none,none,exclude,E-NO-PERSON,none,No pedestrian in frame
kaist_set04v001_002980,kaist,B+D,thermal,none,images/set04/V001/lwir/I02980.jpg,set04v001,none,2980,none,none,exclude,E-NO-PERSON,none,No pedestrian in frame
kaist_set04v001_002981,kaist,B+D,thermal,none,images/set04/V001/lwir/I02981.jpg,set04v001,none,2981,none,none,exclude,E-NO-PERSON,none,No pedestrian in frame
kaist_set04v001_002982,kaist,B+D,thermal,none,cleaned/thermal_with_people/I02982.jpg,set04v001,none,2982,person,person,keep,none,none,none
kaist_set04v001_002983,kaist,B+D,thermal,none,cleaned/thermal_with_people/I02983.jpg,set04v001,none,2983,person,person,keep,none,none,none
kaist_set04v001_002984,kaist,B+D,thermal,none,cleaned/thermal_with_people/I02984.jpg,set04v001,none,2984,person,person,keep,none,none,none
kaist_set04v001_002985,kaist,B+D,thermal,none,cleaned/thermal_with_people/I02985.jpg,set04v001,none,2985,person,person,keep,none,none,none
kaist_set04v001_002986,kaist,B+D,thermal,none,cleaned/thermal_with_people/I02986.jpg,set04v001,none,2986,person,person,keep,none,none,none
kaist_set04v001_002987,kaist,B+D,thermal,none,cleaned/thermal_with_people/I02987.jpg,set04v001,none,2987,person,person,keep,none,none,none
kaist_set04v001_002988,kaist,B+D,thermal,none,cleaned/thermal_with_people/I02988.jpg,set04v001,none,2988,person,person,keep,none,none,none
kaist_set04v001_002989,kaist,B+D,thermal,none,cleaned/thermal_with_people/I02989.jpg,set04v001,none,2989,person,person,keep,none,none,none
kaist_set04v001_002990,kaist,B+D,thermal,none,cleaned/thermal_with_people/I02990.jpg,set04v001,none,2990,person,person,keep,none,none,none
kaist_set04v001_002991,kaist,B+D,thermal,none,cleaned/thermal_with_people/I02991.jpg,set04v001,none,2991,person,person,keep,none,none,none
kaist_set04v001_002992,kaist,B+D,thermal,none,cleaned/thermal_with_people/I02992.jpg,set04v001,none,2992,person,person,keep,none,none,none
kaist_set04v001_002993,kaist,B+D,thermal,none,cleaned/thermal_with_people/I02993.jpg,set04v001,none,2993,person,person,keep,none,none,none
kaist_set04v001_002994,kaist,B+D,thermal,none,cleaned/thermal_with_people/I02994.jpg,set04v001,none,2994,person,person,keep,none,none,none
kaist_set04v001_002995,kaist,B+D,thermal,none,cleaned/thermal_with_people/I02995.jpg,set04v001,none,2995,person,person,keep,none,none,none
kaist_set04v001_002996,kaist,B+D,thermal,none,cleaned/thermal_with_people/I02996.jpg,set04v001,none,2996,person,person,keep,none,none,none
kaist_set04v001_002997,kaist,B+D,thermal,none,cleaned/thermal_with_people/I02997.jpg,set04v001,none,2997,person,person,keep,none,none,none
kaist_set04v001_002998,kaist,B+D,thermal,none,cleaned/thermal_with_people/I02998.jpg,set04v001,none,2998,person,person,keep,none,none,none
kaist_set04v001_002999,kaist,B+D,thermal,none,cleaned/thermal_with_people/I02999.jpg,set04v001,none,2999,person,person,keep,none,none,none
kaist_set04v001_003000,kaist,B+D,thermal,none,cleaned/thermal_with_people/I03000.jpg,set04v001,none,3000,person,person,keep,none,none,none
kaist_set04v001_003001,kaist,B+D,thermal,none,cleaned/thermal_with_people/I03001.jpg,set04v001,none,3001,person,person,keep,none,none,none
kaist_set04v001_003002,kaist,B+D,thermal,none,cleaned/thermal_with_people/I03002.jpg,set04v001,none,3002,person,person,keep,none,none,none
kaist_set04v001_003003,kaist,B+D,thermal,none,cleaned/thermal_with_people/I03003.jpg,set04v001,none,3003,person,person,keep,none,none,none
kaist_set04v001_003004,kaist,B+D,thermal,none,cleaned/thermal_with_people/I03004.jpg,set04v001,none,3004,person,person,keep,none,none,none
kaist_set04v001_003005,kaist,B+D,thermal,none,cleaned/thermal_with_people/I03005.jpg,set04v001,none,3005,person,person,keep,none,none,none
kaist_set04v001_003006,kaist,B+D,thermal,none,cleaned/thermal_with_people/I03006.jpg,set04v001,none,3006,person,person,keep,none,none,none
kaist_set04v001_003007,kaist,B+D,thermal,none,cleaned/thermal_with_people/I03007.jpg,set04v001,none,3007,person,person,keep,none,none,none
kaist_set04v001_003008,kaist,B+D,thermal,none,cleaned/thermal_with_people/I03008.jpg,set04v001,none,3008,person,person,keep,none,none,none
kaist_set04v001_003009,kaist,B+D,thermal,none,cleaned/thermal_with_people/I03009.jpg,set04v001,none,3009,person,person,keep,none,none,none
kaist_set04v001_003010,kaist,B+D,thermal,none,cleaned/thermal_with_people/I03010.jpg,set04v001,none,3010,person,person,keep,none,none,none
kaist_set04v001_003011,kaist,B+D,thermal,none,cleaned/thermal_with_people/I03011.jpg,set04v001,none,3011,person,person,keep,none,none,none
kaist_set04v001_003012,kaist,B+D,thermal,none,cleaned/thermal_with_people/I03012.jpg,set04v001,none,3012,person,person,keep,none,none,none
kaist_set04v001_003013,kaist,B+D,thermal,none,cleaned/thermal_with_people/I03013.jpg,set04v001,none,3013,person,person,keep,none,none,none
kaist_set04v001_003014,kaist,B+D,thermal,none,cleaned/thermal_with_people/I03014.jpg,set04v001,none,3014,person,person,keep,none,none,none
kaist_set04v001_003015,kaist,B+D,thermal,none,cleaned/thermal_with_people/I03015.jpg,set04v001,none,3015,person,person,keep,none,none,none
kaist_set04v001_003016,kaist,B+D,thermal,none,cleaned/thermal_with_people/I03016.jpg,set04v001,none,3016,person,person,keep,none,none,none
kaist_set04v001_003017,kaist,B+D,thermal,none,cleaned/thermal_with_people/I03017.jpg,set04v001,none,3017,person,person,keep,none,none,none
kaist_set04v001_003018,kaist,B+D,thermal,none,cleaned/thermal_with_people/I03018.jpg,set04v001,none,3018,person,person,keep,none,none,none
kaist_set04v001_003019,kaist,B+D,thermal,none,cleaned/thermal_with_people/I03019.jpg,set04v001,none,3019,person,person,keep,none,none,none
kaist_set04v001_003020,kaist,B+D,thermal,none,cleaned/thermal_with_people/I03020.jpg,set04v001,none,3020,person,person,keep,none,none,none
kaist_set04v001_003021,kaist,B+D,thermal,none,cleaned/thermal_with_people/I03021.jpg,set04v001,none,3021,person,person,keep,none,none,none
kaist_set04v001_003022,kaist,B+D,thermal,none,cleaned/thermal_with_people/I03022.jpg,set04v001,none,3022,person,person,keep,none,none,none
kaist_set04v001_003023,kaist,B+D,thermal,none,cleaned/thermal_with_people/I03023.jpg,set04v001,none,3023,person,person,keep,none,none,none
kaist_set04v001_003024,kaist,B+D,thermal,none,cleaned/thermal_with_people/I03024.jpg,set04v001,none,3024,person,person,keep,none,none,none
kaist_set04v001_003025,kaist,B+D,thermal,none,cleaned/thermal_with_people/I03025.jpg,set04v001,none,3025,person,person,keep,none,none,none
kaist_set04v001_003026,kaist,B+D,thermal,none,cleaned/thermal_with_people/I03026.jpg,set04v001,none,3026,person,person,keep,none,none,none
kaist_set04v001_003027,kaist,B+D,thermal,none,cleaned/thermal_with_people/I03027.jpg,set04v001,none,3027,person,person,keep,none,none,none
kaist_set04v001_003028,kaist,B+D,thermal,none,cleaned/thermal_with_people/I03028.jpg,set04v001,none,3028,person,person,keep,none,none,none
kaist_set04v001_003029,kaist,B+D,thermal,none,cleaned/thermal_with_people/I03029.jpg,set04v001,none,3029,person,person,keep,none,none,none
kaist_set04v001_003030,kaist,B+D,thermal,none,cleaned/thermal_with_people/I03030.jpg,set04v001,none,3030,person,person,keep,none,none,none
kaist_set04v001_003031,kaist,B+D,thermal,none,cleaned/thermal_with_people/I03031.jpg,set04v001,none,3031,person,person,keep,none,none,none
kaist_set04v001_003032,kaist,B+D,thermal,none,cleaned/thermal_with_people/I03032.jpg,set04v001,none,3032,person,person,keep,none,none,none
kaist_set04v001_003033,kaist,B+D,thermal,none,cleaned/thermal_with_people/I03033.jpg,set04v001,none,3033,person,person,keep,none,none,none
kaist_set04v001_003034,kaist,B+D,thermal,none,cleaned/thermal_with_people/I03034.jpg,set04v001,none,3034,person,person,keep,none,none,none
kaist_set04v001_003035,kaist,B+D,thermal,none,cleaned/thermal_with_people/I03035.jpg,set04v001,none,3035,person,person,keep,none,none,none
kaist_set04v001_003036,kaist,B+D,thermal,none,cleaned/thermal_with_people/I03036.jpg,set04v001,none,3036,person,person,keep,none,none,none
kaist_set04v001_003037,kaist,B+D,thermal,none,cleaned/thermal_with_people/I03037.jpg,set04v001,none,3037,person,person,keep,none,none,none
kaist_set04v001_003038,kaist,B+D,thermal,none,cleaned/thermal_with_people/I03038.jpg,set04v001,none,3038,person,person,keep,none,none,none
kaist_set04v001_003039,kaist,B+D,thermal,none,cleaned/thermal_with_people/I03039.jpg,set04v001,none,3039,person,person,keep,none,none,none
kaist_set04v001_003040,kaist,B+D,thermal,none,cleaned/thermal_with_people/I03040.jpg,set04v001,none,3040,person,person,keep,none,none,none
kaist_set04v001_003041,kaist,B+D,thermal,none,cleaned/thermal_with_people/I03041.jpg,set04v001,none,3041,person,person,keep,none,none,none
kaist_set04v001_003042,kaist,B+D,thermal,none,cleaned/thermal_with_people/I03042.jpg,set04v001,none,3042,person,person,keep,none,none,none
kaist_set04v001_003043,kaist,B+D,thermal,none,cleaned/thermal_with_people/I03043.jpg,set04v001,none,3043,person,person,keep,none,none,none
kaist_set04v001_003044,kaist,B+D,thermal,none,cleaned/thermal_with_people/I03044.jpg,set04v001,none,3044,person,person,keep,none,none,none
kaist_set04v001_003045,kaist,B+D,thermal,none,cleaned/thermal_with_people/I03045.jpg,set04v001,none,3045,person,person,keep,none,none,none
kaist_set04v001_003046,kaist,B+D,thermal,none,cleaned/thermal_with_people/I03046.jpg,set04v001,none,3046,person,person,keep,none,none,none
kaist_set04v001_003047,kaist,B+D,thermal,none,cleaned/thermal_with_people/I03047.jpg,set04v001,none,3047,person,person,keep,none,none,none
kaist_set04v001_003048,kaist,B+D,thermal,none,cleaned/thermal_with_people/I03048.jpg,set04v001,none,3048,person,person,keep,none,none,none
kaist_set04v001_003049,kaist,B+D,thermal,none,cleaned/thermal_with_people/I03049.jpg,set04v001,none,3049,person,person,keep,none,none,none
kaist_set04v001_003050,kaist,B+D,thermal,none,cleaned/thermal_with_people/I03050.jpg,set04v001,none,3050,person,person,keep,none,none,none
kaist_set04v001_003051,kaist,B+D,thermal,none,cleaned/thermal_with_people/I03051.jpg,set04v001,none,3051,person,person,keep,none,none,none
kaist_set04v001_003052,kaist,B+D,thermal,none,cleaned/thermal_with_people/I03052.jpg,set04v001,none,3052,person,person,keep,none,none,none
kaist_set04v001_003053,kaist,B+D,thermal,none,cleaned/thermal_with_people/I03053.jpg,set04v001,none,3053,person,person,keep,none,none,none
kaist_set04v001_003054,kaist,B+D,thermal,none,cleaned/thermal_with_people/I03054.jpg,set04v001,none,3054,person,person,keep,none,none,none
kaist_set04v001_003055,kaist,B+D,thermal,none,cleaned/thermal_with_people/I03055.jpg,set04v001,none,3055,person,person,keep,none,none,none
kaist_set04v001_003056,kaist,B+D,thermal,none,cleaned/thermal_with_people/I03056.jpg,set04v001,none,3056,person,person,keep,none,none,none
kaist_set04v001_003057,kaist,B+D,thermal,none,cleaned/thermal_with_people/I03057.jpg,set04v001,none,3057,person,person,keep,none,none,none
kaist_set04v001_003058,kaist,B+D,thermal,none,cleaned/thermal_with_people/I03058.jpg,set04v001,none,3058,person,person,keep,none,none,none
kaist_set04v001_003059,kaist,B+D,thermal,none,cleaned/thermal_with_people/I03059.jpg,set04v001,none,3059,person,person,keep,none,none,none
kaist_set04v001_003060,kaist,B+D,thermal,none,cleaned/thermal_with_people/I03060.jpg,set04v001,none,3060,person,person,keep,none,none,none
kaist_set04v001_003061,kaist,B+D,thermal,none,cleaned/thermal_with_people/I03061.jpg,set04v001,none,3061,person,person,keep,none,none,none
kaist_set04v001_003062,kaist,B+D,thermal,none,cleaned/thermal_with_people/I03062.jpg,set04v001,none,3062,person,person,keep,none,none,none
kaist_set04v001_003063,kaist,B+D,thermal,none,cleaned/thermal_with_people/I03063.jpg,set04v001,none,3063,person,person,keep,none,none,none
kaist_set04v001_003064,kaist,B+D,thermal,none,cleaned/thermal_with_people/I03064.jpg,set04v001,none,3064,person,person,keep,none,none,none
kaist_set04v001_003065,kaist,B+D,thermal,none,cleaned/thermal_with_people/I03065.jpg,set04v001,none,3065,person,person,keep,none,none,none
kaist_set04v001_003066,kaist,B+D,thermal,none,cleaned/thermal_with_people/I03066.jpg,set04v001,none,3066,person,person,keep,none,none,none
kaist_set04v001_003067,kaist,B+D,thermal,none,cleaned/thermal_with_people/I03067.jpg,set04v001,none,3067,person,person,keep,none,none,none
kaist_set04v001_003068,kaist,B+D,thermal,none,cleaned/thermal_with_people/I03068.jpg,set04v001,none,3068,person,person,keep,none,none,none
kaist_set04v001_003069,kaist,B+D,thermal,none,images/set04/V001/lwir/I03069.jpg,set04v001,none,3069,none,none,exclude,E-NO-PERSON,none,No pedestrian in frame
kaist_set04v001_003070,kaist,B+D,thermal,none,images/set04/V001/lwir/I03070.jpg,set04v001,none,3070,none,none,exclude,E-NO-PERSON,none,No pedestrian in frame
kaist_set04v001_003071,kaist,B+D,thermal,none,images/set04/V001/lwir/I03071.jpg,set04v001,none,3071,none,none,exclude,E-NO-PERSON,none,No pedestrian in frame
kaist_set04v001_003072,kaist,B+D,thermal,none,images/set04/V001/lwir/I03072.jpg,set04v001,none,3072,none,none,exclude,E-NO-PERSON,none,No pedestrian in frame
kaist_set04v001_003073,kaist,B+D,thermal,none,images/set04/V001/lwir/I03073.jpg,set04v001,none,3073,none,none,exclude,E-NO-PERSON,none,No pedestrian in frame
kaist_set04v001_003074,kaist,B+D,thermal,none,images/set04/V001/lwir/I03074.jpg,set04v001,none,3074,none,none,exclude,E-NO-PERSON,none,No pedestrian in frame
kaist_set04v001_003075,kaist,B+D,thermal,none,images/set04/V001/lwir/I03075.jpg,set04v001,none,3075,none,none,exclude,E-NO-PERSON,none,No pedestrian in frame
kaist_set04v001_003076,kaist,B+D,thermal,none,images/set04/V001/lwir/I03076.jpg,set04v001,none,3076,none,none,exclude,E-NO-PERSON,none,No pedestrian in frame
kaist_set04v001_003077,kaist,B+D,thermal,none,images/set04/V001/lwir/I03077.jpg,set04v001,none,3077,none,none,exclude,E-NO-PERSON,none,No pedestrian in frame
kaist_set04v001_003078,kaist,B+D,thermal,none,images/set04/V001/lwir/I03078.jpg,set04v001,none,3078,none,none,exclude,E-NO-PERSON,none,No pedestrian in frame
kaist_set04v001_003079,kaist,B+D,thermal,none,images/set04/V001/lwir/I03079.jpg,set04v001,none,3079,none,none,exclude,E-NO-PERSON,none,No pedestrian in frame
kaist_set04v001_003080,kaist,B+D,thermal,none,images/set04/V001/lwir/I03080.jpg,set04v001,none,3080,none,none,exclude,E-NO-PERSON,none,No pedestrian in frame
kaist_set04v001_003081,kaist,B+D,thermal,none,images/set04/V001/lwir/I03081.jpg,set04v001,none,3081,none,none,exclude,E-NO-PERSON,none,No pedestrian in frame
kaist_set04v001_003082,kaist,B+D,thermal,none,images/set04/V001/lwir/I03082.jpg,set04v001,none,3082,none,none,exclude,E-NO-PERSON,none,No pedestrian in frame
kaist_set04v001_003083,kaist,B+D,thermal,none,images/set04/V001/lwir/I03083.jpg,set04v001,none,3083,none,none,exclude,E-NO-PERSON,none,No pedestrian in frame
kaist_set04v001_003084,kaist,B+D,thermal,none,images/set04/V001/lwir/I03084.jpg,set04v001,none,3084,none,none,exclude,E-NO-PERSON,none,No pedestrian in frame
kaist_set04v001_003085,kaist,B+D,thermal,none,images/set04/V001/lwir/I03085.jpg,set04v001,none,3085,none,none,exclude,E-NO-PERSON,none,No pedestrian in frame
kaist_set04v001_003086,kaist,B+D,thermal,none,images/set04/V001/lwir/I03086.jpg,set04v001,none,3086,none,none,exclude,E-NO-PERSON,none,No pedestrian in frame
kaist_set04v001_003087,kaist,B+D,thermal,none,images/set04/V001/lwir/I03087.jpg,set04v001,none,3087,none,none,exclude,E-NO-PERSON,none,No pedestrian in frame
kaist_set04v001_003088,kaist,B+D,thermal,none,images/set04/V001/lwir/I03088.jpg,set04v001,none,3088,none,none,exclude,E-NO-PERSON,none,No pedestrian in frame
kaist_set04v001_003089,kaist,B+D,thermal,none,images/set04/V001/lwir/I03089.jpg,set04v001,none,3089,none,none,exclude,E-NO-PERSON,none,No pedestrian in frame
kaist_set04v001_003090,kaist,B+D,thermal,none,images/set04/V001/lwir/I03090.jpg,set04v001,none,3090,none,none,exclude,E-NO-PERSON,none,No pedestrian in frame
kaist_set04v001_003091,kaist,B+D,thermal,none,images/set04/V001/lwir/I03091.jpg,set04v001,none,3091,none,none,exclude,E-NO-PERSON,none,No pedestrian in frame
kaist_set04v001_003092,kaist,B+D,thermal,none,images/set04/V001/lwir/I03092.jpg,set04v001,none,3092,none,none,exclude,E-NO-PERSON,none,No pedestrian in frame
kaist_set04v001_003093,kaist,B+D,thermal,none,images/set04/V001/lwir/I03093.jpg,set04v001,none,3093,none,none,exclude,E-NO-PERSON,none,No pedestrian in frame
kaist_set04v001_003094,kaist,B+D,thermal,none,images/set04/V001/lwir/I03094.jpg,set04v001,none,3094,none,none,exclude,E-NO-PERSON,none,No pedestrian in frame
kaist_set04v001_003095,kaist,B+D,thermal,none,images/set04/V001/lwir/I03095.jpg,set04v001,none,3095,none,none,exclude,E-NO-PERSON,none,No pedestrian in frame
kaist_set04v001_003096,kaist,B+D,thermal,none,images/set04/V001/lwir/I03096.jpg,set04v001,none,3096,none,none,exclude,E-NO-PERSON,none,No pedestrian in frame
kaist_set04v001_003097,kaist,B+D,thermal,none,images/set04/V001/lwir/I03097.jpg,set04v001,none,3097,none,none,exclude,E-NO-PERSON,none,No pedestrian in frame
kaist_set04v001_003098,kaist,B+D,thermal,none,images/set04/V001/lwir/I03098.jpg,set04v001,none,3098,none,none,exclude,E-NO-PERSON,none,No pedestrian in frame
kaist_set04v001_003099,kaist,B+D,thermal,none,images/set04/V001/lwir/I03099.jpg,set04v001,none,3099,none,none,exclude,E-NO-PERSON,none,No pedestrian in frame
kaist_set04v001_003100,kaist,B+D,thermal,none,images/set04/V001/lwir/I03100.jpg,set04v001,none,3100,none,none,exclude,E-NO-PERSON,none,No pedestrian in frame
kaist_set04v001_003101,kaist,B+D,thermal,none,images/set04/V001/lwir/I03101.jpg,set04v001,none,3101,none,none,exclude,E-NO-PERSON,none,No pedestrian in frame
kaist_set04v001_003102,kaist,B+D,thermal,none,images/set04/V001/lwir/I03102.jpg,set04v001,none,3102,none,none,exclude,E-NO-PERSON,none,No pedestrian in frame
kaist_set04v001_003103,kaist,B+D,thermal,none,images/set04/V001/lwir/I03103.jpg,set04v001,none,3103,none,none,exclude,E-NO-PERSON,none,No pedestrian in frame
kaist_set04v001_003104,kaist,B+D,thermal,none,images/set04/V001/lwir/I03104.jpg,set04v001,none,3104,none,none,exclude,E-NO-PERSON,none,No pedestrian in frame
kaist_set04v001_003105,kaist,B+D,thermal,none,images/set04/V001/lwir/I03105.jpg,set04v001,none,3105,none,none,exclude,E-NO-PERSON,none,No pedestrian in frame
kaist_set04v001_003106,kaist,B+D,thermal,none,images/set04/V001/lwir/I03106.jpg,set04v001,none,3106,none,none,exclude,E-NO-PERSON,none,No pedestrian in frame
kaist_set04v001_003107,kaist,B+D,thermal,none,images/set04/V001/lwir/I03107.jpg,set04v001,none,3107,none,none,exclude,E-NO-PERSON,none,No pedestrian in frame
kaist_set04v001_003108,kaist,B+D,thermal,none,images/set04/V001/lwir/I03108.jpg,set04v001,none,3108,none,none,exclude,E-NO-PERSON,none,No pedestrian in frame
kaist_set04v001_003109,kaist,B+D,thermal,none,images/set04/V001/lwir/I03109.jpg,set04v001,none,3109,none,none,exclude,E-NO-PERSON,none,No pedestrian in frame
kaist_set04v001_003110,kaist,B+D,thermal,none,images/set04/V001/lwir/I03110.jpg,set04v001,none,3110,none,none,exclude,E-NO-PERSON,none,No pedestrian in frame
kaist_set04v001_003111,kaist,B+D,thermal,none,images/set04/V001/lwir/I03111.jpg,set04v001,none,3111,none,none,exclude,E-NO-PERSON,none,No pedestrian in frame
kaist_set04v001_003112,kaist,B+D,thermal,none,images/set04/V001/lwir/I03112.jpg,set04v001,none,3112,none,none,exclude,E-NO-PERSON,none,No pedestrian in frame
kaist_set04v001_003113,kaist,B+D,thermal,none,images/set04/V001/lwir/I03113.jpg,set04v001,none,3113,none,none,exclude,E-NO-PERSON,none,No pedestrian in frame
kaist_set04v001_003114,kaist,B+D,thermal,none,images/set04/V001/lwir/I03114.jpg,set04v001,none,3114,none,none,exclude,E-NO-PERSON,none,No pedestrian in frame
kaist_set04v001_003115,kaist,B+D,thermal,none,images/set04/V001/lwir/I03115.jpg,set04v001,none,3115,none,none,exclude,E-NO-PERSON,none,No pedestrian in frame
kaist_set04v001_003116,kaist,B+D,thermal,none,images/set04/V001/lwir/I03116.jpg,set04v001,none,3116,none,none,exclude,E-NO-PERSON,none,No pedestrian in frame
kaist_set04v001_003117,kaist,B+D,thermal,none,images/set04/V001/lwir/I03117.jpg,set04v001,none,3117,none,none,exclude,E-NO-PERSON,none,No pedestrian in frame
kaist_set04v001_003118,kaist,B+D,thermal,none,images/set04/V001/lwir/I03118.jpg,set04v001,none,3118,none,none,exclude,E-NO-PERSON,none,No pedestrian in frame
kaist_set04v001_003119,kaist,B+D,thermal,none,images/set04/V001/lwir/I03119.jpg,set04v001,none,3119,none,none,exclude,E-NO-PERSON,none,No pedestrian in frame
kaist_set04v001_003120,kaist,B+D,thermal,none,images/set04/V001/lwir/I03120.jpg,set04v001,none,3120,none,none,exclude,E-NO-PERSON,none,No pedestrian in frame
kaist_set04v001_003121,kaist,B+D,thermal,none,images/set04/V001/lwir/I03121.jpg,set04v001,none,3121,none,none,exclude,E-NO-PERSON,none,No pedestrian in frame
kaist_set04v001_003122,kaist,B+D,thermal,none,images/set04/V001/lwir/I03122.jpg,set04v001,none,3122,none,none,exclude,E-NO-PERSON,none,No pedestrian in frame
kaist_set04v001_003123,kaist,B+D,thermal,none,images/set04/V001/lwir/I03123.jpg,set04v001,none,3123,none,none,exclude,E-NO-PERSON,none,No pedestrian in frame
kaist_set04v001_003124,kaist,B+D,thermal,none,images/set04/V001/lwir/I03124.jpg,set04v001,none,3124,none,none,exclude,E-NO-PERSON,none,No pedestrian in frame
kaist_set04v001_003125,kaist,B+D,thermal,none,images/set04/V001/lwir/I03125.jpg,set04v001,none,3125,none,none,exclude,E-NO-PERSON,none,No pedestrian in frame
kaist_set04v001_003126,kaist,B+D,thermal,none,images/set04/V001/lwir/I03126.jpg,set04v001,none,3126,none,none,exclude,E-NO-PERSON,none,No pedestrian in frame
kaist_set04v001_003127,kaist,B+D,thermal,none,images/set04/V001/lwir/I03127.jpg,set04v001,none,3127,none,none,exclude,E-NO-PERSON,none,No pedestrian in frame
kaist_set04v001_003128,kaist,B+D,thermal,none,images/set04/V001/lwir/I03128.jpg,set04v001,none,3128,none,none,exclude,E-NO-PERSON,none,No pedestrian in frame
kaist_set04v001_003129,kaist,B+D,thermal,none,images/set04/V001/lwir/I03129.jpg,set04v001,none,3129,none,none,exclude,E-NO-PERSON,none,No pedestrian in frame
kaist_set04v001_003130,kaist,B+D,thermal,none,images/set04/V001/lwir/I03130.jpg,set04v001,none,3130,none,none,exclude,E-NO-PERSON,none,No pedestrian in frame
kaist_set04v001_003131,kaist,B+D,thermal,none,images/set04/V001/lwir/I03131.jpg,set04v001,none,3131,none,none,exclude,E-NO-PERSON,none,No pedestrian in frame
kaist_set04v001_003132,kaist,B+D,thermal,none,images/set04/V001/lwir/I03132.jpg,set04v001,none,3132,none,none,exclude,E-NO-PERSON,none,No pedestrian in frame
kaist_set04v001_003133,kaist,B+D,thermal,none,images/set04/V001/lwir/I03133.jpg,set04v001,none,3133,none,none,exclude,E-NO-PERSON,none,No pedestrian in frame
kaist_set04v001_003134,kaist,B+D,thermal,none,images/set04/V001/lwir/I03134.jpg,set04v001,none,3134,none,none,exclude,E-NO-PERSON,none,No pedestrian in frame
kaist_set04v001_003135,kaist,B+D,thermal,none,images/set04/V001/lwir/I03135.jpg,set04v001,none,3135,none,none,exclude,E-NO-PERSON,none,No pedestrian in frame
kaist_set04v001_003136,kaist,B+D,thermal,none,images/set04/V001/lwir/I03136.jpg,set04v001,none,3136,none,none,exclude,E-NO-PERSON,none,No pedestrian in frame
kaist_set04v001_003137,kaist,B+D,thermal,none,images/set04/V001/lwir/I03137.jpg,set04v001,none,3137,none,none,exclude,E-NO-PERSON,none,No pedestrian in frame
kaist_set04v001_003138,kaist,B+D,thermal,none,images/set04/V001/lwir/I03138.jpg,set04v001,none,3138,none,none,exclude,E-NO-PERSON,none,No pedestrian in frame
kaist_set04v001_003139,kaist,B+D,thermal,none,images/set04/V001/lwir/I03139.jpg,set04v001,none,3139,none,none,exclude,E-NO-PERSON,none,No pedestrian in frame
kaist_set04v001_003140,kaist,B+D,thermal,none,images/set04/V001/lwir/I03140.jpg,set04v001,none,3140,none,none,exclude,E-NO-PERSON,none,No pedestrian in frame
kaist_set04v001_003141,kaist,B+D,thermal,none,images/set04/V001/lwir/I03141.jpg,set04v001,none,3141,none,none,exclude,E-NO-PERSON,none,No pedestrian in frame
kaist_set04v001_003142,kaist,B+D,thermal,none,images/set04/V001/lwir/I03142.jpg,set04v001,none,3142,none,none,exclude,E-NO-PERSON,none,No pedestrian in frame
kaist_set04v001_003143,kaist,B+D,thermal,none,images/set04/V001/lwir/I03143.jpg,set04v001,none,3143,none,none,exclude,E-NO-PERSON,none,No pedestrian in frame
kaist_set04v001_003144,kaist,B+D,thermal,none,images/set04/V001/lwir/I03144.jpg,set04v001,none,3144,none,none,exclude,E-NO-PERSON,none,No pedestrian in frame
kaist_set04v001_003145,kaist,B+D,thermal,none,images/set04/V001/lwir/I03145.jpg,set04v001,none,3145,none,none,exclude,E-NO-PERSON,none,No pedestrian in frame
kaist_set04v001_003146,kaist,B+D,thermal,none,images/set04/V001/lwir/I03146.jpg,set04v001,none,3146,none,none,exclude,E-NO-PERSON,none,No pedestrian in frame
kaist_set04v001_003147,kaist,B+D,thermal,none,images/set04/V001/lwir/I03147.jpg,set04v001,none,3147,none,none,exclude,E-NO-PERSON,none,No pedestrian in frame
kaist_set04v001_003148,kaist,B+D,thermal,none,images/set04/V001/lwir/I03148.jpg,set04v001,none,3148,none,none,exclude,E-NO-PERSON,none,No pedestrian in frame
kaist_set04v001_003149,kaist,B+D,thermal,none,images/set04/V001/lwir/I03149.jpg,set04v001,none,3149,none,none,exclude,E-NO-PERSON,none,No pedestrian in frame
kaist_set04v001_003150,kaist,B+D,thermal,none,images/set04/V001/lwir/I03150.jpg,set04v001,none,3150,none,none,exclude,E-NO-PERSON,none,No pedestrian in frame
kaist_set04v001_003151,kaist,B+D,thermal,none,images/set04/V001/lwir/I03151.jpg,set04v001,none,3151,none,none,exclude,E-NO-PERSON,none,No pedestrian in frame
kaist_set04v001_003152,kaist,B+D,thermal,none,images/set04/V001/lwir/I03152.jpg,set04v001,none,3152,none,none,exclude,E-NO-PERSON,none,No pedestrian in frame
kaist_set04v001_003153,kaist,B+D,thermal,none,images/set04/V001/lwir/I03153.jpg,set04v001,none,3153,none,none,exclude,E-NO-PERSON,none,No pedestrian in frame
kaist_set04v001_003154,kaist,B+D,thermal,none,images/set04/V001/lwir/I03154.jpg,set04v001,none,3154,none,none,exclude,E-NO-PERSON,none,No pedestrian in frame
kaist_set04v001_003155,kaist,B+D,thermal,none,images/set04/V001/lwir/I03155.jpg,set04v001,none,3155,none,none,exclude,E-NO-PERSON,none,No pedestrian in frame
kaist_set04v001_003156,kaist,B+D,thermal,none,images/set04/V001/lwir/I03156.jpg,set04v001,none,3156,none,none,exclude,E-NO-PERSON,none,No pedestrian in frame
kaist_set04v001_003157,kaist,B+D,thermal,none,images/set04/V001/lwir/I03157.jpg,set04v001,none,3157,none,none,exclude,E-NO-PERSON,none,No pedestrian in frame
kaist_set04v001_003158,kaist,B+D,thermal,none,images/set04/V001/lwir/I03158.jpg,set04v001,none,3158,none,none,exclude,E-NO-PERSON,none,No pedestrian in frame
kaist_set04v001_003159,kaist,B+D,thermal,none,images/set04/V001/lwir/I03159.jpg,set04v001,none,3159,none,none,exclude,E-NO-PERSON,none,No pedestrian in frame
kaist_set04v001_003160,kaist,B+D,thermal,none,images/set04/V001/lwir/I03160.jpg,set04v001,none,3160,none,none,exclude,E-NO-PERSON,none,No pedestrian in frame
kaist_set04v001_003161,kaist,B+D,thermal,none,images/set04/V001/lwir/I03161.jpg,set04v001,none,3161,none,none,exclude,E-NO-PERSON,none,No pedestrian in frame
kaist_set04v001_003162,kaist,B+D,thermal,none,images/set04/V001/lwir/I03162.jpg,set04v001,none,3162,none,none,exclude,E-NO-PERSON,none,No pedestrian in frame
kaist_set04v001_003163,kaist,B+D,thermal,none,images/set04/V001/lwir/I03163.jpg,set04v001,none,3163,none,none,exclude,E-NO-PERSON,none,No pedestrian in frame
kaist_set04v001_003164,kaist,B+D,thermal,none,images/set04/V001/lwir/I03164.jpg,set04v001,none,3164,none,none,exclude,E-NO-PERSON,none,No pedestrian in frame
kaist_set04v001_003165,kaist,B+D,thermal,none,images/set04/V001/lwir/I03165.jpg,set04v001,none,3165,none,none,exclude,E-NO-PERSON,none,No pedestrian in frame
kaist_set04v001_003166,kaist,B+D,thermal,none,images/set04/V001/lwir/I03166.jpg,set04v001,none,3166,none,none,exclude,E-NO-PERSON,none,No pedestrian in frame
kaist_set04v001_003167,kaist,B+D,thermal,none,images/set04/V001/lwir/I03167.jpg,set04v001,none,3167,none,none,exclude,E-NO-PERSON,none,No pedestrian in frame
kaist_set04v001_003168,kaist,B+D,thermal,none,images/set04/V001/lwir/I03168.jpg,set04v001,none,3168,none,none,exclude,E-NO-PERSON,none,No pedestrian in frame
kaist_set04v001_003169,kaist,B+D,thermal,none,images/set04/V001/lwir/I03169.jpg,set04v001,none,3169,none,none,exclude,E-NO-PERSON,none,No pedestrian in frame
kaist_set04v001_003170,kaist,B+D,thermal,none,images/set04/V001/lwir/I03170.jpg,set04v001,none,3170,none,none,exclude,E-NO-PERSON,none,No pedestrian in frame
kaist_set04v001_003171,kaist,B+D,thermal,none,images/set04/V001/lwir/I03171.jpg,set04v001,none,3171,none,none,exclude,E-NO-PERSON,none,No pedestrian in frame
kaist_set04v001_003172,kaist,B+D,thermal,none,images/set04/V001/lwir/I03172.jpg,set04v001,none,3172,none,none,exclude,E-NO-PERSON,none,No pedestrian in frame
kaist_set04v001_003173,kaist,B+D,thermal,none,images/set04/V001/lwir/I03173.jpg,set04v001,none,3173,none,none,exclude,E-NO-PERSON,none,No pedestrian in frame
kaist_set04v001_003174,kaist,B+D,thermal,none,images/set04/V001/lwir/I03174.jpg,set04v001,none,3174,none,none,exclude,E-NO-PERSON,none,No pedestrian in frame
kaist_set04v001_003175,kaist,B+D,thermal,none,images/set04/V001/lwir/I03175.jpg,set04v001,none,3175,none,none,exclude,E-NO-PERSON,none,No pedestrian in frame
kaist_set04v001_003176,kaist,B+D,thermal,none,images/set04/V001/lwir/I03176.jpg,set04v001,none,3176,none,none,exclude,E-NO-PERSON,none,No pedestrian in frame
kaist_set04v001_003177,kaist,B+D,thermal,none,images/set04/V001/lwir/I03177.jpg,set04v001,none,3177,none,none,exclude,E-NO-PERSON,none,No pedestrian in frame
kaist_set04v001_003178,kaist,B+D,thermal,none,images/set04/V001/lwir/I03178.jpg,set04v001,none,3178,none,none,exclude,E-NO-PERSON,none,No pedestrian in frame
kaist_set04v001_003179,kaist,B+D,thermal,none,images/set04/V001/lwir/I03179.jpg,set04v001,none,3179,none,none,exclude,E-NO-PERSON,none,No pedestrian in frame
kaist_set04v001_003180,kaist,B+D,thermal,none,images/set04/V001/lwir/I03180.jpg,set04v001,none,3180,none,none,exclude,E-NO-PERSON,none,No pedestrian in frame
kaist_set04v001_003181,kaist,B+D,thermal,none,images/set04/V001/lwir/I03181.jpg,set04v001,none,3181,none,none,exclude,E-NO-PERSON,none,No pedestrian in frame
kaist_set04v001_003182,kaist,B+D,thermal,none,images/set04/V001/lwir/I03182.jpg,set04v001,none,3182,none,none,exclude,E-NO-PERSON,none,No pedestrian in frame
kaist_set04v001_003183,kaist,B+D,thermal,none,images/set04/V001/lwir/I03183.jpg,set04v001,none,3183,none,none,exclude,E-NO-PERSON,none,No pedestrian in frame
kaist_set04v001_003184,kaist,B+D,thermal,none,images/set04/V001/lwir/I03184.jpg,set04v001,none,3184,none,none,exclude,E-NO-PERSON,none,No pedestrian in frame
kaist_set04v001_003185,kaist,B+D,thermal,none,images/set04/V001/lwir/I03185.jpg,set04v001,none,3185,none,none,exclude,E-NO-PERSON,none,No pedestrian in frame
kaist_set04v001_003186,kaist,B+D,thermal,none,images/set04/V001/lwir/I03186.jpg,set04v001,none,3186,none,none,exclude,E-NO-PERSON,none,No pedestrian in frame
kaist_set04v001_003187,kaist,B+D,thermal,none,images/set04/V001/lwir/I03187.jpg,set04v001,none,3187,none,none,exclude,E-NO-PERSON,none,No pedestrian in frame
kaist_set04v001_003188,kaist,B+D,thermal,none,images/set04/V001/lwir/I03188.jpg,set04v001,none,3188,none,none,exclude,E-NO-PERSON,none,No pedestrian in frame
kaist_set04v001_003189,kaist,B+D,thermal,none,images/set04/V001/lwir/I03189.jpg,set04v001,none,3189,none,none,exclude,E-NO-PERSON,none,No pedestrian in frame
kaist_set04v001_003190,kaist,B+D,thermal,none,images/set04/V001/lwir/I03190.jpg,set04v001,none,3190,none,none,exclude,E-NO-PERSON,none,No pedestrian in frame
kaist_set04v001_003191,kaist,B+D,thermal,none,images/set04/V001/lwir/I03191.jpg,set04v001,none,3191,none,none,exclude,E-NO-PERSON,none,No pedestrian in frame
kaist_set04v001_003192,kaist,B+D,thermal,none,images/set04/V001/lwir/I03192.jpg,set04v001,none,3192,none,none,exclude,E-NO-PERSON,none,No pedestrian in frame
kaist_set04v001_003193,kaist,B+D,thermal,none,images/set04/V001/lwir/I03193.jpg,set04v001,none,3193,none,none,exclude,E-NO-PERSON,none,No pedestrian in frame
kaist_set04v001_003194,kaist,B+D,thermal,none,images/set04/V001/lwir/I03194.jpg,set04v001,none,3194,none,none,exclude,E-NO-PERSON,none,No pedestrian in frame
kaist_set04v001_003195,kaist,B+D,thermal,none,images/set04/V001/lwir/I03195.jpg,set04v001,none,3195,none,none,exclude,E-NO-PERSON,none,No pedestrian in frame
kaist_set04v001_003196,kaist,B+D,thermal,none,images/set04/V001/lwir/I03196.jpg,set04v001,none,3196,none,none,exclude,E-NO-PERSON,none,No pedestrian in frame
kaist_set04v001_003197,kaist,B+D,thermal,none,images/set04/V001/lwir/I03197.jpg,set04v001,none,3197,none,none,exclude,E-NO-PERSON,none,No pedestrian in frame
kaist_set04v001_003198,kaist,B+D,thermal,none,images/set04/V001/lwir/I03198.jpg,set04v001,none,3198,none,none,exclude,E-NO-PERSON,none,No pedestrian in frame
kaist_set04v001_003199,kaist,B+D,thermal,none,images/set04/V001/lwir/I03199.jpg,set04v001,none,3199,none,none,exclude,E-NO-PERSON,none,No pedestrian in frame
