frame,track_id,x1,y1,x2,y2,center_x,center_y,width,height,confidence
1,1,1626.0,79.0,1883.0,723.0,1754.5,401.0,257.0,644.0,0.9448456168174744
1,2,638.0,10.0,912.0,751.0,775.0,380.5,274.0,741.0,0.9406605362892151
1,3,1345.0,218.0,1471.0,571.0,1408.0,394.5,126.0,353.0,0.9159100651741028
1,4,254.0,0.0,585.0,887.0,419.5,443.5,331.0,887.0,0.9015083909034729
1,5,1451.0,171.0,1586.0,572.0,1518.5,371.5,135.0,401.0,0.9010191559791565
1,6,493.0,76.0,674.0,665.0,583.5,370.5,181.0,589.0,0.875224232673645
1,7,1559.0,144.0,1749.0,700.0,1654.0,422.0,190.0,556.0,0.870230495929718
1,8,220.0,0.0,442.0,668.0,331.0,334.0,222.0,668.0,0.8541712760925293
1,9,1746.0,69.0,1920.0,687.0,1833.0,378.0,174.0,618.0,0.8240909576416016
1,10,0.0,28.0,71.0,704.0,35.5,366.0,71.0,676.0,0.5447236895561218
1,11,1841.0,78.0,1920.0,727.0,1880.5,402.5,79.0,649.0,0.3542351722717285
2,1,1626.0,77.0,1885.0,720.0,1755.5,398.5,259.0,643.0,0.9466469287872314
2,2,641.0,10.0,915.0,753.0,778.0,381.5,274.0,743.0,0.9456973075866699
2,3,1345.0,218.0,1469.0,571.0,1407.0,394.5,124.0,353.0,0.9177395701408386
2,4,259.0,0.0,584.0,883.0,421.5,441.5,325.0,883.0,0.9019516110420227
2,5,1451.0,171.0,1587.0,572.0,1519.0,371.5,136.0,401.0,0.9015970826148987
2,6,500.0,80.0,667.0,662.0,583.5,371.0,167.0,582.0,0.8864826560020447
2,7,1556.0,141.0,1748.0,700.0,1652.0,420.5,192.0,559.0,0.8750374913215637
2,8,222.0,0.0,443.0,670.0,332.5,335.0,221.0,670.0,0.8503888249397278
2,9,1748.0,69.0,1920.0,687.0,1834.0,378.0,172.0,618.0,0.8272024989128113
2,10,0.0,38.0,71.0,702.0,35.5,370.0,71.0,664.0,0.5566332936286926
3,1,1627.0,76.0,1886.0,720.0,1756.5,398.0,259.0,644.0,0.9509249925613403
3,2,643.0,10.0,917.0,753.0,780.0,381.5,274.0,743.0,0.9464516639709473
3,3,1345.0,218.0,1470.0,571.0,1407.5,394.5,125.0,353.0,0.9183720946311951
3,5,1451.0,170.0,1587.0,572.0,1519.0,371.0,136.0,402.0,0.8998829126358032
3,4,263.0,0.0,591.0,885.0,427.0,442.5,328.0,885.0,0.8898295760154724
3,6,502.0,79.0,667.0,664.0,584.5,371.5,165.0,585.0,0.8854999542236328
3,7,1555.0,139.0,1747.0,699.0,1651.0,419.0,192.0,560.0,0.8815305829048157
3,8,224.0,0.0,439.0,672.0,331.5,336.0,215.0,672.0,0.8421825766563416
3,9,1763.0,68.0,1920.0,689.0,1841.5,378.5,157.0,621.0,0.8401269316673279
3,10,0.0,11.0,76.0,701.0,38.0,356.0,76.0,690.0,0.6841504573822021
4,1,1626.0,74.0,1886.0,720.0,1756.0,397.0,260.0,646.0,0.9531221985816956
4,2,646.0,10.0,918.0,754.0,782.0,382.0,272.0,744.0,0.9502872824668884
4,3,1344.0,221.0,1468.0,572.0,1406.0,396.5,124.0,351.0,0.917869508266449
4,5,1450.0,170.0,1586.0,573.0,1518.0,371.5,136.0,403.0,0.9005865454673767
4,4,270.0,0.0,588.0,885.0,429.0,442.5,318.0,885.0,0.8952202796936035
4,6,505.0,80.0,666.0,666.0,585.5,373.0,161.0,586.0,0.8852899670600891
4,7,1553.0,138.0,1745.0,698.0,1649.0,418.0,192.0,560.0,0.8846298456192017
4,9,1768.0,69.0,1920.0,689.0,1844.0,379.0,152.0,620.0,0.8519962430000305
4,8,226.0,12.0,438.0,677.0,332.0,344.5,212.0,665.0,0.8270696401596069
4,10,0.0,3.0,75.0,701.0,37.5,352.0,75.0,698.0,0.6566628217697144
5,2,646.0,2.0,915.0,753.0,780.5,377.5,269.0,751.0,0.9557942748069763
5,1,1627.0,73.0,1888.0,721.0,1757.5,397.0,261.0,648.0,0.9545213580131531
5,3,1343.0,221.0,1467.0,573.0,1405.0,397.0,124.0,352.0,0.9190143942832947
5,5,1451.0,169.0,1586.0,573.0,1518.5,371.0,135.0,404.0,0.9032062292098999
5,4,273.0,0.0,588.0,883.0,430.5,441.5,315.0,883.0,0.896821916103363
5,7,1553.0,137.0,1744.0,698.0,1648.5,417.5,191.0,561.0,0.8858539462089539
5,6,505.0,80.0,666.0,668.0,585.5,374.0,161.0,588.0,0.8746501207351685
5,9,1771.0,69.0,1920.0,686.0,1845.5,377.5,149.0,617.0,0.8563181161880493
5,8,230.0,22.0,437.0,678.0,333.5,350.0,207.0,656.0,0.8289547562599182
5,10,0.0,76.0,70.0,699.0,35.0,387.5,70.0,623.0,0.6507993936538696
6,2,648.0,1.0,917.0,754.0,782.5,377.5,269.0,753.0,0.9567347764968872
6,1,1627.0,71.0,1888.0,721.0,1757.5,396.0,261.0,650.0,0.9526918530464172
6,3,1343.0,223.0,1466.0,574.0,1404.5,398.5,123.0,351.0,0.9194050431251526
6,5,1452.0,168.0,1586.0,574.0,1519.0,371.0,134.0,406.0,0.9024555683135986
6,7,1551.0,137.0,1742.0,698.0,1646.5,417.5,191.0,561.0,0.8902513980865479
6,4,261.0,0.0,580.0,879.0,420.5,439.5,319.0,879.0,0.8855882883071899
6,6,506.0,81.0,666.0,669.0,586.0,375.0,160.0,588.0,0.8777520060539246
6,9,1780.0,73.0,1920.0,685.0,1850.0,379.0,140.0,612.0,0.8604798316955566
6,8,229.0,19.0,439.0,682.0,334.0,350.5,210.0,663.0,0.8332778811454773
6,10,0.0,112.0,71.0,695.0,35.5,403.5,71.0,583.0,0.7742300033569336
7,2,649.0,0.0,919.0,754.0,784.0,377.0,270.0,754.0,0.9577778577804565
7,1,1628.0,69.0,1888.0,722.0,1758.0,395.5,260.0,653.0,0.9510345458984375
7,3,1341.0,223.0,1465.0,574.0,1403.0,398.5,124.0,351.0,0.9181426167488098
7,5,1452.0,166.0,1586.0,574.0,1519.0,370.0,134.0,408.0,0.9033053517341614
7,7,1550.0,137.0,1741.0,699.0,1645.5,418.0,191.0,562.0,0.8890259861946106
7,4,260.0,0.0,585.0,881.0,422.5,440.5,325.0,881.0,0.8855529427528381
7,6,505.0,82.0,667.0,670.0,586.0,376.0,162.0,588.0,0.8733866810798645
7,10,0.0,127.0,74.0,693.0,37.0,410.0,74.0,566.0,0.8482188582420349
7,9,1775.0,74.0,1920.0,685.0,1847.5,379.5,145.0,611.0,0.8326689600944519
7,8,224.0,22.0,438.0,676.0,331.0,349.0,214.0,654.0,0.8162446618080139
8,2,650.0,0.0,924.0,756.0,787.0,378.0,274.0,756.0,0.9588572382926941
8,1,1627.0,68.0,1888.0,721.0,1757.5,394.5,261.0,653.0,0.9497992396354675
8,3,1340.0,224.0,1465.0,574.0,1402.5,399.0,125.0,350.0,0.9161932468414307
8,5,1452.0,164.0,1587.0,574.0,1519.5,369.0,135.0,410.0,0.9050870537757874
8,4,247.0,0.0,583.0,873.0,415.0,436.5,336.0,873.0,0.8995328545570374
8,7,1548.0,137.0,1740.0,699.0,1644.0,418.0,192.0,562.0,0.8860262632369995
8,6,505.0,83.0,667.0,668.0,586.0,375.5,162.0,585.0,0.8731556534767151
8,10,0.0,128.0,74.0,692.0,37.0,410.0,74.0,564.0,0.8664292097091675
8,9,1781.0,74.0,1920.0,688.0,1850.5,381.0,139.0,614.0,0.8336319923400879
8,8,211.0,34.0,435.0,679.0,323.0,356.5,224.0,645.0,0.7790284156799316
9,2,652.0,0.0,927.0,757.0,789.5,378.5,275.0,757.0,0.9588471055030823
9,1,1627.0,67.0,1889.0,720.0,1758.0,393.5,262.0,653.0,0.9498656988143921
9,3,1340.0,225.0,1464.0,575.0,1402.0,400.0,124.0,350.0,0.9160556197166443
9,5,1451.0,161.0,1588.0,574.0,1519.5,367.5,137.0,413.0,0.9088313579559326
9,4,253.0,0.0,581.0,863.0,417.0,431.5,328.0,863.0,0.8926870822906494
9,7,1547.0,137.0,1738.0,699.0,1642.5,418.0,191.0,562.0,0.8808589577674866
9,10,0.0,127.0,78.0,690.0,39.0,408.5,78.0,563.0,0.877834141254425
9,6,505.0,85.0,667.0,664.0,586.0,374.5,162.0,579.0,0.8762731552124023
9,9,1786.0,75.0,1920.0,690.0,1853.0,382.5,134.0,615.0,0.8362994194030762
9,8,188.0,26.0,434.0,677.0,311.0,351.5,246.0,651.0,0.7201855778694153
10,2,652.0,0.0,930.0,758.0,791.0,379.0,278.0,758.0,0.9597988724708557
10,1,1627.0,65.0,1889.0,719.0,1758.0,392.0,262.0,654.0,0.9493862390518188
10,3,1339.0,224.0,1463.0,575.0,1401.0,399.5,124.0,351.0,0.9158467054367065
10,5,1451.0,159.0,1588.0,574.0,1519.5,366.5,137.0,415.0,0.9088713526725769
10,10,0.0,125.0,85.0,689.0,42.5,407.0,85.0,564.0,0.8868982195854187
10,4,243.0,0.0,582.0,866.0,412.5,433.0,339.0,866.0,0.8839324116706848
10,7,1547.0,137.0,1736.0,699.0,1641.5,418.0,189.0,562.0,0.879311203956604
10,6,505.0,86.0,667.0,664.0,586.0,375.0,162.0,578.0,0.8750820755958557
10,9,1786.0,73.0,1920.0,695.0,1853.0,384.0,134.0,622.0,0.8568860292434692
10,8,176.0,26.0,438.0,678.0,307.0,352.0,262.0,652.0,0.6689425110816956
11,2,651.0,0.0,932.0,760.0,791.5,380.0,281.0,760.0,0.960501492023468
11,1,1626.0,65.0,1888.0,718.0,1757.0,391.5,262.0,653.0,0.9503463506698608
11,3,1336.0,223.0,1461.0,575.0,1398.5,399.0,125.0,352.0,0.9142822027206421
11,5,1450.0,157.0,1587.0,575.0,1518.5,366.0,137.0,418.0,0.9114091396331787
11,10,0.0,124.0,91.0,688.0,45.5,406.0,91.0,564.0,0.8984968662261963
11,4,243.0,0.0,584.0,855.0,413.5,427.5,341.0,855.0,0.8887766003608704
11,6,504.0,87.0,666.0,665.0,585.0,376.0,162.0,578.0,0.8825663924217224
11,7,1546.0,136.0,1736.0,699.0,1641.0,417.5,190.0,563.0,0.8762543201446533
11,9,1786.0,74.0,1920.0,695.0,1853.0,384.5,134.0,621.0,0.86423259973526
11,8,156.0,40.0,406.0,692.0,281.0,366.0,250.0,652.0,0.7050808072090149
12,2,652.0,0.0,933.0,761.0,792.5,380.5,281.0,761.0,0.9606592059135437
12,1,1625.0,67.0,1889.0,719.0,1757.0,393.0,264.0,652.0,0.9522373080253601
12,5,1450.0,156.0,1587.0,574.0,1518.5,365.0,137.0,418.0,0.9132181406021118
12,3,1335.0,222.0,1460.0,575.0,1397.5,398.5,125.0,353.0,0.9079117774963379
12,10,0.0,123.0,98.0,687.0,49.0,405.0,98.0,564.0,0.9011351466178894
12,4,249.0,0.0,583.0,859.0,416.0,429.5,334.0,859.0,0.889997661113739
12,6,501.0,86.0,666.0,668.0,583.5,377.0,165.0,582.0,0.8826853632926941
12,7,1545.0,136.0,1737.0,699.0,1641.0,417.5,192.0,563.0,0.8727282285690308
12,9,1781.0,103.0,1920.0,694.0,1850.5,398.5,139.0,591.0,0.8394269943237305
12,8,147.0,39.0,400.0,699.0,273.5,369.0,253.0,660.0,0.7450607419013977
13,2,652.0,0.0,936.0,761.0,794.0,380.5,284.0,761.0,0.962532103061676
13,1,1625.0,71.0,1889.0,719.0,1757.0,395.0,264.0,648.0,0.9528244733810425
13,5,1451.0,155.0,1587.0,574.0,1519.0,364.5,136.0,419.0,0.9144611954689026
13,3,1334.0,221.0,1460.0,575.0,1397.0,398.0,126.0,354.0,0.9059424996376038
13,10,0.0,123.0,108.0,686.0,54.0,404.5,108.0,563.0,0.9017349481582642
13,4,249.0,0.0,584.0,864.0,416.5,432.0,335.0,864.0,0.8950192928314209
13,6,501.0,87.0,667.0,668.0,584.0,377.5,166.0,581.0,0.8834935426712036
13,7,1545.0,136.0,1736.0,699.0,1640.5,417.5,191.0,563.0,0.8696165084838867
13,9,1784.0,129.0,1920.0,689.0,1852.0,409.0,136.0,560.0,0.8494351506233215
13,8,149.0,133.0,378.0,693.0,263.5,413.0,229.0,560.0,0.7656423449516296
13,12,381.0,89.0,628.0,704.0,504.5,396.5,247.0,615.0,0.35487934947013855
14,2,654.0,0.0,940.0,760.0,797.0,380.0,286.0,760.0,0.9636672735214233
14,1,1626.0,73.0,1890.0,718.0,1758.0,395.5,264.0,645.0,0.9528184533119202
14,5,1451.0,154.0,1586.0,575.0,1518.5,364.5,135.0,421.0,0.9140450358390808
14,3,1333.0,217.0,1460.0,577.0,1396.5,397.0,127.0,360.0,0.9055774211883545
14,10,0.0,121.0,119.0,690.0,59.5,405.5,119.0,569.0,0.9047219753265381
14,4,252.0,0.0,585.0,870.0,418.5,435.0,333.0,870.0,0.8899208307266235
14,6,504.0,87.0,669.0,670.0,586.5,378.5,165.0,583.0,0.8838725686073303
14,8,141.0,163.0,361.0,693.0,251.0,428.0,220.0,530.0,0.8738704919815063
14,7,1545.0,135.0,1736.0,699.0,1640.5,417.0,191.0,564.0,0.8648568987846375
14,9,1790.0,133.0,1920.0,693.0,1855.0,413.0,130.0,560.0,0.838805079460144
14,12,383.0,89.0,634.0,705.0,508.5,397.0,251.0,616.0,0.3212117850780487
15,2,654.0,0.0,942.0,759.0,798.0,379.5,288.0,759.0,0.9646201729774475
15,1,1625.0,77.0,1889.0,718.0,1757.0,397.5,264.0,641.0,0.9543104767799377
15,10,0.0,126.0,129.0,685.0,64.5,405.5,129.0,559.0,0.9212523102760315
15,5,1451.0,153.0,1585.0,575.0,1518.0,364.0,134.0,422.0,0.9137347936630249
15,3,1332.0,215.0,1459.0,577.0,1395.5,396.0,127.0,362.0,0.9051499366760254
15,8,137.0,161.0,356.0,695.0,246.5,428.0,219.0,534.0,0.895005464553833
15,4,254.0,0.0,585.0,879.0,419.5,439.5,331.0,879.0,0.8900112509727478
15,6,507.0,86.0,670.0,671.0,588.5,378.5,163.0,585.0,0.8849236965179443
15,7,1545.0,136.0,1734.0,700.0,1639.5,418.0,189.0,564.0,0.8586540818214417
15,9,1801.0,136.0,1920.0,693.0,1860.5,414.5,119.0,557.0,0.8381320238113403
15,12,390.0,86.0,639.0,702.0,514.5,394.0,249.0,616.0,0.2782087028026581
16,2,654.0,0.0,942.0,759.0,798.0,379.5,288.0,759.0,0.9646379351615906
16,1,1624.0,79.0,1889.0,718.0,1756.5,398.5,265.0,639.0,0.956866979598999
16,10,0.0,127.0,138.0,688.0,69.0,407.5,138.0,561.0,0.9290342926979065
16,5,1450.0,155.0,1582.0,575.0,1516.0,365.0,132.0,420.0,0.9149861931800842
16,3,1331.0,213.0,1458.0,577.0,1394.5,395.0,127.0,364.0,0.9050281047821045
16,8,133.0,162.0,366.0,695.0,249.5,428.5,233.0,533.0,0.8969452381134033
16,4,255.0,0.0,586.0,875.0,420.5,437.5,331.0,875.0,0.8931894898414612
16,6,505.0,85.0,672.0,672.0,588.5,378.5,167.0,587.0,0.8849306702613831
16,7,1544.0,137.0,1732.0,700.0,1638.0,418.5,188.0,563.0,0.8575104475021362
16,9,1790.0,131.0,1920.0,687.0,1855.0,409.0,130.0,556.0,0.7922724485397339
17,2,654.0,0.0,941.0,758.0,797.5,379.0,287.0,758.0,0.964593231678009
17,1,1624.0,81.0,1889.0,718.0,1756.5,399.5,265.0,637.0,0.9557088017463684
17,10,0.0,126.0,149.0,687.0,74.5,406.5,149.0,561.0,0.9344918727874756
17,5,1448.0,157.0,1580.0,575.0,1514.0,366.0,132.0,418.0,0.9136566519737244
17,4,252.0,0.0,586.0,873.0,419.0,436.5,334.0,873.0,0.907747745513916
17,3,1329.0,212.0,1456.0,578.0,1392.5,395.0,127.0,366.0,0.9027155041694641
17,6,505.0,84.0,672.0,672.0,588.5,378.0,167.0,588.0,0.8852840662002563
17,8,127.0,159.0,370.0,695.0,248.5,427.0,243.0,536.0,0.8843634128570557
17,7,1543.0,137.0,1732.0,700.0,1637.5,418.5,189.0,563.0,0.8571062684059143
17,9,1801.0,135.0,1920.0,692.0,1860.5,413.5,119.0,557.0,0.8381898403167725
18,2,654.0,0.0,942.0,757.0,798.0,378.5,288.0,757.0,0.9640709161758423
18,1,1622.0,82.0,1888.0,717.0,1755.0,399.5,266.0,635.0,0.9561942219734192
18,10,0.0,127.0,165.0,684.0,82.5,405.5,165.0,557.0,0.9250475168228149
18,5,1446.0,160.0,1579.0,574.0,1512.5,367.0,133.0,414.0,0.9157972931861877
18,4,255.0,0.0,589.0,863.0,422.0,431.5,334.0,863.0,0.9013281464576721
18,3,1328.0,209.0,1456.0,579.0,1392.0,394.0,128.0,370.0,0.900419294834137
18,6,504.0,82.0,671.0,670.0,587.5,376.0,167.0,588.0,0.887488842010498
18,7,1542.0,138.0,1730.0,698.0,1636.0,418.0,188.0,560.0,0.8620302677154541
18,9,1801.0,135.0,1920.0,692.0,1860.5,413.5,119.0,557.0,0.8544244170188904
18,8,129.0,158.0,358.0,696.0,243.5,427.0,229.0,538.0,0.8521905541419983
18,13,1737.0,124.0,1890.0,603.0,1813.5,363.5,153.0,479.0,0.4469781517982483
19,2,653.0,0.0,942.0,760.0,797.5,380.0,289.0,760.0,0.9622794985771179
19,1,1620.0,84.0,1886.0,716.0,1753.0,400.0,266.0,632.0,0.9550871849060059
19,5,1445.0,163.0,1577.0,574.0,1511.0,368.5,132.0,411.0,0.9175538420677185
19,10,0.0,131.0,178.0,680.0,89.0,405.5,178.0,549.0,0.9158066511154175
19,4,249.0,0.0,598.0,868.0,423.5,434.0,349.0,868.0,0.9089826941490173
19,8,131.0,157.0,359.0,696.0,245.0,426.5,228.0,539.0,0.8991219401359558
19,3,1326.0,208.0,1456.0,579.0,1391.0,393.5,130.0,371.0,0.8984987139701843
19,6,501.0,82.0,673.0,670.0,587.0,376.0,172.0,588.0,0.8814170360565186
19,7,1541.0,139.0,1730.0,699.0,1635.5,419.0,189.0,560.0,0.85845947265625
19,9,1801.0,134.0,1920.0,692.0,1860.5,413.0,119.0,558.0,0.8471428155899048
19,13,1737.0,123.0,1890.0,604.0,1813.5,363.5,153.0,481.0,0.5473823547363281
20,2,654.0,0.0,943.0,761.0,798.5,380.5,289.0,761.0,0.9616520404815674
20,1,1619.0,83.0,1884.0,715.0,1751.5,399.0,265.0,632.0,0.9525774121284485
20,10,0.0,132.0,188.0,681.0,94.0,406.5,188.0,549.0,0.918861448764801
20,5,1443.0,165.0,1576.0,575.0,1509.5,370.0,133.0,410.0,0.9173761010169983
20,4,248.0,0.0,601.0,868.0,424.5,434.0,353.0,868.0,0.912824273109436
20,3,1326.0,206.0,1456.0,579.0,1391.0,392.5,130.0,373.0,0.8983443379402161
20,6,500.0,81.0,676.0,670.0,588.0,375.5,176.0,589.0,0.8825392127037048
20,8,130.0,159.0,355.0,696.0,242.5,427.5,225.0,537.0,0.8675981163978577
20,9,1808.0,135.0,1920.0,693.0,1864.0,414.0,112.0,558.0,0.8646749258041382
20,7,1542.0,140.0,1731.0,702.0,1636.5,421.0,189.0,562.0,0.8556501269340515
20,13,1738.0,137.0,1894.0,611.0,1816.0,374.0,156.0,474.0,0.7783447504043579
20,14,0.0,113.0,58.0,668.0,29.0,390.5,58.0,555.0,0.5714029669761658
20,15,234.0,132.0,404.0,680.0,319.0,406.0,170.0,548.0,0.5448947548866272
21,2,654.0,0.0,942.0,762.0,798.0,381.0,288.0,762.0,0.9609359502792358
21,1,1618.0,84.0,1882.0,718.0,1750.0,401.0,264.0,634.0,0.950490415096283
21,4,248.0,0.0,605.0,869.0,426.5,434.5,357.0,869.0,0.9179040193557739
21,5,1441.0,167.0,1575.0,576.0,1508.0,371.5,134.0,409.0,0.9170117378234863
21,3,1325.0,207.0,1456.0,579.0,1390.5,393.0,131.0,372.0,0.8980314135551453
21,6,499.0,80.0,676.0,670.0,587.5,375.0,177.0,590.0,0.8860486149787903
21,10,0.0,134.0,195.0,680.0,97.5,407.0,195.0,546.0,0.8808354139328003
21,7,1541.0,141.0,1730.0,703.0,1635.5,422.0,189.0,562.0,0.853961169719696
21,9,1817.0,130.0,1920.0,692.0,1868.5,411.0,103.0,562.0,0.8529812097549438
21,8,120.0,155.0,307.0,694.0,213.5,424.5,187.0,539.0,0.8339918851852417
21,13,1737.0,136.0,1892.0,613.0,1814.5,374.5,155.0,477.0,0.8064190745353699
21,15,232.0,130.0,392.0,677.0,312.0,403.5,160.0,547.0,0.7231563925743103
21,14,0.0,105.0,59.0,668.0,29.5,386.5,59.0,563.0,0.6870912909507751
22,2,654.0,0.0,941.0,762.0,797.5,381.0,287.0,762.0,0.9596911668777466
22,1,1617.0,85.0,1881.0,719.0,1749.0,402.0,264.0,634.0,0.9480315446853638
22,4,253.0,0.0,608.0,871.0,430.5,435.5,355.0,871.0,0.9315629601478577
22,5,1438.0,167.0,1577.0,576.0,1507.5,371.5,139.0,409.0,0.9149027466773987
22,3,1326.0,208.0,1456.0,579.0,1391.0,393.5,130.0,371.0,0.8902536034584045
22,8,109.0,152.0,296.0,694.0,202.5,423.0,187.0,542.0,0.8889277577400208
22,6,497.0,79.0,676.0,670.0,586.5,374.5,179.0,591.0,0.8876825571060181
22,10,0.0,136.0,201.0,680.0,100.5,408.0,201.0,544.0,0.8589088916778564
22,7,1540.0,144.0,1730.0,703.0,1635.0,423.5,190.0,559.0,0.8480275273323059
22,9,1819.0,126.0,1920.0,691.0,1869.5,408.5,101.0,565.0,0.8238701224327087
22,13,1736.0,135.0,1890.0,618.0,1813.0,376.5,154.0,483.0,0.8117051124572754
22,14,0.0,99.0,62.0,666.0,31.0,382.5,62.0,567.0,0.7953007221221924
22,15,229.0,127.0,388.0,679.0,308.5,403.0,159.0,552.0,0.7745751738548279
23,2,655.0,0.0,941.0,759.0,798.0,379.5,286.0,759.0,0.9513809680938721
23,1,1615.0,84.0,1878.0,718.0,1746.5,401.0,263.0,634.0,0.9423563480377197
23,4,263.0,0.0,611.0,872.0,437.0,436.0,348.0,872.0,0.9319638013839722
23,5,1432.0,168.0,1578.0,576.0,1505.0,372.0,146.0,408.0,0.9156659245491028
23,8,100.0,151.0,294.0,701.0,197.0,426.0,194.0,550.0,0.9107285141944885
23,3,1324.0,208.0,1454.0,578.0,1389.0,393.0,130.0,370.0,0.8888893127441406
23,6,500.0,78.0,675.0,671.0,587.5,374.5,175.0,593.0,0.8880536556243896
23,10,0.0,136.0,226.0,682.0,113.0,409.0,226.0,546.0,0.871738612651825
23,7,1538.0,146.0,1726.0,704.0,1632.0,425.0,188.0,558.0,0.8505749106407166
23,14,0.0,102.0,68.0,667.0,34.0,384.5,68.0,565.0,0.8346843123435974
23,13,1736.0,135.0,1890.0,616.0,1813.0,375.5,154.0,481.0,0.8339587450027466
23,9,1819.0,128.0,1920.0,695.0,1869.5,411.5,101.0,567.0,0.8126184940338135
23,15,231.0,125.0,408.0,676.0,319.5,400.5,177.0,551.0,0.7937332987785339
24,2,657.0,0.0,937.0,757.0,797.0,378.5,280.0,757.0,0.9444698095321655
24,1,1615.0,84.0,1877.0,719.0,1746.0,401.5,262.0,635.0,0.9437893629074097
24,4,276.0,0.0,612.0,869.0,444.0,434.5,336.0,869.0,0.9315253496170044
24,5,1435.0,169.0,1578.0,577.0,1506.5,373.0,143.0,408.0,0.9151207208633423
24,8,94.0,153.0,279.0,697.0,186.5,425.0,185.0,544.0,0.9054005146026611
24,3,1324.0,209.0,1454.0,576.0,1389.0,392.5,130.0,367.0,0.8929954767227173
24,6,501.0,77.0,674.0,671.0,587.5,374.0,173.0,594.0,0.8908737897872925
24,15,230.0,129.0,411.0,676.0,320.5,402.5,181.0,547.0,0.8584392070770264
24,7,1538.0,147.0,1727.0,707.0,1632.5,427.0,189.0,560.0,0.850885808467865
24,14,0.0,102.0,70.0,672.0,35.0,387.0,70.0,570.0,0.8480901122093201
24,10,0.0,137.0,224.0,681.0,112.0,409.0,224.0,544.0,0.8478572964668274
24,13,1737.0,133.0,1891.0,614.0,1814.0,373.5,154.0,481.0,0.8473185896873474
24,9,1822.0,125.0,1920.0,704.0,1871.0,414.5,98.0,579.0,0.7692597508430481
25,1,1613.0,84.0,1876.0,718.0,1744.5,401.0,263.0,634.0,0.9432949423789978
25,2,657.0,0.0,935.0,756.0,796.0,378.0,278.0,756.0,0.9401487112045288
25,4,275.0,0.0,614.0,869.0,444.5,434.5,339.0,869.0,0.9286695122718811
25,5,1433.0,170.0,1579.0,577.0,1506.0,373.5,146.0,407.0,0.9183443188667297
25,3,1324.0,212.0,1453.0,577.0,1388.5,394.5,129.0,365.0,0.8957721590995789
25,6,504.0,78.0,672.0,669.0,588.0,373.5,168.0,591.0,0.8942551016807556
25,15,230.0,129.0,412.0,676.0,321.0,402.5,182.0,547.0,0.8680849671363831
25,13,1738.0,132.0,1891.0,614.0,1814.5,373.0,153.0,482.0,0.853998601436615
25,7,1538.0,148.0,1727.0,708.0,1632.5,428.0,189.0,560.0,0.8508201837539673
25,8,87.0,149.0,277.0,696.0,182.0,422.5,190.0,547.0,0.8438016176223755
25,14,0.0,103.0,74.0,672.0,37.0,387.5,74.0,569.0,0.838855504989624
25,11,1823.0,121.0,1920.0,716.0,1871.5,418.5,97.0,595.0,0.7417125105857849
25,10,0.0,132.0,204.0,677.0,102.0,404.5,204.0,545.0,0.6315537691116333
26,1,1613.0,83.0,1875.0,719.0,1744.0,401.0,262.0,636.0,0.9424192905426025
26,2,658.0,1.0,934.0,756.0,796.0,378.5,276.0,755.0,0.9336416125297546
26,4,273.0,0.0,616.0,869.0,444.5,434.5,343.0,869.0,0.9330283999443054
26,5,1433.0,171.0,1581.0,578.0,1507.0,374.5,148.0,407.0,0.9203048944473267
26,3,1323.0,214.0,1453.0,577.0,1388.0,395.5,130.0,363.0,0.8970361948013306
26,6,504.0,79.0,672.0,670.0,588.0,374.5,168.0,591.0,0.8960794806480408
26,13,1742.0,133.0,1893.0,615.0,1817.5,374.0,151.0,482.0,0.8638292551040649
26,15,232.0,128.0,413.0,676.0,322.5,402.0,181.0,548.0,0.8631476163864136
26,7,1540.0,149.0,1728.0,707.0,1634.0,428.0,188.0,558.0,0.8525121808052063
26,14,0.0,106.0,81.0,672.0,40.5,389.0,81.0,566.0,0.8253219127655029
26,8,73.0,143.0,274.0,688.0,173.5,415.5,201.0,545.0,0.822524905204773
26,11,1825.0,116.0,1920.0,728.0,1872.5,422.0,95.0,612.0,0.7340139746665955
27,1,1612.0,79.0,1873.0,719.0,1742.5,399.0,261.0,640.0,0.9412290453910828
27,4,276.0,0.0,616.0,871.0,446.0,435.5,340.0,871.0,0.9364343285560608
27,2,657.0,4.0,932.0,758.0,794.5,381.0,275.0,754.0,0.9307500123977661
27,5,1432.0,172.0,1580.0,578.0,1506.0,375.0,148.0,406.0,0.9211951494216919
27,3,1323.0,215.0,1454.0,576.0,1388.5,395.5,131.0,361.0,0.8972695469856262
27,6,504.0,78.0,673.0,669.0,588.5,373.5,169.0,591.0,0.896497368812561
27,13,1744.0,132.0,1896.0,615.0,1820.0,373.5,152.0,483.0,0.8703984022140503
27,7,1540.0,150.0,1727.0,707.0,1633.5,428.5,187.0,557.0,0.849274754524231
27,15,232.0,110.0,423.0,681.0,327.5,395.5,191.0,571.0,0.8184722065925598
27,8,63.0,136.0,271.0,687.0,167.0,411.5,208.0,551.0,0.8148712515830994
27,14,0.0,109.0,88.0,670.0,44.0,389.5,88.0,561.0,0.7982068061828613
27,11,1822.0,124.0,1920.0,716.0,1871.0,420.0,98.0,592.0,0.5599077939987183
28,1,1610.0,77.0,1871.0,721.0,1740.5,399.0,261.0,644.0,0.938630998134613
28,4,281.0,0.0,616.0,873.0,448.5,436.5,335.0,873.0,0.9312727451324463
28,2,654.0,7.0,929.0,758.0,791.5,382.5,275.0,751.0,0.9291296005249023
28,5,1434.0,173.0,1579.0,578.0,1506.5,375.5,145.0,405.0,0.9188498258590698
28,6,505.0,79.0,673.0,669.0,589.0,374.0,168.0,590.0,0.8978754878044128
28,3,1323.0,218.0,1454.0,577.0,1388.5,397.5,131.0,359.0,0.8927822113037109
28,13,1746.0,132.0,1898.0,611.0,1822.0,371.5,152.0,479.0,0.8690676689147949
28,7,1540.0,149.0,1727.0,708.0,1633.5,428.5,187.0,559.0,0.846778392791748
28,15,230.0,109.0,412.0,676.0,321.0,392.5,182.0,567.0,0.8322592973709106
28,8,60.0,133.0,275.0,694.0,167.5,413.5,215.0,561.0,0.8152182698249817
28,14,0.0,111.0,104.0,675.0,52.0,393.0,104.0,564.0,0.7662249207496643
28,9,1817.0,117.0,1920.0,721.0,1868.5,419.0,103.0,604.0,0.5789180397987366
29,1,1610.0,74.0,1869.0,721.0,1739.5,397.5,259.0,647.0,0.9386325478553772
29,4,284.0,0.0,614.0,873.0,449.0,436.5,330.0,873.0,0.9366670846939087
29,2,653.0,10.0,926.0,757.0,789.5,383.5,273.0,747.0,0.9302759766578674
29,5,1433.0,173.0,1581.0,578.0,1507.0,375.5,148.0,405.0,0.9177618622779846
29,6,508.0,79.0,673.0,671.0,590.5,375.0,165.0,592.0,0.8949309587478638
29,3,1323.0,218.0,1455.0,577.0,1389.0,397.5,132.0,359.0,0.8903424143791199
29,13,1749.0,131.0,1901.0,610.0,1825.0,370.5,152.0,479.0,0.8763622045516968
29,15,230.0,95.0,417.0,682.0,323.5,388.5,187.0,587.0,0.8398584723472595
29,7,1543.0,147.0,1730.0,708.0,1636.5,427.5,187.0,561.0,0.8394274711608887
29,8,60.0,132.0,281.0,695.0,170.5,413.5,221.0,563.0,0.8193255066871643
29,14,0.0,120.0,108.0,679.0,54.0,399.5,108.0,559.0,0.729214608669281
29,9,1818.0,115.0,1920.0,724.0,1869.0,419.5,102.0,609.0,0.5632596015930176
30,4,287.0,0.0,616.0,873.0,451.5,436.5,329.0,873.0,0.9363401532173157
30,1,1609.0,70.0,1869.0,723.0,1739.0,396.5,260.0,653.0,0.9358005523681641
30,2,652.0,11.0,924.0,756.0,788.0,383.5,272.0,745.0,0.9339703321456909
30,5,1433.0,172.0,1582.0,579.0,1507.5,375.5,149.0,407.0,0.9185172915458679
30,6,510.0,77.0,674.0,674.0,592.0,375.5,164.0,597.0,0.8946103453636169
30,3,1324.0,218.0,1456.0,577.0,1390.0,397.5,132.0,359.0,0.8869625926017761
30,13,1750.0,132.0,1904.0,610.0,1827.0,371.0,154.0,478.0,0.8795493841171265
30,15,229.0,101.0,408.0,680.0,318.5,390.5,179.0,579.0,0.8535415530204773
30,8,92.0,133.0,279.0,692.0,185.5,412.5,187.0,559.0,0.8413515090942383
30,7,1546.0,146.0,1730.0,707.0,1638.0,426.5,184.0,561.0,0.8407158851623535
30,10,10.0,148.0,186.0,692.0,98.0,420.0,176.0,544.0,0.7944554686546326
30,9,1819.0,112.0,1920.0,730.0,1869.5,421.0,101.0,618.0,0.6274473667144775
31,4,290.0,0.0,616.0,871.0,453.0,435.5,326.0,871.0,0.9388871192932129
31,2,651.0,10.0,922.0,756.0,786.5,383.0,271.0,746.0,0.9349225759506226
31,1,1606.0,67.0,1868.0,724.0,1737.0,395.5,262.0,657.0,0.9251074194908142
31,5,1429.0,171.0,1581.0,580.0,1505.0,375.5,152.0,409.0,0.9211099147796631
31,6,512.0,77.0,675.0,675.0,593.5,376.0,163.0,598.0,0.8912683725357056
31,3,1323.0,218.0,1455.0,578.0,1389.0,398.0,132.0,360.0,0.8830687999725342
31,8,106.0,131.0,276.0,690.0,191.0,410.5,170.0,559.0,0.8804197907447815
31,13,1749.0,134.0,1904.0,611.0,1826.5,372.5,155.0,477.0,0.8717740178108215
31,15,229.0,102.0,407.0,681.0,318.0,391.5,178.0,579.0,0.8646789193153381
31,10,5.0,149.0,176.0,698.0,90.5,423.5,171.0,549.0,0.8437332510948181
31,7,1544.0,145.0,1729.0,706.0,1636.5,425.5,185.0,561.0,0.8374465703964233
31,9,1819.0,108.0,1920.0,731.0,1869.5,419.5,101.0,623.0,0.6611720323562622
32,4,289.0,0.0,616.0,859.0,452.5,429.5,327.0,859.0,0.9379256367683411
32,2,648.0,9.0,918.0,757.0,783.0,383.0,270.0,748.0,0.9345678687095642
32,5,1429.0,170.0,1578.0,580.0,1503.5,375.0,149.0,410.0,0.9191335439682007
32,1,1604.0,65.0,1867.0,724.0,1735.5,394.5,263.0,659.0,0.9140185117721558
32,8,111.0,132.0,276.0,691.0,193.5,411.5,165.0,559.0,0.9028257727622986
32,3,1325.0,221.0,1453.0,576.0,1389.0,398.5,128.0,355.0,0.8892111778259277
32,6,512.0,78.0,676.0,675.0,594.0,376.5,164.0,597.0,0.8873753547668457
32,15,228.0,98.0,408.0,682.0,318.0,390.0,180.0,584.0,0.8746848702430725
32,13,1749.0,138.0,1903.0,614.0,1826.0,376.0,154.0,476.0,0.858877956867218
32,10,0.0,142.0,157.0,687.0,78.5,414.5,157.0,545.0,0.8428729772567749
32,7,1541.0,143.0,1728.0,705.0,1634.5,424.0,187.0,562.0,0.8327307105064392
32,9,1818.0,107.0,1920.0,730.0,1869.0,418.5,102.0,623.0,0.6565263271331787
33,4,289.0,0.0,625.0,866.0,457.0,433.0,336.0,866.0,0.9369874596595764
33,2,647.0,8.0,915.0,759.0,781.0,383.5,268.0,751.0,0.9335910081863403
33,5,1430.0,169.0,1576.0,580.0,1503.0,374.5,146.0,411.0,0.919489324092865
33,8,113.0,129.0,283.0,691.0,198.0,410.0,170.0,562.0,0.9002420902252197
33,1,1601.0,61.0,1867.0,725.0,1734.0,393.0,266.0,664.0,0.8990674614906311
33,6,509.0,78.0,677.0,675.0,593.0,376.5,168.0,597.0,0.8852384090423584
33,3,1324.0,219.0,1454.0,576.0,1389.0,397.5,130.0,357.0,0.8810608386993408
33,15,230.0,100.0,410.0,683.0,320.0,391.5,180.0,583.0,0.8704906702041626
33,13,1750.0,140.0,1904.0,613.0,1827.0,376.5,154.0,473.0,0.8525322079658508
33,7,1538.0,141.0,1728.0,704.0,1633.0,422.5,190.0,563.0,0.828271210193634
33,10,0.0,119.0,141.0,669.0,70.5,394.0,141.0,550.0,0.8158408999443054
33,9,1818.0,105.0,1920.0,730.0,1869.0,417.5,102.0,625.0,0.6406428217887878
34,4,292.0,0.0,631.0,866.0,461.5,433.0,339.0,866.0,0.942283570766449
34,2,647.0,9.0,914.0,759.0,780.5,384.0,267.0,750.0,0.9327372312545776
34,5,1428.0,168.0,1576.0,579.0,1502.0,373.5,148.0,411.0,0.918498694896698
34,1,1601.0,58.0,1867.0,725.0,1734.0,391.5,266.0,667.0,0.8868552446365356
34,3,1324.0,218.0,1453.0,577.0,1388.5,397.5,129.0,359.0,0.884863018989563
34,6,502.0,79.0,675.0,675.0,588.5,377.0,173.0,596.0,0.8836255073547363
34,8,109.0,128.0,290.0,685.0,199.5,406.5,181.0,557.0,0.8776139616966248
34,15,231.0,94.0,413.0,678.0,322.0,386.0,182.0,584.0,0.8724455237388611
34,13,1752.0,143.0,1905.0,615.0,1828.5,379.0,153.0,472.0,0.8381108641624451
34,7,1539.0,139.0,1730.0,704.0,1634.5,421.5,191.0,565.0,0.8319153189659119
34,10,1.0,151.0,203.0,689.0,102.0,420.0,202.0,538.0,0.8242699503898621
34,9,1818.0,105.0,1920.0,731.0,1869.0,418.0,102.0,626.0,0.6119663715362549
35,4,295.0,0.0,635.0,866.0,465.0,433.0,340.0,866.0,0.9320841431617737
35,2,647.0,8.0,914.0,760.0,780.5,384.0,267.0,752.0,0.9316815137863159
35,5,1427.0,168.0,1575.0,579.0,1501.0,373.5,148.0,411.0,0.9190598726272583
35,8,118.0,126.0,293.0,684.0,205.5,405.0,175.0,558.0,0.8881368041038513
35,3,1322.0,212.0,1454.0,579.0,1388.0,395.5,132.0,367.0,0.8851395845413208
35,1,1602.0,63.0,1869.0,720.0,1735.5,391.5,267.0,657.0,0.8827311992645264
35,6,502.0,79.0,674.0,672.0,588.0,375.5,172.0,593.0,0.881072998046875
35,15,231.0,96.0,411.0,677.0,321.0,386.5,180.0,581.0,0.8730127811431885
35,7,1539.0,135.0,1730.0,705.0,1634.5,420.0,191.0,570.0,0.8561071157455444
35,13,1754.0,142.0,1907.0,614.0,1830.5,378.0,153.0,472.0,0.8320775032043457
35,10,3.0,141.0,199.0,685.0,101.0,413.0,196.0,544.0,0.8181199431419373
35,9,1818.0,104.0,1920.0,735.0,1869.0,419.5,102.0,631.0,0.5850750803947449
36,2,643.0,7.0,915.0,761.0,779.0,384.0,272.0,754.0,0.9290496706962585
36,4,298.0,0.0,636.0,861.0,467.0,430.5,338.0,861.0,0.9241305589675903
36,5,1425.0,167.0,1574.0,578.0,1499.5,372.5,149.0,411.0,0.9171813726425171
36,8,120.0,123.0,297.0,680.0,208.5,401.5,177.0,557.0,0.9005861282348633
36,3,1320.0,209.0,1454.0,580.0,1387.0,394.5,134.0,371.0,0.8890532851219177
36,1,1600.0,62.0,1867.0,720.0,1733.5,391.0,267.0,658.0,0.8852441310882568
36,6,493.0,83.0,675.0,673.0,584.0,378.0,182.0,590.0,0.874418318271637
36,15,231.0,98.0,411.0,677.0,321.0,387.5,180.0,579.0,0.8732609152793884
36,7,1538.0,132.0,1730.0,705.0,1634.0,418.5,192.0,573.0,0.8652441501617432
36,10,4.0,141.0,201.0,678.0,102.5,409.5,197.0,537.0,0.8560994863510132
36,13,1755.0,144.0,1906.0,616.0,1830.5,380.0,151.0,472.0,0.8259211182594299
36,9,1818.0,103.0,1920.0,737.0,1869.0,420.0,102.0,634.0,0.5485318303108215
36,14,1.0,163.0,91.0,695.0,46.0,429.0,90.0,532.0,0.4767511785030365
37,2,639.0,6.0,915.0,762.0,777.0,384.0,276.0,756.0,0.9272034168243408
37,4,299.0,0.0,640.0,855.0,469.5,427.5,341.0,855.0,0.9184859991073608
37,5,1427.0,166.0,1573.0,579.0,1500.0,372.5,146.0,413.0,0.9153948426246643
37,8,121.0,120.0,301.0,690.0,211.0,405.0,180.0,570.0,0.8946136236190796
37,3,1322.0,213.0,1453.0,577.0,1387.5,395.0,131.0,364.0,0.8927536010742188
37,1,1599.0,61.0,1865.0,720.0,1732.0,390.5,266.0,659.0,0.8876881003379822
37,15,231.0,99.0,410.0,678.0,320.5,388.5,179.0,579.0,0.8702864646911621
37,6,494.0,85.0,674.0,674.0,584.0,379.5,180.0,589.0,0.8700425028800964
37,7,1535.0,133.0,1728.0,705.0,1631.5,419.0,193.0,572.0,0.8669384121894836
37,10,3.0,131.0,199.0,681.0,101.0,406.0,196.0,550.0,0.8498431444168091
37,13,1754.0,144.0,1904.0,616.0,1829.0,380.0,150.0,472.0,0.819924533367157
37,14,1.0,161.0,84.0,699.0,42.5,430.0,83.0,538.0,0.5367081165313721
37,9,1820.0,102.0,1920.0,734.0,1870.0,418.0,100.0,632.0,0.49374738335609436
38,2,638.0,4.0,917.0,762.0,777.5,383.0,279.0,758.0,0.92966628074646
38,5,1425.0,165.0,1573.0,579.0,1499.0,372.0,148.0,414.0,0.9147192239761353
38,4,303.0,0.0,643.0,856.0,473.0,428.0,340.0,856.0,0.8974527716636658
38,3,1322.0,213.0,1453.0,577.0,1387.5,395.0,131.0,364.0,0.890002429485321
38,1,1599.0,60.0,1866.0,720.0,1732.5,390.0,267.0,660.0,0.889428436756134
38,8,137.0,116.0,307.0,681.0,222.0,398.5,170.0,565.0,0.8799315094947815
38,15,229.0,102.0,403.0,682.0,316.0,392.0,174.0,580.0,0.874505341053009
38,7,1535.0,133.0,1727.0,705.0,1631.0,419.0,192.0,572.0,0.8712086081504822
38,10,2.0,117.0,192.0,687.0,97.0,402.0,190.0,570.0,0.8702797293663025
38,6,494.0,85.0,674.0,676.0,584.0,380.5,180.0,591.0,0.8658694624900818
38,13,1756.0,145.0,1904.0,615.0,1830.0,380.0,148.0,470.0,0.8212704658508301
38,14,0.0,155.0,92.0,704.0,46.0,429.5,92.0,549.0,0.5526267290115356
38,9,1823.0,99.0,1920.0,664.0,1871.5,381.5,97.0,565.0,0.47774502635002136
39,2,635.0,2.0,918.0,762.0,776.5,382.0,283.0,760.0,0.9294142723083496
39,5,1427.0,163.0,1572.0,579.0,1499.5,371.0,145.0,416.0,0.9145002365112305
39,10,0.0,112.0,182.0,694.0,91.0,403.0,182.0,582.0,0.8957936763763428
39,1,1598.0,60.0,1867.0,720.0,1732.5,390.0,269.0,660.0,0.8904892206192017
39,4,306.0,0.0,644.0,853.0,475.0,426.5,338.0,853.0,0.8876922726631165
39,3,1321.0,211.0,1453.0,578.0,1387.0,394.5,132.0,367.0,0.8834438920021057
39,15,230.0,103.0,404.0,681.0,317.0,392.0,174.0,578.0,0.8777974247932434
39,7,1534.0,132.0,1726.0,707.0,1630.0,419.5,192.0,575.0,0.8738315105438232
39,6,490.0,87.0,673.0,676.0,581.5,381.5,183.0,589.0,0.8673543334007263
39,13,1760.0,144.0,1907.0,613.0,1833.5,378.5,147.0,469.0,0.8294647932052612
39,8,154.0,112.0,317.0,676.0,235.5,394.0,163.0,564.0,0.7498772740364075
39,14,1.0,128.0,104.0,1031.0,52.5,579.5,103.0,903.0,0.4668925404548645
39,9,1820.0,107.0,1920.0,724.0,1870.0,415.5,100.0,617.0,0.33701029419898987
40,2,631.0,0.0,921.0,762.0,776.0,381.0,290.0,762.0,0.9248221516609192
40,5,1426.0,163.0,1570.0,579.0,1498.0,371.0,144.0,416.0,0.9137178659439087
40,10,0.0,115.0,176.0,693.0,88.0,404.0,176.0,578.0,0.9022634029388428
40,3,1321.0,210.0,1452.0,578.0,1386.5,394.0,131.0,368.0,0.9018807411193848
40,1,1597.0,60.0,1867.0,721.0,1732.0,390.5,270.0,661.0,0.8938993811607361
40,15,229.0,104.0,404.0,682.0,316.5,393.0,175.0,578.0,0.8928002119064331
40,4,312.0,0.0,645.0,859.0,478.5,429.5,333.0,859.0,0.8778634071350098
40,7,1533.0,131.0,1724.0,709.0,1628.5,420.0,191.0,578.0,0.8680681586265564
40,6,490.0,87.0,672.0,676.0,581.0,381.5,182.0,589.0,0.8639377355575562
40,8,168.0,110.0,331.0,682.0,249.5,396.0,163.0,572.0,0.8420847058296204
40,13,1762.0,144.0,1908.0,612.0,1835.0,378.0,146.0,468.0,0.8231605887413025
40,14,0.0,119.0,98.0,1062.0,49.0,590.5,98.0,943.0,0.6902051568031311
40,9,1825.0,95.0,1920.0,738.0,1872.5,416.5,95.0,643.0,0.3140536844730377
41,2,627.0,0.0,925.0,763.0,776.0,381.5,298.0,763.0,0.9237868189811707
41,5,1426.0,161.0,1569.0,579.0,1497.5,370.0,143.0,418.0,0.9144882559776306
41,3,1321.0,210.0,1451.0,578.0,1386.0,394.0,130.0,368.0,0.9113346338272095
41,10,6.0,118.0,176.0,687.0,91.0,402.5,170.0,569.0,0.9090244770050049
41,15,230.0,105.0,403.0,683.0,316.5,394.0,173.0,578.0,0.8981108069419861
41,1,1596.0,61.0,1866.0,721.0,1731.0,391.0,270.0,660.0,0.8968760371208191
41,4,312.0,0.0,648.0,860.0,480.0,430.0,336.0,860.0,0.8780554533004761
41,6,489.0,86.0,671.0,675.0,580.0,380.5,182.0,589.0,0.8649523854255676
41,8,178.0,107.0,331.0,673.0,254.5,390.0,153.0,566.0,0.8636036515235901
41,7,1532.0,130.0,1721.0,710.0,1626.5,420.0,189.0,580.0,0.8589655160903931
41,13,1762.0,144.0,1908.0,610.0,1835.0,377.0,146.0,466.0,0.8306609392166138
41,16,743.0,101.0,934.0,672.0,838.5,386.5,191.0,571.0,0.7037121057510376
41,14,0.0,126.0,115.0,1080.0,57.5,603.0,115.0,954.0,0.5054507851600647
41,9,1824.0,97.0,1920.0,736.0,1872.0,416.5,96.0,639.0,0.3090536296367645
42,10,6.0,116.0,184.0,683.0,95.0,399.5,178.0,567.0,0.9190772175788879
42,2,626.0,0.0,926.0,762.0,776.0,381.0,300.0,762.0,0.9181420207023621
42,5,1426.0,161.0,1566.0,578.0,1496.0,369.5,140.0,417.0,0.9155725836753845
42,3,1320.0,210.0,1451.0,578.0,1385.5,394.0,131.0,368.0,0.9133026599884033
42,1,1595.0,62.0,1866.0,722.0,1730.5,392.0,271.0,660.0,0.8976302146911621
42,15,230.0,109.0,405.0,682.0,317.5,395.5,175.0,573.0,0.8865228295326233
42,4,314.0,0.0,651.0,861.0,482.5,430.5,337.0,861.0,0.8768866658210754
42,7,1534.0,131.0,1717.0,707.0,1625.5,419.0,183.0,576.0,0.8595868349075317
42,6,488.0,81.0,669.0,675.0,578.5,378.0,181.0,594.0,0.8520419001579285
42,13,1771.0,127.0,1918.0,628.0,1844.5,377.5,147.0,501.0,0.8294135928153992
42,16,741.0,99.0,936.0,671.0,838.5,385.0,195.0,572.0,0.7083159685134888
42,14,0.0,123.0,84.0,1071.0,42.0,597.0,84.0,948.0,0.44746625423431396
43,10,8.0,112.0,190.0,680.0,99.0,396.0,182.0,568.0,0.9207225441932678
43,2,623.0,0.0,928.0,762.0,775.5,381.0,305.0,762.0,0.9182384610176086
43,3,1319.0,210.0,1450.0,577.0,1384.5,393.5,131.0,367.0,0.9179757237434387
43,5,1427.0,161.0,1565.0,577.0,1496.0,369.0,138.0,416.0,0.9165695905685425
43,1,1594.0,64.0,1867.0,723.0,1730.5,393.5,273.0,659.0,0.8984196186065674
43,7,1532.0,135.0,1716.0,706.0,1624.0,420.5,184.0,571.0,0.8590278029441833
43,4,318.0,0.0,652.0,837.0,485.0,418.5,334.0,837.0,0.8544405102729797
43,8,192.0,114.0,353.0,678.0,272.5,396.0,161.0,564.0,0.8496387600898743
43,13,1771.0,129.0,1917.0,625.0,1844.0,377.0,146.0,496.0,0.8418760299682617
43,6,489.0,81.0,666.0,675.0,577.5,378.0,177.0,594.0,0.8416369557380676
43,16,741.0,98.0,940.0,672.0,840.5,385.0,199.0,574.0,0.7338457107543945
44,10,8.0,110.0,197.0,683.0,102.5,396.5,189.0,573.0,0.9296820759773254
44,2,622.0,0.0,926.0,761.0,774.0,380.5,304.0,761.0,0.9197919368743896
44,3,1318.0,209.0,1449.0,577.0,1383.5,393.0,131.0,368.0,0.9195882081985474
44,5,1425.0,162.0,1564.0,576.0,1494.5,369.0,139.0,414.0,0.9167512655258179
44,1,1593.0,65.0,1866.0,722.0,1729.5,393.5,273.0,657.0,0.9010727405548096
44,7,1532.0,136.0,1714.0,705.0,1623.0,420.5,182.0,569.0,0.8576887249946594
44,4,321.0,0.0,655.0,832.0,488.0,416.0,334.0,832.0,0.8510608077049255
44,13,1771.0,129.0,1916.0,623.0,1843.5,376.0,145.0,494.0,0.8504040241241455
44,6,486.0,79.0,665.0,676.0,575.5,377.5,179.0,597.0,0.831467866897583
44,15,221.0,112.0,399.0,679.0,310.0,395.5,178.0,567.0,0.8067268133163452
44,16,740.0,98.0,942.0,672.0,841.0,385.0,202.0,574.0,0.7225719690322876
44,14,0.0,145.0,91.0,730.0,45.5,437.5,91.0,585.0,0.634340763092041
45,10,14.0,106.0,204.0,680.0,109.0,393.0,190.0,574.0,0.9340251684188843
45,3,1315.0,210.0,1450.0,577.0,1382.5,393.5,135.0,367.0,0.9248493313789368
45,2,624.0,0.0,928.0,759.0,776.0,379.5,304.0,759.0,0.9219692945480347
45,5,1424.0,163.0,1561.0,575.0,1492.5,369.0,137.0,412.0,0.9179030656814575
45,1,1592.0,66.0,1866.0,723.0,1729.0,394.5,274.0,657.0,0.9030369520187378
45,7,1531.0,140.0,1711.0,704.0,1621.0,422.0,180.0,564.0,0.8561949133872986
45,13,1772.0,129.0,1915.0,623.0,1843.5,376.0,143.0,494.0,0.8521571755409241
45,4,330.0,0.0,655.0,835.0,492.5,417.5,325.0,835.0,0.8489160537719727
45,15,206.0,114.0,396.0,680.0,301.0,397.0,190.0,566.0,0.8337176442146301
45,6,483.0,76.0,667.0,678.0,575.0,377.0,184.0,602.0,0.8209787011146545
45,14,0.0,147.0,71.0,702.0,35.5,424.5,71.0,555.0,0.7810306549072266
45,16,742.0,99.0,944.0,673.0,843.0,386.0,202.0,574.0,0.7029954195022583
46,10,22.0,102.0,211.0,678.0,116.5,390.0,189.0,576.0,0.9315321445465088
46,3,1313.0,210.0,1447.0,578.0,1380.0,394.0,134.0,368.0,0.9257597327232361
46,2,626.0,0.0,929.0,758.0,777.5,379.0,303.0,758.0,0.9215077757835388
46,5,1421.0,166.0,1562.0,577.0,1491.5,371.5,141.0,411.0,0.9168807864189148
46,1,1592.0,68.0,1866.0,724.0,1729.0,396.0,274.0,656.0,0.9004281759262085
46,4,329.0,0.0,656.0,840.0,492.5,420.0,327.0,840.0,0.8604245185852051
46,7,1530.0,141.0,1710.0,705.0,1620.0,423.0,180.0,564.0,0.8601412177085876
46,13,1771.0,130.0,1915.0,622.0,1843.0,376.0,144.0,492.0,0.8493813872337341
46,15,205.0,112.0,402.0,681.0,303.5,396.5,197.0,569.0,0.8463234901428223
46,6,482.0,74.0,670.0,681.0,576.0,377.5,188.0,607.0,0.8109993934631348
46,14,0.0,159.0,69.0,699.0,34.5,429.0,69.0,540.0,0.7831116914749146
46,16,744.0,103.0,944.0,675.0,844.0,389.0,200.0,572.0,0.7546929717063904
47,10,29.0,101.0,221.0,677.0,125.0,389.0,192.0,576.0,0.9312666058540344
47,3,1311.0,212.0,1447.0,579.0,1379.0,395.5,136.0,367.0,0.9263326525688171
47,5,1419.0,167.0,1563.0,577.0,1491.0,372.0,144.0,410.0,0.9166940450668335
47,2,625.0,0.0,928.0,757.0,776.5,378.5,303.0,757.0,0.9152175784111023
47,1,1593.0,72.0,1867.0,725.0,1730.0,398.5,274.0,653.0,0.8983817100524902
47,4,327.0,0.0,660.0,848.0,493.5,424.0,333.0,848.0,0.8709768652915955
47,7,1530.0,141.0,1710.0,705.0,1620.0,423.0,180.0,564.0,0.8659068942070007
47,13,1771.0,131.0,1914.0,621.0,1842.5,376.0,143.0,490.0,0.8462426066398621
47,15,206.0,106.0,406.0,684.0,306.0,395.0,200.0,578.0,0.8269323110580444
47,6,482.0,64.0,672.0,667.0,577.0,365.5,190.0,603.0,0.809097945690155
47,14,0.0,155.0,67.0,697.0,33.5,426.0,67.0,542.0,0.7943648099899292
47,16,745.0,101.0,945.0,676.0,845.0,388.5,200.0,575.0,0.770453691482544
47,9,1837.0,105.0,1920.0,746.0,1878.5,425.5,83.0,641.0,0.510038435459137
48,10,34.0,102.0,230.0,680.0,132.0,391.0,196.0,578.0,0.9327369332313538
48,3,1309.0,214.0,1446.0,579.0,1377.5,396.5,137.0,365.0,0.9253572225570679
48,5,1416.0,168.0,1564.0,577.0,1490.0,372.5,148.0,409.0,0.9150216579437256
48,2,621.0,0.0,927.0,758.0,774.0,379.0,306.0,758.0,0.9114938378334045
48,1,1593.0,74.0,1867.0,727.0,1730.0,400.5,274.0,653.0,0.8967202305793762
48,7,1528.0,142.0,1713.0,706.0,1620.5,424.0,185.0,564.0,0.8801213502883911
48,4,325.0,0.0,655.0,848.0,490.0,424.0,330.0,848.0,0.8716115355491638
48,13,1769.0,136.0,1912.0,611.0,1840.5,373.5,143.0,475.0,0.8427906036376953
48,6,477.0,74.0,676.0,682.0,576.5,378.0,199.0,608.0,0.812675952911377
48,14,0.0,152.0,66.0,707.0,33.0,429.5,66.0,555.0,0.7846617102622986
48,15,218.0,106.0,409.0,683.0,313.5,394.5,191.0,577.0,0.7767646312713623
48,16,744.0,99.0,946.0,675.0,845.0,387.0,202.0,576.0,0.7224581241607666
48,9,1842.0,108.0,1920.0,742.0,1881.0,425.0,78.0,634.0,0.5766908526420593
49,10,40.0,102.0,240.0,679.0,140.0,390.5,200.0,577.0,0.9281745553016663
49,3,1308.0,215.0,1443.0,579.0,1375.5,397.0,135.0,364.0,0.9250373244285583
49,5,1413.0,170.0,1565.0,577.0,1489.0,373.5,152.0,407.0,0.9147301316261292
49,2,621.0,0.0,923.0,759.0,772.0,379.5,302.0,759.0,0.9107590317726135
49,1,1592.0,76.0,1865.0,727.0,1728.5,401.5,273.0,651.0,0.8962072730064392
49,7,1527.0,144.0,1712.0,708.0,1619.5,426.0,185.0,564.0,0.8868278861045837
49,4,326.0,0.0,660.0,846.0,493.0,423.0,334.0,846.0,0.8757047653198242
49,13,1771.0,132.0,1913.0,618.0,1842.0,375.0,142.0,486.0,0.8456512093544006
49,6,478.0,74.0,677.0,681.0,577.5,377.5,199.0,607.0,0.809575617313385
49,14,0.0,143.0,69.0,720.0,34.5,431.5,69.0,577.0,0.788398265838623
49,15,224.0,104.0,413.0,683.0,318.5,393.5,189.0,579.0,0.7773480415344238
49,16,743.0,94.0,947.0,673.0,845.0,383.5,204.0,579.0,0.6498028039932251
49,9,1847.0,112.0,1920.0,728.0,1883.5,420.0,73.0,616.0,0.5800169706344604
50,3,1308.0,217.0,1442.0,580.0,1375.0,398.5,134.0,363.0,0.9248757362365723
50,10,47.0,102.0,247.0,678.0,147.0,390.0,200.0,576.0,0.9240440726280212
50,5,1413.0,172.0,1567.0,577.0,1490.0,374.5,154.0,405.0,0.9145498275756836
50,2,621.0,0.0,918.0,760.0,769.5,380.0,297.0,760.0,0.9125575423240662
50,1,1594.0,78.0,1865.0,726.0,1729.5,402.0,271.0,648.0,0.9099118113517761
50,7,1524.0,144.0,1711.0,709.0,1617.5,426.5,187.0,565.0,0.8918549418449402
50,4,329.0,0.0,664.0,842.0,496.5,421.0,335.0,842.0,0.882632851600647
50,16,737.0,76.0,948.0,679.0,842.5,377.5,211.0,603.0,0.8765543699264526
50,13,1771.0,131.0,1914.0,619.0,1842.5,375.0,143.0,488.0,0.8536064028739929
50,14,0.0,154.0,73.0,679.0,36.5,416.5,73.0,525.0,0.8498154282569885
50,6,478.0,72.0,678.0,681.0,578.0,376.5,200.0,609.0,0.8111993670463562
50,15,220.0,103.0,413.0,678.0,316.5,390.5,193.0,575.0,0.8070811033248901
50,9,1848.0,112.0,1920.0,732.0,1884.0,422.0,72.0,620.0,0.583976149559021
50,17,309.0,47.0,499.0,715.0,404.0,381.0,190.0,668.0,0.46305733919143677
51,10,54.0,103.0,257.0,683.0,155.5,393.0,203.0,580.0,0.9261427521705627
51,3,1307.0,218.0,1441.0,579.0,1374.0,398.5,134.0,361.0,0.924714207649231
51,1,1595.0,80.0,1866.0,727.0,1730.5,403.5,271.0,647.0,0.9246695041656494
51,5,1412.0,173.0,1566.0,576.0,1489.0,374.5,154.0,403.0,0.9151317477226257
51,2,622.0,0.0,914.0,760.0,768.0,380.0,292.0,760.0,0.9142346382141113
51,7,1523.0,145.0,1711.0,710.0,1617.0,427.5,188.0,565.0,0.8976815342903137
51,16,737.0,76.0,948.0,679.0,842.5,377.5,211.0,603.0,0.8791318535804749
51,14,0.0,162.0,77.0,671.0,38.5,416.5,77.0,509.0,0.8777351379394531
51,4,341.0,1.0,664.0,838.0,502.5,419.5,323.0,837.0,0.8743036389350891
51,13,1771.0,131.0,1914.0,618.0,1842.5,374.5,143.0,487.0,0.8562565445899963
51,15,208.0,103.0,412.0,678.0,310.0,390.5,204.0,575.0,0.8279924988746643
51,6,475.0,73.0,678.0,685.0,576.5,379.0,203.0,612.0,0.7926151156425476
51,9,1850.0,115.0,1920.0,722.0,1885.0,418.5,70.0,607.0,0.5944475531578064
51,17,310.0,48.0,509.0,714.0,409.5,381.0,199.0,666.0,0.5549424886703491
52,1,1595.0,81.0,1867.0,728.0,1731.0,404.5,272.0,647.0,0.932284414768219
52,10,58.0,105.0,280.0,681.0,169.0,393.0,222.0,576.0,0.9240458607673645
52,3,1304.0,219.0,1438.0,579.0,1371.0,399.0,134.0,360.0,0.9234533309936523
52,2,623.0,0.0,914.0,760.0,768.5,380.0,291.0,760.0,0.916325569152832
52,5,1412.0,174.0,1566.0,578.0,1489.0,376.0,154.0,404.0,0.9141868352890015
52,7,1520.0,144.0,1711.0,711.0,1615.5,427.5,191.0,567.0,0.9024054408073425
52,16,734.0,76.0,947.0,682.0,840.5,379.0,213.0,606.0,0.8891093134880066
52,14,0.0,150.0,82.0,673.0,41.0,411.5,82.0,523.0,0.8820207715034485
52,4,340.0,6.0,661.0,834.0,500.5,420.0,321.0,828.0,0.8737996816635132
52,13,1772.0,131.0,1913.0,619.0,1842.5,375.0,141.0,488.0,0.8535357713699341
52,8,227.0,102.0,415.0,679.0,321.0,390.5,188.0,577.0,0.8401831388473511
52,6,480.0,84.0,675.0,687.0,577.5,385.5,195.0,603.0,0.8015091419219971
52,9,1850.0,113.0,1920.0,735.0,1885.0,424.0,70.0,622.0,0.6232764720916748
52,17,308.0,54.0,507.0,713.0,407.5,383.5,199.0,659.0,0.5642499923706055
53,1,1596.0,81.0,1868.0,730.0,1732.0,405.5,272.0,649.0,0.9369019865989685
53,10,63.0,108.0,292.0,682.0,177.5,395.0,229.0,574.0,0.9253832101821899
53,3,1302.0,219.0,1436.0,580.0,1369.0,399.5,134.0,361.0,0.9236364364624023
53,2,618.0,0.0,905.0,774.0,761.5,387.0,287.0,774.0,0.923114538192749
53,5,1414.0,175.0,1565.0,578.0,1489.5,376.5,151.0,403.0,0.9138807654380798
53,7,1515.0,143.0,1711.0,711.0,1613.0,427.0,196.0,568.0,0.9111728072166443
53,16,735.0,75.0,947.0,684.0,841.0,379.5,212.0,609.0,0.8905466198921204
53,14,0.0,147.0,86.0,673.0,43.0,410.0,86.0,526.0,0.8820847868919373
53,4,340.0,8.0,657.0,829.0,498.5,418.5,317.0,821.0,0.8612982034683228
53,13,1771.0,130.0,1913.0,619.0,1842.0,374.5,142.0,489.0,0.8525059223175049
53,8,230.0,102.0,412.0,679.0,321.0,390.5,182.0,577.0,0.847608208656311
53,6,474.0,71.0,671.0,685.0,572.5,378.0,197.0,614.0,0.8046399354934692
53,9,1850.0,109.0,1920.0,748.0,1885.0,428.5,70.0,639.0,0.6492094993591309
53,17,307.0,37.0,509.0,726.0,408.0,381.5,202.0,689.0,0.5793042182922363
54,1,1597.0,79.0,1869.0,732.0,1733.0,405.5,272.0,653.0,0.9372572302818298
54,10,71.0,108.0,306.0,681.0,188.5,394.5,235.0,573.0,0.9308502674102783
54,2,615.0,0.0,901.0,775.0,758.0,387.5,286.0,775.0,0.9253900051116943
54,3,1301.0,219.0,1433.0,581.0,1367.0,400.0,132.0,362.0,0.9237149953842163
54,7,1511.0,141.0,1710.0,712.0,1610.5,426.5,199.0,571.0,0.9160614609718323
54,5,1411.0,176.0,1563.0,579.0,1487.0,377.5,152.0,403.0,0.9135108590126038
54,16,735.0,74.0,947.0,684.0,841.0,379.0,212.0,610.0,0.890267014503479
54,14,0.0,149.0,89.0,673.0,44.5,411.0,89.0,524.0,0.8863065242767334
54,4,348.0,14.0,655.0,829.0,501.5,421.5,307.0,815.0,0.869389533996582
54,8,231.0,103.0,411.0,677.0,321.0,390.0,180.0,574.0,0.8576163649559021
54,13,1771.0,130.0,1912.0,619.0,1841.5,374.5,141.0,489.0,0.8464516997337341
54,9,1849.0,103.0,1920.0,759.0,1884.5,431.0,71.0,656.0,0.6891362071037292
54,6,474.0,77.0,669.0,677.0,571.5,377.0,195.0,600.0,0.6507587432861328
54,17,304.0,29.0,515.0,735.0,409.5,382.0,211.0,706.0,0.5928532481193542
55,1,1597.0,77.0,1869.0,732.0,1733.0,404.5,272.0,655.0,0.9388136863708496
55,10,78.0,111.0,311.0,681.0,194.5,396.0,233.0,570.0,0.9254292845726013
55,2,620.0,0.0,897.0,776.0,758.5,388.0,277.0,776.0,0.922298014163971
55,3,1300.0,219.0,1431.0,581.0,1365.5,400.0,131.0,362.0,0.921703040599823
55,7,1509.0,139.0,1712.0,710.0,1610.5,424.5,203.0,571.0,0.918552041053772
55,5,1408.0,175.0,1561.0,579.0,1484.5,377.0,153.0,404.0,0.9106115698814392
55,14,0.0,151.0,92.0,672.0,46.0,411.5,92.0,521.0,0.89332515001297
55,16,736.0,75.0,947.0,684.0,841.5,379.5,211.0,609.0,0.8872125148773193
55,4,353.0,14.0,653.0,828.0,503.0,421.0,300.0,814.0,0.8718370795249939
55,8,229.0,97.0,415.0,686.0,322.0,391.5,186.0,589.0,0.8697115778923035
55,13,1773.0,130.0,1913.0,620.0,1843.0,375.0,140.0,490.0,0.8469991683959961
55,6,473.0,63.0,665.0,687.0,569.0,375.0,192.0,624.0,0.7438024282455444
55,9,1849.0,103.0,1920.0,754.0,1884.5,428.5,71.0,651.0,0.6985457539558411
55,17,306.0,21.0,527.0,739.0,416.5,380.0,221.0,718.0,0.62519371509552
56,1,1598.0,75.0,1871.0,731.0,1734.5,403.0,273.0,656.0,0.9414578080177307
56,2,625.0,0.0,895.0,764.0,760.0,382.0,270.0,764.0,0.9265942573547363
56,7,1508.0,142.0,1708.0,713.0,1608.0,427.5,200.0,571.0,0.9203324913978577
56,3,1299.0,218.0,1429.0,581.0,1364.0,399.5,130.0,363.0,0.9192926287651062
56,14,0.0,167.0,105.0,668.0,52.5,417.5,105.0,501.0,0.9184866547584534
56,5,1407.0,174.0,1559.0,579.0,1483.0,376.5,152.0,405.0,0.9125914573669434
56,10,84.0,113.0,304.0,682.0,194.0,397.5,220.0,569.0,0.8976452946662903
56,16,738.0,77.0,948.0,684.0,843.0,380.5,210.0,607.0,0.8869617581367493
56,4,358.0,9.0,654.0,835.0,506.0,422.0,296.0,826.0,0.8867635130882263
56,8,229.0,97.0,416.0,688.0,322.5,392.5,187.0,591.0,0.8750041723251343
56,13,1775.0,130.0,1913.0,619.0,1844.0,374.5,138.0,489.0,0.8396342992782593
56,9,1848.0,102.0,1920.0,754.0,1884.0,428.0,72.0,652.0,0.6881198287010193
56,17,306.0,13.0,531.0,734.0,418.5,373.5,225.0,721.0,0.6653790473937988
56,6,486.0,145.0,670.0,683.0,578.0,414.0,184.0,538.0,0.43996328115463257
57,1,1600.0,73.0,1871.0,733.0,1735.5,403.0,271.0,660.0,0.9434636831283569
57,7,1505.0,139.0,1707.0,713.0,1606.0,426.0,202.0,574.0,0.9220731258392334
57,2,623.0,0.0,893.0,765.0,758.0,382.5,270.0,765.0,0.9206665754318237
57,3,1296.0,217.0,1427.0,580.0,1361.5,398.5,131.0,363.0,0.9205958843231201
57,14,0.0,169.0,103.0,670.0,51.5,419.5,103.0,501.0,0.9153522849082947
57,5,1406.0,172.0,1556.0,579.0,1481.0,375.5,150.0,407.0,0.9130716323852539
57,10,87.0,115.0,310.0,681.0,198.5,398.0,223.0,566.0,0.8952735066413879
57,4,365.0,7.0,659.0,833.0,512.0,420.0,294.0,826.0,0.8866173624992371
57,16,737.0,77.0,948.0,685.0,842.5,381.0,211.0,608.0,0.882774293422699
57,8,227.0,96.0,415.0,689.0,321.0,392.5,188.0,593.0,0.8740531802177429
57,13,1775.0,131.0,1913.0,618.0,1844.0,374.5,138.0,487.0,0.8339803814888
57,17,306.0,43.0,529.0,761.0,417.5,402.0,223.0,718.0,0.7072423696517944
57,9,1847.0,100.0,1920.0,751.0,1883.5,425.5,73.0,651.0,0.6937785744667053
57,6,485.0,90.0,664.0,677.0,574.5,383.5,179.0,587.0,0.3482981324195862
58,1,1600.0,68.0,1872.0,734.0,1736.0,401.0,272.0,666.0,0.9432982206344604
58,7,1500.0,136.0,1705.0,712.0,1602.5,424.0,205.0,576.0,0.9225311875343323
58,3,1297.0,214.0,1425.0,580.0,1361.0,397.0,128.0,366.0,0.9219031929969788
58,2,626.0,0.0,892.0,765.0,759.0,382.5,266.0,765.0,0.9192363023757935
58,14,0.0,174.0,116.0,671.0,58.0,422.5,116.0,497.0,0.9176883101463318
58,5,1406.0,172.0,1552.0,580.0,1479.0,376.0,146.0,408.0,0.9134662747383118
58,10,80.0,118.0,311.0,682.0,195.5,400.0,231.0,564.0,0.8857811689376831
58,16,737.0,77.0,948.0,683.0,842.5,380.0,211.0,606.0,0.8847815990447998
58,8,228.0,99.0,415.0,683.0,321.5,391.0,187.0,584.0,0.8693520426750183
58,4,369.0,4.0,664.0,844.0,516.5,424.0,295.0,840.0,0.8619308471679688
58,13,1776.0,131.0,1913.0,618.0,1844.5,374.5,137.0,487.0,0.8183130621910095
58,9,1847.0,99.0,1920.0,735.0,1883.5,417.0,73.0,636.0,0.7719311714172363
58,17,306.0,44.0,531.0,766.0,418.5,405.0,225.0,722.0,0.7291346192359924
58,6,488.0,93.0,669.0,677.0,578.5,385.0,181.0,584.0,0.488930344581604
59,1,1601.0,65.0,1874.0,733.0,1737.5,399.0,273.0,668.0,0.9431688785552979
59,3,1295.0,211.0,1425.0,580.0,1360.0,395.5,130.0,369.0,0.9246308207511902
59,7,1496.0,133.0,1703.0,711.0,1599.5,422.0,207.0,578.0,0.9223297238349915
59,5,1406.0,171.0,1548.0,580.0,1477.0,375.5,142.0,409.0,0.9156640768051147
59,14,0.0,172.0,131.0,675.0,65.5,423.5,131.0,503.0,0.9130802154541016
59,2,618.0,0.0,892.0,766.0,755.0,383.0,274.0,766.0,0.9093964695930481
59,16,737.0,78.0,948.0,684.0,842.5,381.0,211.0,606.0,0.882915735244751
59,8,225.0,97.0,416.0,685.0,320.5,391.0,191.0,588.0,0.8785337209701538
59,10,77.0,117.0,307.0,680.0,192.0,398.5,230.0,563.0,0.8700882196426392
59,4,379.0,0.0,671.0,849.0,525.0,424.5,292.0,849.0,0.86089026927948
59,13,1778.0,132.0,1914.0,617.0,1846.0,374.5,136.0,485.0,0.807196319103241
59,9,1846.0,100.0,1920.0,726.0,1883.0,413.0,74.0,626.0,0.7785715460777283
59,17,309.0,39.0,530.0,770.0,419.5,404.5,221.0,731.0,0.7507410049438477
59,6,492.0,104.0,672.0,676.0,582.0,390.0,180.0,572.0,0.5605577230453491
60,1,1601.0,63.0,1875.0,733.0,1738.0,398.0,274.0,670.0,0.942476749420166
60,3,1295.0,208.0,1423.0,580.0,1359.0,394.0,128.0,372.0,0.9268401265144348
60,7,1493.0,130.0,1700.0,711.0,1596.5,420.5,207.0,581.0,0.9228107929229736
60,5,1407.0,171.0,1545.0,579.0,1476.0,375.0,138.0,408.0,0.9185833930969238
60,14,0.0,174.0,145.0,678.0,72.5,426.0,145.0,504.0,0.9140679836273193
60,2,620.0,0.0,892.0,767.0,756.0,383.5,272.0,767.0,0.9135786890983582
60,4,370.0,0.0,676.0,852.0,523.0,426.0,306.0,852.0,0.8903478384017944
60,8,224.0,97.0,415.0,686.0,319.5,391.5,191.0,589.0,0.8838801383972168
60,16,737.0,78.0,948.0,683.0,842.5,380.5,211.0,605.0,0.8818056583404541
60,10,76.0,118.0,309.0,678.0,192.5,398.0,233.0,560.0,0.8361128568649292
60,17,307.0,0.0,545.0,752.0,426.0,376.0,238.0,752.0,0.7944036722183228
60,13,1777.0,135.0,1913.0,621.0,1845.0,378.0,136.0,486.0,0.7919253706932068
60,9,1843.0,99.0,1920.0,726.0,1881.5,412.5,77.0,627.0,0.7730035781860352
60,6,483.0,79.0,675.0,681.0,579.0,380.0,192.0,602.0,0.3748735189437866
61,1,1601.0,60.0,1876.0,732.0,1738.5,396.0,275.0,672.0,0.9430034160614014
61,3,1293.0,205.0,1422.0,580.0,1357.5,392.5,129.0,375.0,0.9253751635551453
61,7,1489.0,128.0,1694.0,710.0,1591.5,419.0,205.0,582.0,0.9233644604682922
61,5,1406.0,170.0,1543.0,578.0,1474.5,374.0,137.0,408.0,0.9180726408958435
61,2,622.0,0.0,893.0,769.0,757.5,384.5,271.0,769.0,0.914893627166748
61,14,0.0,175.0,141.0,677.0,70.5,426.0,141.0,502.0,0.9066570997238159
61,4,378.0,0.0,678.0,853.0,528.0,426.5,300.0,853.0,0.8951038122177124
61,8,223.0,99.0,419.0,686.0,321.0,392.5,196.0,587.0,0.8846300840377808
61,16,737.0,79.0,948.0,684.0,842.5,381.5,211.0,605.0,0.882398247718811
61,10,59.0,117.0,325.0,680.0,192.0,398.5,266.0,563.0,0.8457293510437012
61,13,1780.0,136.0,1914.0,623.0,1847.0,379.5,134.0,487.0,0.7847418189048767
61,17,314.0,41.0,530.0,768.0,422.0,404.5,216.0,727.0,0.7569356560707092
61,6,491.0,75.0,677.0,680.0,584.0,377.5,186.0,605.0,0.31112319231033325
62,1,1601.0,54.0,1877.0,731.0,1739.0,392.5,276.0,677.0,0.9388805031776428
62,3,1294.0,204.0,1419.0,580.0,1356.5,392.0,125.0,376.0,0.9240047931671143
62,7,1487.0,125.0,1691.0,708.0,1589.0,416.5,204.0,583.0,0.9229018092155457
62,5,1408.0,170.0,1540.0,578.0,1474.0,374.0,132.0,408.0,0.9192789196968079
62,2,619.0,0.0,894.0,769.0,756.5,384.5,275.0,769.0,0.9123609662055969
62,14,0.0,176.0,133.0,676.0,66.5,426.0,133.0,500.0,0.9051187634468079
62,8,224.0,102.0,415.0,688.0,319.5,395.0,191.0,586.0,0.9026058912277222
62,4,374.0,0.0,680.0,853.0,527.0,426.5,306.0,853.0,0.8874024152755737
62,16,736.0,79.0,947.0,684.0,841.5,381.5,211.0,605.0,0.8815771341323853
62,10,55.0,114.0,326.0,682.0,190.5,398.0,271.0,568.0,0.8683491349220276
62,13,1780.0,139.0,1914.0,624.0,1847.0,381.5,134.0,485.0,0.7751721739768982
62,17,311.0,4.0,540.0,755.0,425.5,379.5,229.0,751.0,0.7448235154151917
62,6,498.0,93.0,679.0,677.0,588.5,385.0,181.0,584.0,0.36870723962783813
63,1,1601.0,56.0,1879.0,741.0,1740.0,398.5,278.0,685.0,0.9374694228172302
63,7,1485.0,123.0,1691.0,708.0,1588.0,415.5,206.0,585.0,0.9234192371368408
63,3,1294.0,205.0,1418.0,580.0,1356.0,392.5,124.0,375.0,0.9219669699668884
63,5,1407.0,169.0,1540.0,577.0,1473.5,373.0,133.0,408.0,0.9200066924095154
63,8,225.0,107.0,411.0,690.0,318.0,398.5,186.0,583.0,0.9136039614677429
63,2,617.0,0.0,898.0,769.0,757.5,384.5,281.0,769.0,0.9123278260231018
63,14,0.0,177.0,131.0,679.0,65.5,428.0,131.0,502.0,0.9086286425590515
63,4,369.0,0.0,683.0,852.0,526.0,426.0,314.0,852.0,0.8964449763298035
63,16,736.0,82.0,947.0,683.0,841.5,382.5,211.0,601.0,0.881464421749115
63,10,91.0,114.0,326.0,678.0,208.5,396.0,235.0,564.0,0.8637167811393738
63,17,314.0,4.0,545.0,752.0,429.5,378.0,231.0,748.0,0.8116780519485474
63,13,1783.0,139.0,1915.0,624.0,1849.0,381.5,132.0,485.0,0.7802605628967285
64,1,1600.0,54.0,1879.0,741.0,1739.5,397.5,279.0,687.0,0.9388013482093811
64,14,0.0,180.0,137.0,679.0,68.5,429.5,137.0,499.0,0.9241266846656799
64,7,1484.0,121.0,1690.0,707.0,1587.0,414.0,206.0,586.0,0.9211649298667908
64,3,1294.0,205.0,1417.0,581.0,1355.5,393.0,123.0,376.0,0.9200187921524048
64,5,1406.0,167.0,1539.0,576.0,1472.5,371.5,133.0,409.0,0.9192308783531189
64,8,224.0,108.0,409.0,690.0,316.5,399.0,185.0,582.0,0.9150659441947937
64,2,620.0,0.0,903.0,769.0,761.5,384.5,283.0,769.0,0.9079499840736389
64,4,359.0,0.0,689.0,852.0,524.0,426.0,330.0,852.0,0.8956663012504578
64,16,734.0,77.0,947.0,681.0,840.5,379.0,213.0,604.0,0.8797966241836548
64,10,109.0,113.0,333.0,677.0,221.0,395.0,224.0,564.0,0.8776164054870605
64,17,317.0,5.0,546.0,754.0,431.5,379.5,229.0,749.0,0.8150665163993835
64,9,1827.0,113.0,1920.0,703.0,1873.5,408.0,93.0,590.0,0.7888067960739136
65,1,1601.0,52.0,1879.0,738.0,1740.0,395.0,278.0,686.0,0.9428827166557312
65,14,0.0,181.0,137.0,677.0,68.5,429.0,137.0,496.0,0.9303345680236816
65,7,1482.0,121.0,1688.0,707.0,1585.0,414.0,206.0,586.0,0.9207181930541992
65,5,1405.0,165.0,1538.0,576.0,1471.5,370.5,133.0,411.0,0.9186190366744995
65,8,224.0,109.0,408.0,691.0,316.0,400.0,184.0,582.0,0.9168397188186646
65,3,1295.0,209.0,1416.0,580.0,1355.5,394.5,121.0,371.0,0.9142192602157593
65,2,619.0,0.0,907.0,768.0,763.0,384.0,288.0,768.0,0.9019101858139038
65,4,362.0,0.0,695.0,851.0,528.5,425.5,333.0,851.0,0.8832204341888428
65,16,730.0,76.0,946.0,682.0,838.0,379.0,216.0,606.0,0.8761042952537537
65,10,124.0,104.0,343.0,673.0,233.5,388.5,219.0,569.0,0.8751831650733948
65,17,318.0,5.0,553.0,753.0,435.5,379.0,235.0,748.0,0.8346049785614014
65,9,1826.0,113.0,1920.0,701.0,1873.0,407.0,94.0,588.0,0.7947133183479309
66,1,1602.0,52.0,1879.0,737.0,1740.5,394.5,277.0,685.0,0.9440420269966125
66,14,0.0,179.0,141.0,679.0,70.5,429.0,141.0,500.0,0.9305607080459595
66,7,1481.0,121.0,1687.0,708.0,1584.0,414.5,206.0,587.0,0.9197759032249451
66,8,225.0,113.0,405.0,694.0,315.0,403.5,180.0,581.0,0.91950923204422
66,5,1404.0,164.0,1537.0,577.0,1470.5,370.5,133.0,413.0,0.9193615317344666
66,3,1294.0,210.0,1414.0,580.0,1354.0,395.0,120.0,370.0,0.9092026352882385
66,2,620.0,0.0,912.0,767.0,766.0,383.5,292.0,767.0,0.8971254229545593
66,4,365.0,0.0,704.0,849.0,534.5,424.5,339.0,849.0,0.8914207816123962
66,10,141.0,103.0,346.0,667.0,243.5,385.0,205.0,564.0,0.8829653859138489
66,16,731.0,80.0,945.0,683.0,838.0,381.5,214.0,603.0,0.8704589009284973
66,17,318.0,7.0,555.0,755.0,436.5,381.0,237.0,748.0,0.8518319129943848
66,9,1824.0,113.0,1920.0,700.0,1872.0,406.5,96.0,587.0,0.795096218585968
67,1,1602.0,51.0,1878.0,736.0,1740.0,393.5,276.0,685.0,0.9440948963165283
67,14,0.0,177.0,144.0,678.0,72.0,427.5,144.0,501.0,0.9352569580078125
67,7,1481.0,120.0,1685.0,709.0,1583.0,414.5,204.0,589.0,0.9201492071151733
67,5,1403.0,164.0,1537.0,577.0,1470.0,370.5,134.0,413.0,0.9189084768295288
67,8,225.0,112.0,404.0,696.0,314.5,404.0,179.0,584.0,0.9166936278343201
67,3,1294.0,209.0,1414.0,580.0,1354.0,394.5,120.0,371.0,0.9065380096435547
67,2,623.0,0.0,910.0,767.0,766.5,383.5,287.0,767.0,0.8944941163063049
67,4,359.0,0.0,710.0,849.0,534.5,424.5,351.0,849.0,0.8860839605331421
67,16,735.0,87.0,944.0,683.0,839.5,385.0,209.0,596.0,0.86705082654953
67,17,318.0,8.0,558.0,755.0,438.0,381.5,240.0,747.0,0.8508592844009399
67,9,1822.0,112.0,1920.0,700.0,1871.0,406.0,98.0,588.0,0.8091661334037781
68,1,1602.0,53.0,1878.0,737.0,1740.0,395.0,276.0,684.0,0.9396960735321045
68,14,0.0,176.0,151.0,677.0,75.5,426.5,151.0,501.0,0.9349353313446045
68,7,1480.0,121.0,1683.0,710.0,1581.5,415.5,203.0,589.0,0.9196892380714417
68,5,1403.0,163.0,1536.0,577.0,1469.5,370.0,133.0,414.0,0.9184505939483643
68,8,223.0,112.0,405.0,696.0,314.0,404.0,182.0,584.0,0.911810576915741
68,3,1293.0,210.0,1413.0,578.0,1353.0,394.0,120.0,368.0,0.906360924243927
68,2,623.0,0.0,908.0,766.0,765.5,383.0,285.0,766.0,0.8925195336341858
68,4,365.0,0.0,715.0,849.0,540.0,424.5,350.0,849.0,0.884796142578125
68,16,737.0,91.0,944.0,682.0,840.5,386.5,207.0,591.0,0.8646423816680908
68,17,316.0,9.0,557.0,757.0,436.5,383.0,241.0,748.0,0.861240565776825
68,9,1822.0,111.0,1920.0,701.0,1871.0,406.0,98.0,590.0,0.8129073977470398
69,14,0.0,174.0,157.0,677.0,78.5,425.5,157.0,503.0,0.9396747946739197
69,1,1601.0,54.0,1879.0,741.0,1740.0,397.5,278.0,687.0,0.9374674558639526
69,7,1478.0,122.0,1682.0,711.0,1580.0,416.5,204.0,589.0,0.9193376302719116
69,5,1403.0,163.0,1536.0,578.0,1469.5,370.5,133.0,415.0,0.9172027111053467
69,2,629.0,0.0,915.0,767.0,772.0,383.5,286.0,767.0,0.9067941904067993
69,3,1292.0,209.0,1412.0,578.0,1352.0,393.5,120.0,369.0,0.9034442901611328
69,8,223.0,110.0,405.0,696.0,314.0,403.0,182.0,586.0,0.9032139182090759
69,4,381.0,0.0,722.0,847.0,551.5,423.5,341.0,847.0,0.8997135162353516
69,17,314.0,10.0,551.0,756.0,432.5,383.0,237.0,746.0,0.8654590249061584
69,16,741.0,104.0,944.0,681.0,842.5,392.5,203.0,577.0,0.8494884967803955
69,9,1819.0,109.0,1920.0,703.0,1869.5,406.0,101.0,594.0,0.8240011930465698
70,14,0.0,173.0,161.0,679.0,80.5,426.0,161.0,506.0,0.9425147175788879
70,1,1600.0,55.0,1880.0,741.0,1740.0,398.0,280.0,686.0,0.9341039657592773
70,7,1477.0,122.0,1681.0,711.0,1579.0,416.5,204.0,589.0,0.9200182557106018
70,5,1402.0,165.0,1536.0,578.0,1469.0,371.5,134.0,413.0,0.9174790382385254
70,2,626.0,0.0,926.0,766.0,776.0,383.0,300.0,766.0,0.9103506207466125
70,3,1291.0,204.0,1412.0,577.0,1351.5,390.5,121.0,373.0,0.902314305305481
70,8,222.0,109.0,402.0,694.0,312.0,401.5,180.0,585.0,0.900705873966217
70,4,390.0,0.0,727.0,857.0,558.5,428.5,337.0,857.0,0.8727922439575195
70,17,311.0,11.0,540.0,755.0,425.5,383.0,229.0,744.0,0.8662589192390442
70,16,754.0,121.0,942.0,680.0,848.0,400.5,188.0,559.0,0.8539819121360779
70,9,1817.0,108.0,1920.0,706.0,1868.5,407.0,103.0,598.0,0.8288081884384155
71,14,0.0,173.0,168.0,678.0,84.0,425.5,168.0,505.0,0.9413947463035583
71,1,1602.0,58.0,1877.0,726.0,1739.5,392.0,275.0,668.0,0.9280841946601868
71,7,1476.0,126.0,1680.0,712.0,1578.0,419.0,204.0,586.0,0.9222710728645325
71,5,1402.0,167.0,1535.0,579.0,1468.5,373.0,133.0,412.0,0.9177666902542114
71,2,625.0,0.0,927.0,767.0,776.0,383.5,302.0,767.0,0.9083117842674255
71,3,1290.0,205.0,1412.0,578.0,1351.0,391.5,122.0,373.0,0.9036866426467896
71,4,395.0,0.0,732.0,854.0,563.5,427.0,337.0,854.0,0.8870617151260376
71,8,219.0,108.0,400.0,694.0,309.5,401.0,181.0,586.0,0.8798468112945557
71,16,754.0,123.0,941.0,680.0,847.5,401.5,187.0,557.0,0.8630301356315613
71,17,308.0,12.0,540.0,758.0,424.0,385.0,232.0,746.0,0.8559783697128296
71,9,1816.0,108.0,1920.0,710.0,1868.0,409.0,104.0,602.0,0.8481555581092834
72,14,0.0,170.0,177.0,676.0,88.5,423.0,177.0,506.0,0.9420497417449951
72,1,1601.0,59.0,1877.0,726.0,1739.0,392.5,276.0,667.0,0.925267219543457
72,7,1475.0,128.0,1681.0,714.0,1578.0,421.0,206.0,586.0,0.9236574769020081
72,5,1401.0,167.0,1534.0,580.0,1467.5,373.5,133.0,413.0,0.9175747632980347
72,2,626.0,0.0,927.0,767.0,776.5,383.5,301.0,767.0,0.9075334668159485
72,3,1289.0,204.0,1412.0,580.0,1350.5,392.0,123.0,376.0,0.9025765061378479
72,4,392.0,0.0,738.0,849.0,565.0,424.5,346.0,849.0,0.9023382067680359
72,8,217.0,106.0,396.0,693.0,306.5,399.5,179.0,587.0,0.8789737820625305
72,16,754.0,140.0,940.0,677.0,847.0,408.5,186.0,537.0,0.857999861240387
72,17,306.0,11.0,538.0,758.0,422.0,384.5,232.0,747.0,0.8578668832778931
72,9,1813.0,109.0,1920.0,711.0,1866.5,410.0,107.0,602.0,0.8524632453918457
72,18,1598.0,133.0,1758.0,618.0,1678.0,375.5,160.0,485.0,0.4991672933101654
73,14,0.0,171.0,182.0,674.0,91.0,422.5,182.0,503.0,0.9413365721702576
73,1,1601.0,61.0,1877.0,728.0,1739.0,394.5,276.0,667.0,0.9294565320014954
73,7,1474.0,131.0,1679.0,713.0,1576.5,422.0,205.0,582.0,0.9232593774795532
73,5,1401.0,169.0,1534.0,581.0,1467.5,375.0,133.0,412.0,0.9163133502006531
73,4,405.0,0.0,741.0,846.0,573.0,423.0,336.0,846.0,0.912609875202179
73,2,624.0,0.0,926.0,768.0,775.0,384.0,302.0,768.0,0.9066339731216431
73,3,1288.0,207.0,1412.0,580.0,1350.0,393.5,124.0,373.0,0.8876784443855286
73,8,214.0,108.0,396.0,694.0,305.0,401.0,182.0,586.0,0.8854255080223083
73,17,304.0,11.0,544.0,760.0,424.0,385.5,240.0,749.0,0.8580958843231201
73,16,754.0,147.0,939.0,677.0,846.5,412.0,185.0,530.0,0.8556199073791504
73,9,1811.0,109.0,1920.0,713.0,1865.5,411.0,109.0,604.0,0.8530016541481018
73,18,1598.0,134.0,1758.0,618.0,1678.0,376.0,160.0,484.0,0.5338753461837769
74,14,0.0,169.0,190.0,672.0,95.0,420.5,190.0,503.0,0.9421492218971252
74,1,1602.0,62.0,1877.0,728.0,1739.5,395.0,275.0,666.0,0.929152250289917
74,7,1474.0,133.0,1678.0,714.0,1576.0,423.5,204.0,581.0,0.9223732352256775
74,5,1400.0,169.0,1533.0,581.0,1466.5,375.0,133.0,412.0,0.9170408248901367
74,4,410.0,0.0,736.0,846.0,573.0,423.0,326.0,846.0,0.911421537399292
74,8,211.0,111.0,397.0,694.0,304.0,402.5,186.0,583.0,0.9080888032913208
74,2,624.0,0.0,924.0,768.0,774.0,384.0,300.0,768.0,0.9038639068603516
74,3,1286.0,212.0,1412.0,581.0,1349.0,396.5,126.0,369.0,0.879535436630249
74,17,302.0,12.0,547.0,759.0,424.5,385.5,245.0,747.0,0.8685171008110046
74,9,1807.0,111.0,1920.0,718.0,1863.5,414.5,113.0,607.0,0.8620792031288147
74,16,751.0,140.0,939.0,681.0,845.0,410.5,188.0,541.0,0.8509561419487
74,18,1599.0,135.0,1757.0,619.0,1678.0,377.0,158.0,484.0,0.5484566688537598
75,14,0.0,169.0,198.0,673.0,99.0,421.0,198.0,504.0,0.94794762134552
75,1,1601.0,64.0,1876.0,727.0,1738.5,395.5,275.0,663.0,0.9329519271850586
75,7,1473.0,134.0,1678.0,716.0,1575.5,425.0,205.0,582.0,0.9237704873085022
75,5,1398.0,170.0,1533.0,581.0,1465.5,375.5,135.0,411.0,0.9187809824943542
75,8,211.0,113.0,395.0,694.0,303.0,403.5,184.0,581.0,0.9161083102226257
75,2,624.0,0.0,923.0,769.0,773.5,384.5,299.0,769.0,0.889540433883667
75,4,415.0,0.0,722.0,847.0,568.5,423.5,307.0,847.0,0.8892424702644348
75,3,1287.0,212.0,1412.0,581.0,1349.5,396.5,125.0,369.0,0.877641499042511
75,17,300.0,9.0,542.0,760.0,421.0,384.5,242.0,751.0,0.8743640184402466
75,9,1806.0,113.0,1920.0,719.0,1863.0,416.0,114.0,606.0,0.8732491731643677
75,16,753.0,142.0,939.0,681.0,846.0,411.5,186.0,539.0,0.85390704870224
75,18,1598.0,136.0,1756.0,618.0,1677.0,377.0,158.0,482.0,0.5598744750022888
76,14,1.0,169.0,204.0,673.0,102.5,421.0,203.0,504.0,0.9472792148590088
76,1,1600.0,64.0,1875.0,728.0,1737.5,396.0,275.0,664.0,0.9262051582336426
76,7,1473.0,137.0,1676.0,716.0,1574.5,426.5,203.0,579.0,0.9259957671165466
76,5,1396.0,171.0,1532.0,581.0,1464.0,376.0,136.0,410.0,0.9181444048881531
76,8,210.0,110.0,394.0,696.0,302.0,403.0,184.0,586.0,0.9176970720291138
76,4,421.0,0.0,732.0,847.0,576.5,423.5,311.0,847.0,0.8986300230026245
76,2,624.0,0.0,924.0,769.0,774.0,384.5,300.0,769.0,0.8920737504959106
76,3,1287.0,212.0,1412.0,584.0,1349.5,398.0,125.0,372.0,0.8795448541641235
76,9,1805.0,114.0,1920.0,720.0,1862.5,417.0,115.0,606.0,0.8767957091331482
76,17,298.0,6.0,543.0,759.0,420.5,382.5,245.0,753.0,0.8663774728775024
76,16,756.0,139.0,939.0,680.0,847.5,409.5,183.0,541.0,0.8479893207550049
76,18,1596.0,137.0,1755.0,618.0,1675.5,377.5,159.0,481.0,0.4972406029701233
77,14,4.0,169.0,210.0,675.0,107.0,422.0,206.0,506.0,0.9444116950035095
77,7,1472.0,139.0,1675.0,716.0,1573.5,427.5,203.0,577.0,0.9270188808441162
77,5,1395.0,173.0,1532.0,583.0,1463.5,378.0,137.0,410.0,0.9190619587898254
77,8,209.0,104.0,393.0,697.0,301.0,400.5,184.0,593.0,0.9174192547798157
77,1,1596.0,67.0,1873.0,730.0,1734.5,398.5,277.0,663.0,0.9103412628173828
77,3,1288.0,212.0,1411.0,585.0,1349.5,398.5,123.0,373.0,0.8886172771453857
77,4,425.0,0.0,730.0,848.0,577.5,424.0,305.0,848.0,0.8882020711898804
77,2,624.0,0.0,925.0,768.0,774.5,384.0,301.0,768.0,0.8872789144515991
77,9,1802.0,115.0,1920.0,719.0,1861.0,417.0,118.0,604.0,0.8800244331359863
77,17,296.0,0.0,539.0,763.0,417.5,381.5,243.0,763.0,0.8791024088859558
77,16,755.0,133.0,939.0,681.0,847.0,407.0,184.0,548.0,0.8357001543045044
77,18,1598.0,128.0,1758.0,629.0,1678.0,378.5,160.0,501.0,0.5547977089881897
78,14,4.0,172.0,213.0,675.0,108.5,423.5,209.0,503.0,0.9456336498260498
78,7,1472.0,142.0,1675.0,716.0,1573.5,429.0,203.0,574.0,0.9264656901359558
78,5,1395.0,174.0,1531.0,586.0,1463.0,380.0,136.0,412.0,0.9179849624633789
78,8,208.0,100.0,392.0,696.0,300.0,398.0,184.0,596.0,0.9143758416175842
78,1,1593.0,71.0,1871.0,733.0,1732.0,402.0,278.0,662.0,0.9026445746421814
78,4,424.0,0.0,729.0,848.0,576.5,424.0,305.0,848.0,0.9003691077232361
78,3,1290.0,210.0,1410.0,585.0,1350.0,397.5,120.0,375.0,0.8942816257476807
78,2,625.0,0.0,927.0,769.0,776.0,384.5,302.0,769.0,0.8894868493080139
78,17,294.0,0.0,540.0,763.0,417.0,381.5,246.0,763.0,0.886244535446167
78,9,1800.0,117.0,1920.0,721.0,1860.0,419.0,120.0,604.0,0.8797086477279663
78,16,756.0,130.0,938.0,682.0,847.0,406.0,182.0,552.0,0.8309867978096008
78,18,1598.0,131.0,1759.0,623.0,1678.5,377.0,161.0,492.0,0.5972688794136047
79,14,5.0,174.0,220.0,675.0,112.5,424.5,215.0,501.0,0.9453051686286926
79,7,1471.0,143.0,1674.0,715.0,1572.5,429.0,203.0,572.0,0.9244805574417114
79,5,1395.0,174.0,1532.0,586.0,1463.5,380.0,137.0,412.0,0.9173818230628967
79,8,206.0,98.0,392.0,698.0,299.0,398.0,186.0,600.0,0.9119727611541748
79,4,430.0,0.0,738.0,846.0,584.0,423.0,308.0,846.0,0.9002907872200012
79,1,1595.0,73.0,1869.0,728.0,1732.0,400.5,274.0,655.0,0.8994660377502441
79,3,1288.0,206.0,1410.0,584.0,1349.0,395.0,122.0,378.0,0.8924912214279175
79,17,292.0,0.0,542.0,763.0,417.0,381.5,250.0,763.0,0.8924098014831543
79,2,626.0,0.0,928.0,770.0,777.0,385.0,302.0,770.0,0.8917637467384338
79,9,1797.0,117.0,1920.0,721.0,1858.5,419.0,123.0,604.0,0.8850815892219543
79,16,755.0,122.0,938.0,682.0,846.5,402.0,183.0,560.0,0.7887946963310242
79,18,1594.0,142.0,1759.0,618.0,1676.5,380.0,165.0,476.0,0.5628762245178223
80,14,11.0,174.0,228.0,674.0,119.5,424.0,217.0,500.0,0.9416292905807495
80,7,1471.0,143.0,1673.0,715.0,1572.0,429.0,202.0,572.0,0.9242123961448669
80,5,1394.0,173.0,1531.0,586.0,1462.5,379.5,137.0,413.0,0.9167860150337219
80,8,207.0,98.0,394.0,694.0,300.5,396.0,187.0,596.0,0.9074419140815735
80,1,1592.0,73.0,1866.0,729.0,1729.0,401.0,274.0,656.0,0.9020753502845764
80,4,434.0,0.0,759.0,840.0,596.5,420.0,325.0,840.0,0.8977689743041992
80,17,291.0,0.0,542.0,765.0,416.5,382.5,251.0,765.0,0.8946545720100403
80,9,1795.0,117.0,1920.0,721.0,1857.5,419.0,125.0,604.0,0.8903266787528992
80,3,1288.0,206.0,1410.0,583.0,1349.0,394.5,122.0,377.0,0.8883126974105835
80,2,628.0,0.0,928.0,769.0,778.0,384.5,300.0,769.0,0.8838378190994263
80,16,750.0,94.0,940.0,682.0,845.0,388.0,190.0,588.0,0.7728266716003418
80,18,1592.0,141.0,1759.0,617.0,1675.5,379.0,167.0,476.0,0.5680124759674072
81,14,15.0,175.0,239.0,674.0,127.0,424.5,224.0,499.0,0.9421886801719666
81,7,1471.0,143.0,1672.0,715.0,1571.5,429.0,201.0,572.0,0.922211229801178
81,5,1393.0,173.0,1530.0,586.0,1461.5,379.5,137.0,413.0,0.9154422879219055
81,4,439.0,0.0,767.0,840.0,603.0,420.0,328.0,840.0,0.9087625741958618
81,8,205.0,101.0,393.0,694.0,299.0,397.5,188.0,593.0,0.9065268635749817
81,1,1590.0,72.0,1864.0,730.0,1727.0,401.0,274.0,658.0,0.9044702053070068
81,3,1288.0,202.0,1409.0,585.0,1348.5,393.5,121.0,383.0,0.8960105776786804
81,17,291.0,0.0,543.0,761.0,417.0,380.5,252.0,761.0,0.8922585248947144
81,9,1792.0,116.0,1920.0,722.0,1856.0,419.0,128.0,606.0,0.8881566524505615
81,2,628.0,0.0,928.0,769.0,778.0,384.5,300.0,769.0,0.8743064403533936
81,16,753.0,80.0,937.0,682.0,845.0,381.0,184.0,602.0,0.7427196502685547
81,18,1591.0,141.0,1755.0,615.0,1673.0,378.0,164.0,474.0,0.5711776614189148
81,19,0.0,200.0,31.0,660.0,15.5,430.0,31.0,460.0,0.40101897716522217
82,14,18.0,178.0,243.0,675.0,130.5,426.5,225.0,497.0,0.9439809918403625
82,4,441.0,0.0,770.0,839.0,605.5,419.5,329.0,839.0,0.9249522089958191
82,7,1471.0,143.0,1672.0,715.0,1571.5,429.0,201.0,572.0,0.9199930429458618
82,5,1392.0,173.0,1530.0,587.0,1461.0,380.0,138.0,414.0,0.916120707988739
82,1,1586.0,70.0,1864.0,731.0,1725.0,400.5,278.0,661.0,0.9069236516952515
82,8,204.0,100.0,392.0,693.0,298.0,396.5,188.0,593.0,0.9034992456436157
82,3,1287.0,200.0,1409.0,585.0,1348.0,392.5,122.0,385.0,0.8986338376998901
82,17,292.0,0.0,546.0,761.0,419.0,380.5,254.0,761.0,0.8923925161361694
82,9,1790.0,114.0,1920.0,722.0,1855.0,418.0,130.0,608.0,0.8853777050971985
82,2,629.0,0.0,927.0,769.0,778.0,384.5,298.0,769.0,0.8720123767852783
82,16,750.0,75.0,937.0,682.0,843.5,378.5,187.0,607.0,0.7979589104652405
82,18,1587.0,159.0,1746.0,617.0,1666.5,388.0,159.0,458.0,0.48697200417518616
82,19,0.0,179.0,36.0,663.0,18.0,421.0,36.0,484.0,0.2910754382610321
83,14,24.0,180.0,238.0,675.0,131.0,427.5,214.0,495.0,0.9394941926002502
83,4,441.0,0.0,774.0,841.0,607.5,420.5,333.0,841.0,0.9196981191635132
83,7,1471.0,142.0,1671.0,716.0,1571.0,429.0,200.0,574.0,0.918398916721344
83,5,1392.0,172.0,1529.0,587.0,1460.5,379.5,137.0,415.0,0.915433943271637
83,1,1584.0,67.0,1863.0,732.0,1723.5,399.5,279.0,665.0,0.9043625593185425
83,8,203.0,101.0,393.0,694.0,298.0,397.5,190.0,593.0,0.9003332853317261
83,3,1287.0,199.0,1408.0,585.0,1347.5,392.0,121.0,386.0,0.899980902671814
83,17,291.0,0.0,548.0,758.0,419.5,379.0,257.0,758.0,0.8925443291664124
83,9,1787.0,110.0,1920.0,722.0,1853.5,416.0,133.0,612.0,0.8837485909461975
83,2,630.0,0.0,926.0,770.0,778.0,385.0,296.0,770.0,0.8676081895828247
83,16,753.0,93.0,940.0,679.0,846.5,386.0,187.0,586.0,0.5623405575752258
83,18,1585.0,165.0,1741.0,619.0,1663.0,392.0,156.0,454.0,0.3994869887828827
84,14,29.0,182.0,229.0,676.0,129.0,429.0,200.0,494.0,0.9398108720779419
84,4,445.0,0.0,778.0,843.0,611.5,421.5,333.0,843.0,0.9230445623397827
84,7,1471.0,140.0,1670.0,715.0,1570.5,427.5,199.0,575.0,0.9170206189155579
84,5,1391.0,172.0,1528.0,587.0,1459.5,379.5,137.0,415.0,0.9144127368927002
84,1,1576.0,78.0,1859.0,732.0,1717.5,405.0,283.0,654.0,0.9072094559669495
84,3,1286.0,199.0,1407.0,585.0,1346.5,392.0,121.0,386.0,0.8939822316169739
84,8,203.0,101.0,394.0,695.0,298.5,398.0,191.0,594.0,0.8938828706741333
84,9,1784.0,104.0,1920.0,722.0,1852.0,413.0,136.0,618.0,0.8846860527992249
84,17,284.0,0.0,549.0,757.0,416.5,378.5,265.0,757.0,0.8817355632781982
84,2,627.0,0.0,922.0,772.0,774.5,386.0,295.0,772.0,0.8601170182228088
84,16,747.0,79.0,936.0,684.0,841.5,381.5,189.0,605.0,0.8166021704673767
84,18,1582.0,168.0,1740.0,618.0,1661.0,393.0,158.0,450.0,0.408907026052475
85,14,32.0,183.0,234.0,676.0,133.0,429.5,202.0,493.0,0.9377516508102417
85,4,453.0,0.0,780.0,845.0,616.5,422.5,327.0,845.0,0.9215902090072632
85,1,1574.0,73.0,1857.0,731.0,1715.5,402.0,283.0,658.0,0.9195302724838257
85,7,1471.0,136.0,1668.0,715.0,1569.5,425.5,197.0,579.0,0.9162865877151489
85,5,1389.0,171.0,1527.0,588.0,1458.0,379.5,138.0,417.0,0.9153337478637695
85,8,203.0,102.0,389.0,696.0,296.0,399.0,186.0,594.0,0.8808732628822327
85,9,1783.0,103.0,1920.0,723.0,1851.5,413.0,137.0,620.0,0.8752935528755188
85,3,1286.0,199.0,1406.0,585.0,1346.0,392.0,120.0,386.0,0.8751305937767029
85,17,281.0,0.0,546.0,758.0,413.5,379.0,265.0,758.0,0.8620234131813049
85,16,740.0,89.0,935.0,679.0,837.5,384.0,195.0,590.0,0.844136118888855
85,2,623.0,0.0,919.0,774.0,771.0,387.0,296.0,774.0,0.8252180814743042
85,19,0.0,217.0,53.0,662.0,26.5,439.5,53.0,445.0,0.37538352608680725
85,18,1580.0,164.0,1742.0,620.0,1661.0,392.0,162.0,456.0,0.3352709114551544
86,1,1572.0,68.0,1854.0,731.0,1713.0,399.5,282.0,663.0,0.934268057346344
86,14,35.0,184.0,241.0,675.0,138.0,429.5,206.0,491.0,0.9306012392044067
86,4,455.0,0.0,782.0,844.0,618.5,422.0,327.0,844.0,0.920958936214447
86,5,1387.0,170.0,1526.0,587.0,1456.5,378.5,139.0,417.0,0.9143092632293701
86,7,1470.0,135.0,1666.0,715.0,1568.0,425.0,196.0,580.0,0.913213312625885
86,9,1779.0,99.0,1920.0,723.0,1849.5,411.0,141.0,624.0,0.8751866221427917
86,3,1286.0,199.0,1408.0,585.0,1347.0,392.0,122.0,386.0,0.8644300699234009
86,16,742.0,93.0,933.0,680.0,837.5,386.5,191.0,587.0,0.8503652215003967
86,17,263.0,0.0,543.0,769.0,403.0,384.5,280.0,769.0,0.8426105976104736
86,8,202.0,103.0,387.0,696.0,294.5,399.5,185.0,593.0,0.8402603268623352
86,2,621.0,0.0,912.0,778.0,766.5,389.0,291.0,778.0,0.8087584376335144
86,6,441.0,27.0,633.0,701.0,537.0,364.0,192.0,674.0,0.5422360301017761
87,1,1571.0,61.0,1852.0,734.0,1711.5,397.5,281.0,673.0,0.9488649368286133
87,14,36.0,184.0,249.0,673.0,142.5,428.5,213.0,489.0,0.9252326488494873
87,4,462.0,0.0,783.0,843.0,622.5,421.5,321.0,843.0,0.9232540130615234
87,7,1470.0,134.0,1663.0,714.0,1566.5,424.0,193.0,580.0,0.9129611849784851
87,5,1385.0,169.0,1524.0,586.0,1454.5,377.5,139.0,417.0,0.9111102819442749
87,9,1776.0,96.0,1920.0,722.0,1848.0,409.0,144.0,626.0,0.8735398054122925
87,16,740.0,97.0,932.0,680.0,836.0,388.5,192.0,583.0,0.8506340980529785
87,17,255.0,0.0,543.0,770.0,399.0,385.0,288.0,770.0,0.8418694734573364
87,3,1286.0,201.0,1409.0,585.0,1347.5,393.0,123.0,384.0,0.8336830139160156
87,8,202.0,99.0,389.0,701.0,295.5,400.0,187.0,602.0,0.8166407942771912
87,2,617.0,0.0,907.0,785.0,762.0,392.5,290.0,785.0,0.7989794611930847
87,6,439.0,20.0,635.0,699.0,537.0,359.5,196.0,679.0,0.579073429107666
87,20,1.0,186.0,63.0,683.0,32.0,434.5,62.0,497.0,0.47395750880241394
88,1,1569.0,57.0,1849.0,735.0,1709.0,396.0,280.0,678.0,0.9518334865570068
88,4,457.0,0.0,782.0,841.0,619.5,420.5,325.0,841.0,0.9261114597320557
88,14,45.0,184.0,252.0,673.0,148.5,428.5,207.0,489.0,0.9226673245429993
88,7,1470.0,131.0,1662.0,714.0,1566.0,422.5,192.0,583.0,0.9139533638954163
88,5,1384.0,168.0,1524.0,586.0,1454.0,377.0,140.0,418.0,0.909597635269165
88,9,1775.0,91.0,1920.0,723.0,1847.5,407.0,145.0,632.0,0.8789424896240234
88,16,739.0,99.0,932.0,680.0,835.5,389.5,193.0,581.0,0.8569828271865845
88,3,1286.0,207.0,1411.0,586.0,1348.5,396.5,125.0,379.0,0.8531038761138916
88,17,255.0,0.0,543.0,768.0,399.0,384.0,288.0,768.0,0.8371954560279846
88,2,613.0,0.0,905.0,787.0,759.0,393.5,292.0,787.0,0.8097279667854309
88,8,202.0,100.0,388.0,700.0,295.0,400.0,186.0,600.0,0.8028424978256226
88,20,1.0,182.0,69.0,694.0,35.0,438.0,68.0,512.0,0.5351345539093018
88,6,425.0,23.0,624.0,702.0,524.5,362.5,199.0,679.0,0.4171331226825714
89,1,1567.0,50.0,1849.0,735.0,1708.0,392.5,282.0,685.0,0.9535354375839233
89,4,450.0,0.0,785.0,840.0,617.5,420.0,335.0,840.0,0.9297481775283813
89,14,48.0,183.0,255.0,673.0,151.5,428.0,207.0,490.0,0.9201186895370483
89,7,1469.0,126.0,1662.0,713.0,1565.5,419.5,193.0,587.0,0.9169812202453613
89,5,1383.0,167.0,1524.0,586.0,1453.5,376.5,141.0,419.0,0.9074097275733948
89,9,1773.0,87.0,1920.0,724.0,1846.5,405.5,147.0,637.0,0.8894748687744141
89,2,622.0,11.0,892.0,772.0,757.0,391.5,270.0,761.0,0.869480550289154
89,16,743.0,103.0,932.0,681.0,837.5,392.0,189.0,578.0,0.8676646947860718
89,3,1286.0,209.0,1410.0,586.0,1348.0,397.5,124.0,377.0,0.8634714484214783
89,8,202.0,100.0,389.0,702.0,295.5,401.0,187.0,602.0,0.8283923864364624
89,17,245.0,0.0,539.0,770.0,392.0,385.0,294.0,770.0,0.8185957074165344
89,6,396.0,36.0,595.0,694.0,495.5,365.0,199.0,658.0,0.5287417769432068
89,20,1.0,159.0,73.0,696.0,37.0,427.5,72.0,537.0,0.5173866152763367
90,1,1565.0,46.0,1849.0,736.0,1707.0,391.0,284.0,690.0,0.9545592665672302
90,4,448.0,0.0,786.0,839.0,617.0,419.5,338.0,839.0,0.9296422600746155
90,7,1467.0,122.0,1663.0,713.0,1565.0,417.5,196.0,591.0,0.9214082360267639
90,14,57.0,182.0,257.0,674.0,157.0,428.0,200.0,492.0,0.9166163802146912
90,5,1382.0,166.0,1522.0,585.0,1452.0,375.5,140.0,419.0,0.9044767022132874
90,9,1772.0,87.0,1920.0,724.0,1846.0,405.5,148.0,637.0,0.8978303670883179
90,16,743.0,103.0,931.0,683.0,837.0,393.0,188.0,580.0,0.8756446838378906
90,2,623.0,13.0,889.0,767.0,756.0,390.0,266.0,754.0,0.8748588562011719
90,3,1286.0,212.0,1410.0,586.0,1348.0,399.0,124.0,374.0,0.8726970553398132
90,8,202.0,101.0,392.0,703.0,297.0,402.0,190.0,602.0,0.8511857390403748
90,17,238.0,0.0,539.0,772.0,388.5,386.0,301.0,772.0,0.8009608387947083
90,20,1.0,137.0,79.0,721.0,40.0,429.0,78.0,584.0,0.5615330338478088
90,6,394.0,51.0,589.0,692.0,491.5,371.5,195.0,641.0,0.5185027122497559
91,1,1564.0,45.0,1848.0,736.0,1706.0,390.5,284.0,691.0,0.9537907242774963
91,4,454.0,0.0,787.0,842.0,620.5,421.0,333.0,842.0,0.9283524751663208
91,7,1466.0,121.0,1663.0,713.0,1564.5,417.0,197.0,592.0,0.923173189163208
91,14,68.0,182.0,265.0,672.0,166.5,427.0,197.0,490.0,0.9121732711791992
91,5,1381.0,164.0,1521.0,586.0,1451.0,375.0,140.0,422.0,0.9046849608421326
91,9,1769.0,85.0,1920.0,723.0,1844.5,404.0,151.0,638.0,0.9012025594711304
91,2,619.0,17.0,881.0,765.0,750.0,391.0,262.0,748.0,0.8987945318222046
91,16,740.0,104.0,932.0,686.0,836.0,395.0,192.0,582.0,0.8863440752029419
91,3,1284.0,212.0,1408.0,587.0,1346.0,399.5,124.0,375.0,0.8707444667816162
91,8,202.0,101.0,393.0,704.0,297.5,402.5,191.0,603.0,0.8500844240188599
91,17,233.0,0.0,544.0,775.0,388.5,387.5,311.0,775.0,0.8029762506484985
91,20,0.0,139.0,88.0,763.0,44.0,451.0,88.0,624.0,0.6282520890235901
91,6,394.0,48.0,589.0,697.0,491.5,372.5,195.0,649.0,0.5340558886528015
92,1,1562.0,43.0,1847.0,736.0,1704.5,389.5,285.0,693.0,0.9509901404380798
92,4,459.0,0.0,787.0,841.0,623.0,420.5,328.0,841.0,0.926120400428772
92,7,1465.0,119.0,1664.0,712.0,1564.5,415.5,199.0,593.0,0.9223104119300842
92,5,1380.0,162.0,1520.0,585.0,1450.0,373.5,140.0,423.0,0.9051771759986877
92,14,80.0,180.0,270.0,668.0,175.0,424.0,190.0,488.0,0.9037783145904541
92,9,1768.0,83.0,1920.0,722.0,1844.0,402.5,152.0,639.0,0.8978061676025391
92,16,739.0,105.0,932.0,690.0,835.5,397.5,193.0,585.0,0.8866560459136963
92,2,620.0,16.0,876.0,761.0,748.0,388.5,256.0,745.0,0.8861953616142273
92,8,201.0,102.0,398.0,704.0,299.5,403.0,197.0,602.0,0.8590365052223206
92,3,1283.0,213.0,1407.0,587.0,1345.0,400.0,124.0,374.0,0.8490805625915527
92,17,228.0,0.0,543.0,778.0,385.5,389.0,315.0,778.0,0.794946551322937
92,20,0.0,113.0,94.0,786.0,47.0,449.5,94.0,673.0,0.6064929366111755
92,6,392.0,63.0,596.0,692.0,494.0,377.5,204.0,629.0,0.5070971846580505
93,1,1560.0,41.0,1845.0,734.0,1702.5,387.5,285.0,693.0,0.9463450908660889
93,4,463.0,0.0,792.0,839.0,627.5,419.5,329.0,839.0,0.9212379455566406
93,7,1465.0,118.0,1663.0,711.0,1564.0,414.5,198.0,593.0,0.9209762811660767
93,5,1378.0,161.0,1518.0,585.0,1448.0,373.0,140.0,424.0,0.9041121006011963
93,9,1767.0,80.0,1920.0,721.0,1843.5,400.5,153.0,641.0,0.9010886549949646
93,14,96.0,178.0,273.0,668.0,184.5,423.0,177.0,490.0,0.896416962146759
93,16,732.0,106.0,932.0,690.0,832.0,398.0,200.0,584.0,0.8671537637710571
93,2,623.0,20.0,873.0,764.0,748.0,392.0,250.0,744.0,0.8624330163002014
93,8,201.0,103.0,398.0,704.0,299.5,403.5,197.0,601.0,0.8584645390510559
93,3,1279.0,209.0,1405.0,586.0,1342.0,397.5,126.0,377.0,0.8476071357727051
93,17,225.0,0.0,537.0,758.0,381.0,379.0,312.0,758.0,0.771513044834137
93,20,0.0,94.0,98.0,827.0,49.0,460.5,98.0,733.0,0.5681429505348206
93,6,407.0,50.0,641.0,711.0,524.0,380.5,234.0,661.0,0.5423153638839722
94,1,1559.0,40.0,1845.0,734.0,1702.0,387.0,286.0,694.0,0.9425978064537048
94,7,1463.0,118.0,1662.0,710.0,1562.5,414.0,199.0,592.0,0.9203891754150391
94,4,468.0,0.0,790.0,838.0,629.0,419.0,322.0,838.0,0.9142796397209167
94,5,1375.0,159.0,1517.0,586.0,1446.0,372.5,142.0,427.0,0.9039778709411621
94,9,1766.0,79.0,1920.0,721.0,1843.0,400.0,154.0,642.0,0.9032352566719055
94,14,108.0,176.0,275.0,668.0,191.5,422.0,167.0,492.0,0.9020675420761108
94,16,732.0,107.0,932.0,690.0,832.0,398.5,200.0,583.0,0.8746545314788818
94,3,1279.0,214.0,1403.0,586.0,1341.0,400.0,124.0,372.0,0.8723898530006409
94,8,201.0,103.0,396.0,706.0,298.5,404.5,195.0,603.0,0.866390585899353
94,2,615.0,16.0,872.0,776.0,743.5,396.0,257.0,760.0,0.864954948425293
94,17,228.0,0.0,535.0,760.0,381.5,380.0,307.0,760.0,0.7951409220695496
94,6,426.0,52.0,653.0,710.0,539.5,381.0,227.0,658.0,0.5728147029876709
94,20,0.0,27.0,100.0,931.0,50.0,479.0,100.0,904.0,0.5624907612800598
95,1,1558.0,40.0,1844.0,733.0,1701.0,386.5,286.0,693.0,0.9402171969413757
95,7,1462.0,119.0,1659.0,710.0,1560.5,414.5,197.0,591.0,0.9207253456115723
95,9,1765.0,77.0,1920.0,722.0,1842.5,399.5,155.0,645.0,0.9070113897323608
95,5,1373.0,159.0,1516.0,584.0,1444.5,371.5,143.0,425.0,0.9031223654747009
95,4,469.0,0.0,786.0,838.0,627.5,419.0,317.0,838.0,0.9012868404388428
95,14,121.0,174.0,280.0,667.0,200.5,420.5,159.0,493.0,0.8896099925041199
95,3,1279.0,215.0,1402.0,589.0,1340.5,402.0,123.0,374.0,0.8772432208061218
95,16,731.0,106.0,932.0,692.0,831.5,399.0,201.0,586.0,0.8691625595092773
95,8,201.0,102.0,394.0,706.0,297.5,404.0,193.0,604.0,0.8627835512161255
95,2,608.0,20.0,870.0,778.0,739.0,399.0,262.0,758.0,0.8562145829200745
95,17,230.0,0.0,538.0,761.0,384.0,380.5,308.0,761.0,0.793086051940918
95,6,431.0,52.0,662.0,715.0,546.5,383.5,231.0,663.0,0.6331390738487244
95,20,0.0,3.0,106.0,972.0,53.0,487.5,106.0,969.0,0.5493137240409851
96,1,1556.0,40.0,1843.0,732.0,1699.5,386.0,287.0,692.0,0.940540075302124
96,7,1461.0,119.0,1658.0,711.0,1559.5,415.0,197.0,592.0,0.9203117489814758
96,9,1765.0,78.0,1920.0,721.0,1842.5,399.5,155.0,643.0,0.9141223430633545
96,5,1371.0,159.0,1515.0,583.0,1443.0,371.0,144.0,424.0,0.9029186367988586
96,3,1277.0,214.0,1402.0,590.0,1339.5,402.0,125.0,376.0,0.8824266195297241
96,14,130.0,177.0,283.0,664.0,206.5,420.5,153.0,487.0,0.880460262298584
96,16,733.0,106.0,932.0,692.0,832.5,399.0,199.0,586.0,0.8728867173194885
96,8,202.0,103.0,395.0,703.0,298.5,403.0,193.0,600.0,0.8625537753105164
96,2,601.0,26.0,866.0,776.0,733.5,401.0,265.0,750.0,0.8489922881126404
96,17,227.0,0.0,539.0,763.0,383.0,381.5,312.0,763.0,0.8347022533416748
96,6,433.0,42.0,665.0,713.0,549.0,377.5,232.0,671.0,0.7721769213676453
96,20,0.0,0.0,114.0,1028.0,57.0,514.0,114.0,1028.0,0.731841504573822
96,4,486.0,0.0,780.0,828.0,633.0,414.0,294.0,828.0,0.6836559176445007
97,1,1554.0,42.0,1838.0,743.0,1696.0,392.5,284.0,701.0,0.9398589730262756
97,7,1460.0,120.0,1655.0,712.0,1557.5,416.0,195.0,592.0,0.9185727834701538
97,9,1765.0,78.0,1920.0,721.0,1842.5,399.5,155.0,643.0,0.9147207736968994
97,5,1371.0,159.0,1513.0,583.0,1442.0,371.0,142.0,424.0,0.9043768048286438
97,16,741.0,104.0,932.0,691.0,836.5,397.5,191.0,587.0,0.8881259560585022
97,14,136.0,172.0,291.0,664.0,213.5,418.0,155.0,492.0,0.8876212239265442
97,3,1276.0,219.0,1402.0,590.0,1339.0,404.5,126.0,371.0,0.8804402351379395
97,8,203.0,103.0,395.0,703.0,299.0,403.0,192.0,600.0,0.8611228466033936
97,4,489.0,0.0,785.0,838.0,637.0,419.0,296.0,838.0,0.85214763879776
97,17,239.0,0.0,539.0,765.0,389.0,382.5,300.0,765.0,0.8109608888626099
97,6,435.0,50.0,648.0,708.0,541.5,379.0,213.0,658.0,0.8106767535209656
97,20,0.0,0.0,123.0,1060.0,61.5,530.0,123.0,1060.0,0.7705255746841431
98,1,1553.0,42.0,1838.0,745.0,1695.5,393.5,285.0,703.0,0.939719021320343
98,7,1459.0,122.0,1653.0,711.0,1556.0,416.5,194.0,589.0,0.916644275188446
98,9,1764.0,78.0,1920.0,720.0,1842.0,399.0,156.0,642.0,0.9161571264266968
98,5,1370.0,159.0,1512.0,584.0,1441.0,371.5,142.0,425.0,0.9064481854438782
98,3,1275.0,222.0,1401.0,589.0,1338.0,405.5,126.0,367.0,0.8864294290542603
98,16,739.0,103.0,933.0,692.0,836.0,397.5,194.0,589.0,0.8775874376296997
98,14,143.0,170.0,296.0,659.0,219.5,414.5,153.0,489.0,0.8741650581359863
98,8,204.0,104.0,397.0,703.0,300.5,403.5,193.0,599.0,0.8579995036125183
98,4,503.0,0.0,779.0,841.0,641.0,420.5,276.0,841.0,0.8426344990730286
98,6,428.0,56.0,646.0,703.0,537.0,379.5,218.0,647.0,0.7970476746559143
98,17,262.0,0.0,527.0,770.0,394.5,385.0,265.0,770.0,0.7785441875457764
98,20,0.0,0.0,134.0,1061.0,67.0,530.5,134.0,1061.0,0.7570212483406067
99,1,1552.0,43.0,1836.0,742.0,1694.0,392.5,284.0,699.0,0.9413571953773499
99,9,1763.0,78.0,1920.0,719.0,1841.5,398.5,157.0,641.0,0.921413779258728
99,7,1458.0,123.0,1651.0,712.0,1554.5,417.5,193.0,589.0,0.9170675873756409
99,5,1369.0,160.0,1510.0,584.0,1439.5,372.0,141.0,424.0,0.9085531830787659
99,3,1273.0,219.0,1398.0,588.0,1335.5,403.5,125.0,369.0,0.8814183473587036
99,16,740.0,101.0,933.0,691.0,836.5,396.0,193.0,590.0,0.8752336502075195
99,14,146.0,170.0,299.0,665.0,222.5,417.5,153.0,495.0,0.86467045545578
99,4,515.0,14.0,798.0,819.0,656.5,416.5,283.0,805.0,0.858231782913208
99,8,206.0,105.0,398.0,704.0,302.0,404.5,192.0,599.0,0.840295135974884
99,17,257.0,0.0,525.0,772.0,391.0,386.0,268.0,772.0,0.7751330137252808
99,6,432.0,79.0,637.0,696.0,534.5,387.5,205.0,617.0,0.7536448240280151
99,20,0.0,0.0,143.0,1058.0,71.5,529.0,143.0,1058.0,0.6779252886772156
100,1,1552.0,45.0,1835.0,743.0,1693.5,394.0,283.0,698.0,0.9443446397781372
100,9,1763.0,80.0,1920.0,720.0,1841.5,400.0,157.0,640.0,0.9230249524116516
100,7,1457.0,124.0,1649.0,713.0,1553.0,418.5,192.0,589.0,0.9159885048866272
100,5,1369.0,162.0,1508.0,583.0,1438.5,372.5,139.0,421.0,0.9088678956031799
100,3,1270.0,216.0,1398.0,587.0,1334.0,401.5,128.0,371.0,0.8966929316520691
100,16,739.0,99.0,933.0,691.0,836.0,395.0,194.0,592.0,0.8769764304161072
100,4,507.0,17.0,809.0,814.0,658.0,415.5,302.0,797.0,0.8529058694839478
100,14,149.0,171.0,300.0,666.0,224.5,418.5,151.0,495.0,0.8409292697906494
100,8,208.0,105.0,400.0,704.0,304.0,404.5,192.0,599.0,0.8224822878837585
100,17,246.0,0.0,531.0,773.0,388.5,386.5,285.0,773.0,0.7956482768058777
100,6,442.0,87.0,627.0,695.0,534.5,391.0,185.0,608.0,0.7649343609809875
100,20,0.0,0.0,150.0,1053.0,75.0,526.5,150.0,1053.0,0.6389672756195068
101,1,1551.0,47.0,1835.0,744.0,1693.0,395.5,284.0,697.0,0.9455680847167969
101,9,1763.0,83.0,1920.0,721.0,1841.5,402.0,157.0,638.0,0.926297128200531
101,7,1456.0,126.0,1649.0,711.0,1552.5,418.5,193.0,585.0,0.9155615568161011
101,5,1368.0,165.0,1508.0,583.0,1438.0,374.0,140.0,418.0,0.9100338816642761
101,3,1269.0,215.0,1396.0,586.0,1332.5,400.5,127.0,371.0,0.9003304243087769
101,16,739.0,98.0,934.0,692.0,836.5,395.0,195.0,594.0,0.8848077058792114
101,4,517.0,20.0,802.0,813.0,659.5,416.5,285.0,793.0,0.8202915191650391
101,17,237.0,0.0,536.0,761.0,386.5,380.5,299.0,761.0,0.8090429902076721
101,8,212.0,102.0,400.0,704.0,306.0,403.0,188.0,602.0,0.7932915687561035
101,6,448.0,88.0,626.0,696.0,537.0,392.0,178.0,608.0,0.7821800708770752
101,14,155.0,168.0,306.0,668.0,230.5,418.0,151.0,500.0,0.7708561420440674
101,20,0.0,0.0,154.0,757.0,77.0,378.5,154.0,757.0,0.5569890141487122
102,1,1550.0,48.0,1834.0,744.0,1692.0,396.0,284.0,696.0,0.9468364119529724
102,9,1762.0,85.0,1920.0,724.0,1841.0,404.5,158.0,639.0,0.927165687084198
102,7,1455.0,128.0,1648.0,712.0,1551.5,420.0,193.0,584.0,0.9170753359794617
102,5,1367.0,166.0,1507.0,583.0,1437.0,374.5,140.0,417.0,0.909781277179718
102,3,1269.0,213.0,1395.0,586.0,1332.0,399.5,126.0,373.0,0.9071630835533142
102,16,738.0,95.0,934.0,693.0,836.0,394.0,196.0,598.0,0.8779606223106384
102,4,514.0,18.0,809.0,815.0,661.5,416.5,295.0,797.0,0.8157326579093933
102,6,441.0,88.0,624.0,695.0,532.5,391.5,183.0,607.0,0.804296612739563
102,8,221.0,99.0,403.0,706.0,312.0,402.5,182.0,607.0,0.7704470157623291
102,17,242.0,0.0,533.0,761.0,387.5,380.5,291.0,761.0,0.7671871185302734
102,14,164.0,147.0,335.0,668.0,249.5,407.5,171.0,521.0,0.6985407471656799
102,20,0.0,0.0,163.0,755.0,81.5,377.5,163.0,755.0,0.610933780670166
103,1,1550.0,49.0,1833.0,742.0,1691.5,395.5,283.0,693.0,0.9502269625663757
103,9,1761.0,88.0,1920.0,723.0,1840.5,405.5,159.0,635.0,0.9289857745170593
103,7,1453.0,130.0,1646.0,710.0,1549.5,420.0,193.0,580.0,0.9197031259536743
103,5,1366.0,167.0,1507.0,584.0,1436.5,375.5,141.0,417.0,0.9090077877044678
103,3,1268.0,210.0,1395.0,587.0,1331.5,398.5,127.0,377.0,0.908402681350708
103,16,740.0,92.0,935.0,693.0,837.5,392.5,195.0,601.0,0.8757591247558594
103,4,514.0,9.0,815.0,820.0,664.5,414.5,301.0,811.0,0.8383984565734863
103,6,436.0,88.0,620.0,696.0,528.0,392.0,184.0,608.0,0.8081297874450684
103,8,224.0,100.0,405.0,706.0,314.5,403.0,181.0,606.0,0.7606523036956787
103,17,255.0,0.0,527.0,768.0,391.0,384.0,272.0,768.0,0.7486546039581299
103,20,0.0,0.0,164.0,750.0,82.0,375.0,164.0,750.0,0.4960952699184418
103,14,163.0,137.0,325.0,676.0,244.0,406.5,162.0,539.0,0.3819478154182434
104,1,1550.0,51.0,1833.0,743.0,1691.5,397.0,283.0,692.0,0.9482834339141846
104,9,1760.0,90.0,1920.0,724.0,1840.0,407.0,160.0,634.0,0.9298883080482483
104,7,1452.0,132.0,1645.0,710.0,1548.5,421.0,193.0,578.0,0.9200598001480103
104,3,1267.0,208.0,1395.0,588.0,1331.0,398.0,128.0,380.0,0.9117787480354309
104,5,1364.0,168.0,1507.0,585.0,1435.5,376.5,143.0,417.0,0.9050137996673584
104,16,738.0,89.0,935.0,693.0,836.5,391.0,197.0,604.0,0.8670796155929565
104,6,441.0,87.0,619.0,697.0,530.0,392.0,178.0,610.0,0.8261954188346863
104,17,246.0,0.0,532.0,764.0,389.0,382.0,286.0,764.0,0.7850950360298157
104,2,554.0,0.0,857.0,796.0,705.5,398.0,303.0,796.0,0.7794740796089172
104,8,179.0,93.0,384.0,684.0,281.5,388.5,205.0,591.0,0.7647494077682495
104,20,0.0,0.0,122.0,776.0,61.0,388.0,122.0,776.0,0.3822553753852844
105,1,1548.0,46.0,1834.0,738.0,1691.0,392.0,286.0,692.0,0.9452181458473206
105,9,1760.0,92.0,1920.0,725.0,1840.0,408.5,160.0,633.0,0.9307204484939575
105,7,1449.0,133.0,1644.0,710.0,1546.5,421.5,195.0,577.0,0.9208397269248962
105,3,1267.0,207.0,1395.0,588.0,1331.0,397.5,128.0,381.0,0.9108895063400269
105,5,1365.0,168.0,1505.0,588.0,1435.0,378.0,140.0,420.0,0.9034298062324524
105,16,738.0,88.0,936.0,693.0,837.0,390.5,198.0,605.0,0.8711355328559875
105,6,442.0,85.0,619.0,696.0,530.5,390.5,177.0,611.0,0.8351746797561646
105,17,257.0,0.0,527.0,766.0,392.0,383.0,270.0,766.0,0.8103708624839783
105,2,549.0,0.0,855.0,803.0,702.0,401.5,306.0,803.0,0.7905763983726501
105,8,179.0,92.0,387.0,685.0,283.0,388.5,208.0,593.0,0.7742749452590942
106,1,1548.0,48.0,1834.0,737.0,1691.0,392.5,286.0,689.0,0.9466304183006287
106,9,1760.0,93.0,1920.0,725.0,1840.0,409.0,160.0,632.0,0.9311366081237793
106,7,1447.0,135.0,1643.0,712.0,1545.0,423.5,196.0,577.0,0.9219682216644287
106,3,1267.0,208.0,1394.0,587.0,1330.5,397.5,127.0,379.0,0.9130171537399292
106,5,1365.0,168.0,1502.0,588.0,1433.5,378.0,137.0,420.0,0.9032604694366455
106,16,739.0,88.0,935.0,694.0,837.0,391.0,196.0,606.0,0.8673092722892761
106,6,440.0,85.0,620.0,701.0,530.0,393.0,180.0,616.0,0.8324479460716248
106,4,477.0,3.0,838.0,821.0,657.5,412.0,361.0,818.0,0.7983908653259277
106,17,253.0,0.0,524.0,768.0,388.5,384.0,271.0,768.0,0.7958104014396667
106,8,183.0,91.0,386.0,689.0,284.5,390.0,203.0,598.0,0.784841775894165
106,20,0.0,0.0,211.0,809.0,105.5,404.5,211.0,809.0,0.5149530172348022
107,1,1548.0,49.0,1833.0,739.0,1690.5,394.0,285.0,690.0,0.9481056332588196
107,9,1760.0,96.0,1920.0,725.0,1840.0,410.5,160.0,629.0,0.9306904077529907
107,7,1445.0,135.0,1642.0,712.0,1543.5,423.5,197.0,577.0,0.9217854142189026
107,3,1266.0,207.0,1393.0,589.0,1329.5,398.0,127.0,382.0,0.9179791212081909
107,5,1364.0,169.0,1498.0,587.0,1431.0,378.0,134.0,418.0,0.9025020599365234
107,16,734.0,88.0,934.0,696.0,834.0,392.0,200.0,608.0,0.8622167110443115
107,4,456.0,2.0,840.0,816.0,648.0,409.0,384.0,814.0,0.8528239727020264
107,6,436.0,88.0,618.0,702.0,527.0,395.0,182.0,614.0,0.8374655246734619
107,17,253.0,0.0,521.0,768.0,387.0,384.0,268.0,768.0,0.8101233839988708
107,8,182.0,93.0,383.0,691.0,282.5,392.0,201.0,598.0,0.7889664769172668
107,20,0.0,0.0,209.0,810.0,104.5,405.0,209.0,810.0,0.6169618368148804
108,1,1549.0,51.0,1833.0,741.0,1691.0,396.0,284.0,690.0,0.9495162963867188
108,9,1760.0,97.0,1920.0,727.0,1840.0,412.0,160.0,630.0,0.9291390180587769
108,7,1442.0,135.0,1641.0,715.0,1541.5,425.0,199.0,580.0,0.921531081199646
108,3,1266.0,207.0,1392.0,590.0,1329.0,398.5,126.0,383.0,0.9184156656265259
108,5,1364.0,169.0,1496.0,587.0,1430.0,378.0,132.0,418.0,0.906688928604126
108,16,735.0,88.0,934.0,693.0,834.5,390.5,199.0,605.0,0.8689894080162048
108,6,441.0,86.0,618.0,700.0,529.5,393.0,177.0,614.0,0.8446853756904602
108,17,243.0,0.0,523.0,770.0,383.0,385.0,280.0,770.0,0.8192049264907837
108,8,181.0,93.0,381.0,693.0,281.0,393.0,200.0,600.0,0.8023940920829773
108,2,522.0,0.0,851.0,822.0,686.5,411.0,329.0,822.0,0.7865903973579407
108,20,0.0,0.0,206.0,802.0,103.0,401.0,206.0,802.0,0.6192860007286072
109,1,1549.0,53.0,1833.0,742.0,1691.0,397.5,284.0,689.0,0.9505445957183838
109,9,1759.0,99.0,1920.0,729.0,1839.5,414.0,161.0,630.0,0.9308826327323914
109,7,1439.0,134.0,1637.0,714.0,1538.0,424.0,198.0,580.0,0.9194160103797913
109,3,1265.0,208.0,1392.0,590.0,1328.5,399.0,127.0,382.0,0.9185440540313721
109,5,1364.0,168.0,1493.0,587.0,1428.5,377.5,129.0,419.0,0.9084534645080566
109,2,532.0,0.0,843.0,822.0,687.5,411.0,311.0,822.0,0.877493143081665
109,16,744.0,90.0,931.0,695.0,837.5,392.5,187.0,605.0,0.8705661296844482
109,6,444.0,86.0,621.0,695.0,532.5,390.5,177.0,609.0,0.8553922176361084
109,17,241.0,0.0,519.0,774.0,380.0,387.0,278.0,774.0,0.8472622036933899
109,8,180.0,92.0,381.0,697.0,280.5,394.5,201.0,605.0,0.8152056336402893
109,20,0.0,0.0,204.0,811.0,102.0,405.5,204.0,811.0,0.6497129797935486
110,1,1550.0,55.0,1832.0,742.0,1691.0,398.5,282.0,687.0,0.9521688222885132
110,9,1759.0,101.0,1920.0,727.0,1839.5,414.0,161.0,626.0,0.9317033886909485
110,3,1265.0,209.0,1391.0,590.0,1328.0,399.5,126.0,381.0,0.9200723767280579
110,7,1437.0,134.0,1635.0,715.0,1536.0,424.5,198.0,581.0,0.9154417514801025
110,5,1362.0,166.0,1491.0,587.0,1426.5,376.5,129.0,421.0,0.9100053310394287
110,2,529.0,0.0,845.0,828.0,687.0,414.0,316.0,828.0,0.8987607955932617
110,17,239.0,0.0,517.0,771.0,378.0,385.5,278.0,771.0,0.865951657295227
110,16,743.0,89.0,930.0,693.0,836.5,391.0,187.0,604.0,0.862762451171875
110,6,443.0,84.0,623.0,695.0,533.0,389.5,180.0,611.0,0.8513720035552979
110,8,181.0,92.0,378.0,698.0,279.5,395.0,197.0,606.0,0.8297901153564453
110,20,0.0,0.0,204.0,795.0,102.0,397.5,204.0,795.0,0.6702916026115417
111,1,1550.0,54.0,1832.0,743.0,1691.0,398.5,282.0,689.0,0.9521034359931946
111,9,1759.0,101.0,1920.0,727.0,1839.5,414.0,161.0,626.0,0.9312468767166138
111,3,1264.0,211.0,1390.0,590.0,1327.0,400.5,126.0,379.0,0.9161201119422913
111,7,1434.0,133.0,1632.0,718.0,1533.0,425.5,198.0,585.0,0.9153801202774048
111,5,1362.0,164.0,1492.0,588.0,1427.0,376.0,130.0,424.0,0.9091934561729431
111,2,534.0,0.0,847.0,821.0,690.5,410.5,313.0,821.0,0.9042449593544006
111,17,239.0,0.0,515.0,767.0,377.0,383.5,276.0,767.0,0.867803692817688
111,6,440.0,85.0,621.0,694.0,530.5,389.5,181.0,609.0,0.8528492450714111
111,8,182.0,94.0,377.0,702.0,279.5,398.0,195.0,608.0,0.8504161238670349
111,16,732.0,89.0,929.0,687.0,830.5,388.0,197.0,598.0,0.8477839827537537
111,20,0.0,0.0,206.0,787.0,103.0,393.5,206.0,787.0,0.6982557773590088
112,1,1551.0,52.0,1833.0,745.0,1692.0,398.5,282.0,693.0,0.9503964781761169
112,9,1759.0,101.0,1920.0,727.0,1839.5,414.0,161.0,626.0,0.9299593567848206
112,3,1262.0,212.0,1389.0,589.0,1325.5,400.5,127.0,377.0,0.9168635010719299
112,7,1430.0,130.0,1631.0,719.0,1530.5,424.5,201.0,589.0,0.9151507616043091
112,5,1361.0,162.0,1494.0,588.0,1427.5,375.0,133.0,426.0,0.9084455966949463
112,2,541.0,0.0,856.0,822.0,698.5,411.0,315.0,822.0,0.9025833010673523
112,17,239.0,0.0,512.0,764.0,375.5,382.0,273.0,764.0,0.8732141852378845
112,8,182.0,99.0,378.0,700.0,280.0,399.5,196.0,601.0,0.8465749025344849
112,16,738.0,90.0,926.0,694.0,832.0,392.0,188.0,604.0,0.8449071049690247
112,6,429.0,88.0,619.0,692.0,524.0,390.0,190.0,604.0,0.8279600739479065
112,20,0.0,0.0,205.0,777.0,102.5,388.5,205.0,777.0,0.6787556409835815
113,1,1551.0,52.0,1833.0,743.0,1692.0,397.5,282.0,691.0,0.9495410323143005
113,9,1758.0,100.0,1920.0,727.0,1839.0,413.5,162.0,627.0,0.9290173053741455
113,7,1427.0,127.0,1630.0,721.0,1528.5,424.0,203.0,594.0,0.9159027338027954
113,3,1261.0,212.0,1389.0,588.0,1325.0,400.0,128.0,376.0,0.9143858551979065
113,2,542.0,0.0,862.0,821.0,702.0,410.5,320.0,821.0,0.9082944393157959
113,5,1360.0,161.0,1493.0,588.0,1426.5,374.5,133.0,427.0,0.9055205583572388
113,17,237.0,0.0,512.0,765.0,374.5,382.5,275.0,765.0,0.877180814743042
113,8,186.0,100.0,380.0,702.0,283.0,401.0,194.0,602.0,0.8544312715530396
113,16,737.0,92.0,927.0,695.0,832.0,393.5,190.0,603.0,0.831821620464325
113,6,399.0,87.0,620.0,693.0,509.5,390.0,221.0,606.0,0.8079479932785034
113,20,0.0,0.0,203.0,759.0,101.5,379.5,203.0,759.0,0.7024379372596741
114,1,1552.0,49.0,1833.0,744.0,1692.5,396.5,281.0,695.0,0.9483085870742798
114,9,1757.0,99.0,1920.0,727.0,1838.5,413.0,163.0,628.0,0.928078293800354
114,7,1427.0,125.0,1631.0,720.0,1529.0,422.5,204.0,595.0,0.9181178212165833
114,3,1260.0,214.0,1388.0,587.0,1324.0,400.5,128.0,373.0,0.9161447286605835
114,5,1361.0,160.0,1492.0,587.0,1426.5,373.5,131.0,427.0,0.906261682510376
114,2,553.0,0.0,865.0,828.0,709.0,414.0,312.0,828.0,0.8985909223556519
114,17,236.0,0.0,510.0,770.0,373.0,385.0,274.0,770.0,0.8708629608154297
114,8,186.0,104.0,382.0,706.0,284.0,405.0,196.0,602.0,0.8633800148963928
114,16,745.0,93.0,927.0,698.0,836.0,395.5,182.0,605.0,0.8446564078330994
114,6,393.0,90.0,605.0,684.0,499.0,387.0,212.0,594.0,0.8091311454772949
114,20,0.0,0.0,203.0,743.0,101.5,371.5,203.0,743.0,0.7633681297302246
115,1,1553.0,48.0,1834.0,743.0,1693.5,395.5,281.0,695.0,0.9490517973899841
115,9,1755.0,97.0,1920.0,726.0,1837.5,411.5,165.0,629.0,0.9284809231758118
115,3,1260.0,217.0,1387.0,586.0,1323.5,401.5,127.0,369.0,0.9174286127090454
115,7,1419.0,123.0,1632.0,721.0,1525.5,422.0,213.0,598.0,0.9136656522750854
115,2,554.0,0.0,868.0,826.0,711.0,413.0,314.0,826.0,0.9063063859939575
115,5,1362.0,161.0,1491.0,587.0,1426.5,374.0,129.0,426.0,0.9031566977500916
115,8,182.0,106.0,386.0,705.0,284.0,405.5,204.0,599.0,0.8675646185874939
115,17,235.0,0.0,507.0,766.0,371.0,383.0,272.0,766.0,0.8613706231117249
115,6,408.0,93.0,598.0,694.0,503.0,393.5,190.0,601.0,0.8439905643463135
115,20,0.0,0.0,203.0,729.0,101.5,364.5,203.0,729.0,0.7711829543113708
115,16,709.0,92.0,921.0,684.0,815.0,388.0,212.0,592.0,0.7278220653533936
116,1,1553.0,46.0,1834.0,742.0,1693.5,394.0,281.0,696.0,0.9470580816268921
116,9,1754.0,96.0,1920.0,727.0,1837.0,411.5,166.0,631.0,0.9280897974967957
116,3,1260.0,218.0,1387.0,586.0,1323.5,402.0,127.0,368.0,0.9148763418197632
116,2,556.0,0.0,877.0,825.0,716.5,412.5,321.0,825.0,0.9144594073295593
116,7,1415.0,119.0,1634.0,727.0,1524.5,423.0,219.0,608.0,0.9126134514808655
116,5,1362.0,162.0,1491.0,588.0,1426.5,375.0,129.0,426.0,0.9011700749397278
116,17,229.0,0.0,504.0,764.0,366.5,382.0,275.0,764.0,0.8731760382652283
116,8,182.0,116.0,380.0,700.0,281.0,408.0,198.0,584.0,0.8599245548248291
116,6,423.0,92.0,595.0,696.0,509.0,394.0,172.0,604.0,0.849565863609314
116,20,0.0,0.0,205.0,737.0,102.5,368.5,205.0,737.0,0.8256163597106934
116,16,698.0,95.0,901.0,698.0,799.5,396.5,203.0,603.0,0.7520766854286194
117,1,1553.0,43.0,1834.0,742.0,1693.5,392.5,281.0,699.0,0.9457108974456787
117,9,1754.0,93.0,1920.0,726.0,1837.0,409.5,166.0,633.0,0.9282943606376648
117,3,1259.0,219.0,1388.0,586.0,1323.5,402.5,129.0,367.0,0.9178409576416016
117,7,1412.0,119.0,1633.0,729.0,1522.5,424.0,221.0,610.0,0.9175459146499634
117,2,557.0,0.0,892.0,824.0,724.5,412.0,335.0,824.0,0.9099419713020325
117,5,1362.0,158.0,1492.0,588.0,1427.0,373.0,130.0,430.0,0.9010545611381531
117,17,223.0,0.0,503.0,769.0,363.0,384.5,280.0,769.0,0.881736159324646
117,6,434.0,92.0,595.0,702.0,514.5,397.0,161.0,610.0,0.8577389121055603
117,8,181.0,114.0,377.0,703.0,279.0,408.5,196.0,589.0,0.8566825985908508
117,20,0.0,0.0,205.0,738.0,102.5,369.0,205.0,738.0,0.8291558027267456
117,16,746.0,99.0,948.0,659.0,847.0,379.0,202.0,560.0,0.7475022077560425
118,1,1553.0,43.0,1835.0,742.0,1694.0,392.5,282.0,699.0,0.9463619589805603
118,9,1754.0,90.0,1920.0,727.0,1837.0,408.5,166.0,637.0,0.9278667569160461
118,3,1258.0,220.0,1388.0,588.0,1323.0,404.0,130.0,368.0,0.9195923209190369
118,7,1410.0,118.0,1632.0,728.0,1521.0,423.0,222.0,610.0,0.91949462890625
118,2,561.0,0.0,895.0,827.0,728.0,413.5,334.0,827.0,0.907791793346405
118,5,1361.0,156.0,1492.0,589.0,1426.5,372.5,131.0,433.0,0.8971638083457947
118,17,200.0,0.0,504.0,752.0,352.0,376.0,304.0,752.0,0.8810569047927856
118,8,181.0,116.0,377.0,704.0,279.0,410.0,196.0,588.0,0.859609842300415
118,6,436.0,92.0,596.0,702.0,516.0,397.0,160.0,610.0,0.8477878570556641
118,16,768.0,106.0,985.0,635.0,876.5,370.5,217.0,529.0,0.8229203820228577
118,20,0.0,0.0,205.0,751.0,102.5,375.5,205.0,751.0,0.8124314546585083
118,4,498.0,77.0,665.0,649.0,581.5,363.0,167.0,572.0,0.6485245823860168
119,1,1553.0,42.0,1835.0,742.0,1694.0,392.0,282.0,700.0,0.945259690284729
119,9,1753.0,86.0,1920.0,727.0,1836.5,406.5,167.0,641.0,0.9267117977142334
119,3,1257.0,221.0,1388.0,589.0,1322.5,405.0,131.0,368.0,0.9199438095092773
119,7,1409.0,116.0,1633.0,729.0,1521.0,422.5,224.0,613.0,0.9184197783470154
119,2,572.0,6.0,898.0,830.0,735.0,418.0,326.0,824.0,0.9167531132698059
119,5,1361.0,155.0,1492.0,588.0,1426.5,371.5,131.0,433.0,0.8923456072807312
119,17,196.0,0.0,501.0,751.0,348.5,375.5,305.0,751.0,0.8744288086891174
119,16,772.0,102.0,997.0,653.0,884.5,377.5,225.0,551.0,0.8628305792808533
119,6,433.0,94.0,597.0,702.0,515.0,398.0,164.0,608.0,0.8530651926994324
119,8,180.0,108.0,375.0,704.0,277.5,406.0,195.0,596.0,0.8356002569198608
119,20,0.0,0.0,205.0,746.0,102.5,373.0,205.0,746.0,0.813214123249054
119,4,498.0,73.0,679.0,659.0,588.5,366.0,181.0,586.0,0.6426346302032471
119,21,704.0,109.0,906.0,690.0,805.0,399.5,202.0,581.0,0.4918164908885956
120,1,1553.0,41.0,1834.0,742.0,1693.5,391.5,281.0,701.0,0.9448318481445312
120,9,1752.0,84.0,1920.0,728.0,1836.0,406.0,168.0,644.0,0.9266104698181152
120,3,1257.0,220.0,1386.0,588.0,1321.5,404.0,129.0,368.0,0.9172882437705994
120,7,1407.0,118.0,1637.0,720.0,1522.0,419.0,230.0,602.0,0.9162051677703857
120,16,771.0,106.0,1004.0,652.0,887.5,379.0,233.0,546.0,0.8979026675224304
120,2,578.0,22.0,894.0,827.0,736.0,424.5,316.0,805.0,0.8950706720352173
120,5,1360.0,153.0,1492.0,589.0,1426.0,371.0,132.0,436.0,0.8872541189193726
120,17,192.0,0.0,498.0,746.0,345.0,373.0,306.0,746.0,0.8803399205207825
120,8,178.0,107.0,370.0,704.0,274.0,405.5,192.0,597.0,0.8407078981399536
120,6,435.0,95.0,602.0,703.0,518.5,399.0,167.0,608.0,0.8329934477806091
120,20,0.0,0.0,205.0,753.0,102.5,376.5,205.0,753.0,0.8010395765304565
120,4,518.0,12.0,766.0,705.0,642.0,358.5,248.0,693.0,0.6088303327560425
120,21,701.0,111.0,911.0,704.0,806.0,407.5,210.0,593.0,0.43333637714385986
121,1,1553.0,41.0,1834.0,741.0,1693.5,391.0,281.0,700.0,0.9460461735725403
121,9,1751.0,82.0,1920.0,727.0,1835.5,404.5,169.0,645.0,0.9270387887954712
121,3,1256.0,219.0,1385.0,589.0,1320.5,404.0,129.0,370.0,0.9175502061843872
121,7,1405.0,112.0,1633.0,730.0,1519.0,421.0,228.0,618.0,0.9168731570243835
121,16,768.0,110.0,1019.0,651.0,893.5,380.5,251.0,541.0,0.9034306406974792
121,17,201.0,0.0,499.0,749.0,350.0,374.5,298.0,749.0,0.8984944820404053
121,2,585.0,25.0,891.0,827.0,738.0,426.0,306.0,802.0,0.8831700086593628
121,5,1360.0,152.0,1492.0,589.0,1426.0,370.5,132.0,437.0,0.8798808455467224
121,8,178.0,110.0,367.0,707.0,272.5,408.5,189.0,597.0,0.8648214340209961
121,6,431.0,95.0,600.0,700.0,515.5,397.5,169.0,605.0,0.8303357362747192
121,20,0.0,0.0,204.0,741.0,102.0,370.5,204.0,741.0,0.7977836728096008
121,21,703.0,125.0,914.0,688.0,808.5,406.5,211.0,563.0,0.608165979385376
121,4,529.0,0.0,773.0,710.0,651.0,355.0,244.0,710.0,0.3976498246192932
122,1,1554.0,44.0,1834.0,748.0,1694.0,396.0,280.0,704.0,0.9473165273666382
122,9,1751.0,80.0,1920.0,728.0,1835.5,404.0,169.0,648.0,0.9265570044517517
122,3,1255.0,218.0,1386.0,590.0,1320.5,404.0,131.0,372.0,0.9185676574707031
122,7,1405.0,111.0,1632.0,730.0,1518.5,420.5,227.0,619.0,0.9135892391204834
122,16,767.0,115.0,1030.0,646.0,898.5,380.5,263.0,531.0,0.9112849235534668
122,17,205.0,0.0,499.0,750.0,352.0,375.0,294.0,750.0,0.9042777419090271
122,2,599.0,24.0,885.0,828.0,742.0,426.0,286.0,804.0,0.8847973942756653
122,5,1359.0,151.0,1492.0,589.0,1425.5,370.0,133.0,438.0,0.8781866431236267
122,8,178.0,110.0,363.0,708.0,270.5,409.0,185.0,598.0,0.8666234612464905
122,6,433.0,94.0,598.0,701.0,515.5,397.5,165.0,607.0,0.8424402475357056
122,20,0.0,0.0,204.0,739.0,102.0,369.5,204.0,739.0,0.7689091563224792
122,4,522.0,0.0,785.0,727.0,653.5,363.5,263.0,727.0,0.7137263417243958
122,21,705.0,127.0,904.0,689.0,804.5,408.0,199.0,562.0,0.5147765874862671
123,1,1555.0,43.0,1833.0,748.0,1694.0,395.5,278.0,705.0,0.947540819644928
123,9,1749.0,76.0,1920.0,729.0,1834.5,402.5,171.0,653.0,0.9268227219581604
123,3,1255.0,218.0,1387.0,591.0,1321.0,404.5,132.0,373.0,0.9174554944038391
123,7,1404.0,110.0,1631.0,730.0,1517.5,420.0,227.0,620.0,0.915074348449707
123,17,207.0,0.0,500.0,750.0,353.5,375.0,293.0,750.0,0.9039018750190735
123,16,771.0,117.0,1035.0,647.0,903.0,382.0,264.0,530.0,0.8953869938850403
123,5,1358.0,151.0,1491.0,589.0,1424.5,370.0,133.0,438.0,0.8804555535316467
123,2,605.0,26.0,887.0,827.0,746.0,426.5,282.0,801.0,0.876555860042572
123,8,178.0,107.0,358.0,708.0,268.0,407.5,180.0,601.0,0.859825611114502
123,6,431.0,93.0,592.0,700.0,511.5,396.5,161.0,607.0,0.8520461916923523
123,20,1.0,0.0,210.0,729.0,105.5,364.5,209.0,729.0,0.7753915190696716
123,4,522.0,0.0,786.0,725.0,654.0,362.5,264.0,725.0,0.7463392615318298
123,21,710.0,126.0,909.0,687.0,809.5,406.5,199.0,561.0,0.5182977318763733
124,1,1553.0,43.0,1834.0,747.0,1693.5,395.0,281.0,704.0,0.9494433999061584
124,9,1748.0,69.0,1920.0,730.0,1834.0,399.5,172.0,661.0,0.9269354343414307
124,3,1254.0,217.0,1387.0,591.0,1320.5,404.0,133.0,374.0,0.9181283712387085
124,7,1403.0,112.0,1627.0,724.0,1515.0,418.0,224.0,612.0,0.9161545634269714
124,17,205.0,0.0,500.0,750.0,352.5,375.0,295.0,750.0,0.9028093218803406
124,5,1358.0,152.0,1491.0,589.0,1424.5,370.5,133.0,437.0,0.8765288591384888
124,16,781.0,118.0,1038.0,654.0,909.5,386.0,257.0,536.0,0.8618950247764587
124,6,430.0,90.0,590.0,699.0,510.0,394.5,160.0,609.0,0.8525601625442505
124,2,612.0,24.0,899.0,828.0,755.5,426.0,287.0,804.0,0.8521085977554321
124,8,174.0,104.0,359.0,708.0,266.5,406.0,185.0,604.0,0.8429785370826721
124,4,523.0,0.0,789.0,740.0,656.0,370.0,266.0,740.0,0.8298414945602417
124,20,1.0,0.0,222.0,728.0,111.5,364.0,221.0,728.0,0.7143359184265137
124,21,709.0,122.0,914.0,684.0,811.5,403.0,205.0,562.0,0.331958532333374
125,1,1552.0,43.0,1834.0,746.0,1693.0,394.5,282.0,703.0,0.9499225616455078
125,9,1747.0,68.0,1920.0,730.0,1833.5,399.0,173.0,662.0,0.9272444248199463
125,7,1401.0,110.0,1626.0,724.0,1513.5,417.0,225.0,614.0,0.9180724024772644
125,3,1253.0,217.0,1388.0,591.0,1320.5,404.0,135.0,374.0,0.9173905849456787
125,17,208.0,0.0,493.0,750.0,350.5,375.0,285.0,750.0,0.8768184781074524
125,5,1359.0,154.0,1491.0,588.0,1425.0,371.0,132.0,434.0,0.8726909160614014
125,6,429.0,85.0,591.0,703.0,510.0,394.0,162.0,618.0,0.8496103286743164
125,2,609.0,19.0,902.0,826.0,755.5,422.5,293.0,807.0,0.8438292145729065
125,8,171.0,98.0,353.0,705.0,262.0,401.5,182.0,607.0,0.8288540244102478
125,16,791.0,120.0,1040.0,650.0,915.5,385.0,249.0,530.0,0.8252710103988647
125,4,525.0,0.0,793.0,764.0,659.0,382.0,268.0,764.0,0.8130624890327454
125,20,0.0,0.0,234.0,1080.0,117.0,540.0,234.0,1080.0,0.8015096187591553
125,21,713.0,119.0,914.0,681.0,813.5,400.0,201.0,562.0,0.27051055431365967
126,1,1552.0,41.0,1835.0,745.0,1693.5,393.0,283.0,704.0,0.945449948310852
126,9,1745.0,67.0,1920.0,731.0,1832.5,399.0,175.0,664.0,0.9254018068313599
126,3,1252.0,215.0,1387.0,591.0,1319.5,403.0,135.0,376.0,0.9185612201690674
126,7,1399.0,109.0,1626.0,724.0,1512.5,416.5,227.0,615.0,0.9167941212654114
126,17,206.0,0.0,491.0,763.0,348.5,381.5,285.0,763.0,0.876166820526123
126,5,1359.0,156.0,1491.0,585.0,1425.0,370.5,132.0,429.0,0.8655414581298828
126,20,0.0,0.0,236.0,1080.0,118.0,540.0,236.0,1080.0,0.8639178276062012
126,6,427.0,85.0,592.0,706.0,509.5,395.5,165.0,621.0,0.8591854572296143
126,16,805.0,119.0,1040.0,650.0,922.5,384.5,235.0,531.0,0.8451226353645325
126,2,607.0,15.0,915.0,821.0,761.0,418.0,308.0,806.0,0.8036515712738037
126,8,167.0,97.0,357.0,706.0,262.0,401.5,190.0,609.0,0.7957606315612793
126,4,524.0,0.0,794.0,768.0,659.0,384.0,270.0,768.0,0.7579957246780396
126,14,318.0,73.0,496.0,648.0,407.0,360.5,178.0,575.0,0.5136881470680237
127,1,1552.0,42.0,1834.0,745.0,1693.0,393.5,282.0,703.0,0.9445765018463135
127,9,1744.0,66.0,1920.0,731.0,1832.0,398.5,176.0,665.0,0.9250989556312561
127,7,1397.0,109.0,1625.0,724.0,1511.0,416.5,228.0,615.0,0.9161282181739807
127,3,1251.0,214.0,1384.0,591.0,1317.5,402.5,133.0,377.0,0.916115939617157
127,17,202.0,0.0,493.0,766.0,347.5,383.0,291.0,766.0,0.8939299583435059
127,20,0.0,0.0,241.0,1080.0,120.5,540.0,241.0,1080.0,0.8791679739952087
127,6,424.0,82.0,588.0,711.0,506.0,396.5,164.0,629.0,0.8723427653312683
127,5,1357.0,157.0,1492.0,582.0,1424.5,369.5,135.0,425.0,0.8587846159934998
127,16,798.0,119.0,1043.0,651.0,920.5,385.0,245.0,532.0,0.8558287620544434
127,4,530.0,0.0,794.0,768.0,662.0,384.0,264.0,768.0,0.7990936040878296
127,2,626.0,26.0,937.0,800.0,781.5,413.0,311.0,774.0,0.763687014579773
127,8,150.0,98.0,345.0,704.0,247.5,401.0,195.0,606.0,0.7596257925033569
127,14,325.0,75.0,497.0,650.0,411.0,362.5,172.0,575.0,0.5535261034965515
128,1,1551.0,42.0,1834.0,746.0,1692.5,394.0,283.0,704.0,0.9410288333892822
128,9,1745.0,66.0,1920.0,731.0,1832.5,398.5,175.0,665.0,0.9256957769393921
128,7,1396.0,111.0,1623.0,725.0,1509.5,418.0,227.0,614.0,0.9185308218002319
128,3,1251.0,211.0,1382.0,592.0,1316.5,401.5,131.0,381.0,0.9161132574081421
128,17,203.0,0.0,493.0,767.0,348.0,383.5,290.0,767.0,0.8996176719665527
128,20,0.0,0.0,249.0,1080.0,124.5,540.0,249.0,1080.0,0.8785966038703918
128,6,421.0,81.0,589.0,713.0,505.0,397.0,168.0,632.0,0.8725934624671936
128,16,789.0,118.0,1044.0,653.0,916.5,385.5,255.0,535.0,0.851028561592102
128,5,1356.0,159.0,1492.0,582.0,1424.0,370.5,136.0,423.0,0.8508920669555664
128,2,624.0,21.0,945.0,804.0,784.5,412.5,321.0,783.0,0.8117420673370361
128,4,530.0,0.0,795.0,770.0,662.5,385.0,265.0,770.0,0.8052950501441956
128,8,129.0,98.0,321.0,703.0,225.0,400.5,192.0,605.0,0.784801721572876
128,14,323.0,70.0,497.0,658.0,410.0,364.0,174.0,588.0,0.676081657409668
129,1,1550.0,52.0,1834.0,739.0,1692.0,395.5,284.0,687.0,0.9419652819633484
129,9,1745.0,65.0,1920.0,731.0,1832.5,398.0,175.0,666.0,0.926491916179657
129,7,1394.0,112.0,1621.0,725.0,1507.5,418.5,227.0,613.0,0.9174748659133911
129,3,1249.0,208.0,1383.0,592.0,1316.0,400.0,134.0,384.0,0.9154915809631348
129,17,208.0,0.0,491.0,769.0,349.5,384.5,283.0,769.0,0.8966984748840332
129,20,0.0,0.0,262.0,1080.0,131.0,540.0,262.0,1080.0,0.8858447074890137
129,6,418.0,79.0,588.0,713.0,503.0,396.0,170.0,634.0,0.8728781342506409
129,5,1355.0,161.0,1491.0,583.0,1423.0,372.0,136.0,422.0,0.8441235423088074
129,2,633.0,19.0,952.0,809.0,792.5,414.0,319.0,790.0,0.8392391800880432
129,16,770.0,114.0,1043.0,660.0,906.5,387.0,273.0,546.0,0.8296516537666321
129,4,531.0,0.0,793.0,771.0,662.0,385.5,262.0,771.0,0.8110190629959106
129,8,149.0,95.0,339.0,704.0,244.0,399.5,190.0,609.0,0.8075124025344849
129,14,327.0,78.0,499.0,655.0,413.0,366.5,172.0,577.0,0.5536293387413025
130,1,1549.0,53.0,1833.0,740.0,1691.0,396.5,284.0,687.0,0.942813515663147
130,9,1744.0,68.0,1920.0,731.0,1832.0,399.5,176.0,663.0,0.9265750050544739
130,7,1392.0,115.0,1617.0,726.0,1504.5,420.5,225.0,611.0,0.9195563793182373
130,3,1249.0,207.0,1382.0,593.0,1315.5,400.0,133.0,386.0,0.9164683222770691
130,17,212.0,0.0,491.0,771.0,351.5,385.5,279.0,771.0,0.8898417949676514
130,20,0.0,0.0,273.0,1080.0,136.5,540.0,273.0,1080.0,0.8849323987960815
130,6,417.0,78.0,589.0,711.0,503.0,394.5,172.0,633.0,0.8786352276802063
130,2,638.0,6.0,952.0,819.0,795.0,412.5,314.0,813.0,0.8677195310592651
130,16,796.0,116.0,1040.0,659.0,918.0,387.5,244.0,543.0,0.8413037061691284
130,5,1354.0,161.0,1490.0,585.0,1422.0,373.0,136.0,424.0,0.8385922908782959
130,8,153.0,92.0,339.0,703.0,246.0,397.5,186.0,611.0,0.8160741925239563
130,4,531.0,0.0,792.0,770.0,661.5,385.0,261.0,770.0,0.8129910826683044
130,14,322.0,78.0,498.0,656.0,410.0,367.0,176.0,578.0,0.44991979002952576
131,1,1549.0,53.0,1833.0,740.0,1691.0,396.5,284.0,687.0,0.9412418603897095
131,7,1390.0,117.0,1614.0,727.0,1502.0,422.0,224.0,610.0,0.9264453649520874
131,9,1744.0,72.0,1920.0,730.0,1832.0,401.0,176.0,658.0,0.9248093366622925
131,3,1248.0,204.0,1382.0,593.0,1315.0,398.5,134.0,389.0,0.9175287485122681
131,2,643.0,3.0,956.0,817.0,799.5,410.0,313.0,814.0,0.9092178344726562
131,16,822.0,117.0,1039.0,648.0,930.5,382.5,217.0,531.0,0.9056401252746582
131,17,212.0,0.0,489.0,766.0,350.5,383.0,277.0,766.0,0.8969702124595642
131,6,419.0,79.0,590.0,705.0,504.5,392.0,171.0,626.0,0.8859180212020874
131,20,0.0,0.0,283.0,1080.0,141.5,540.0,283.0,1080.0,0.8847119212150574
131,5,1353.0,162.0,1490.0,588.0,1421.5,375.0,137.0,426.0,0.8483327031135559
131,4,533.0,0.0,790.0,769.0,661.5,384.5,257.0,769.0,0.8346723914146423
131,8,154.0,88.0,341.0,704.0,247.5,396.0,187.0,616.0,0.825337827205658
131,14,320.0,75.0,496.0,651.0,408.0,363.0,176.0,576.0,0.3693849444389343
132,1,1547.0,54.0,1833.0,739.0,1690.0,396.5,286.0,685.0,0.9394683241844177
132,16,841.0,117.0,1045.0,642.0,943.0,379.5,204.0,525.0,0.932723879814148
132,7,1388.0,119.0,1613.0,726.0,1500.5,422.5,225.0,607.0,0.9302754998207092
132,9,1743.0,74.0,1920.0,731.0,1831.5,402.5,177.0,657.0,0.9228625893592834
132,3,1247.0,204.0,1383.0,591.0,1315.0,397.5,136.0,387.0,0.9210953712463379
132,2,645.0,0.0,962.0,820.0,803.5,410.0,317.0,820.0,0.9192554354667664
132,17,213.0,0.0,486.0,766.0,349.5,383.0,273.0,766.0,0.8953362107276917
132,20,0.0,0.0,289.0,1080.0,144.5,540.0,289.0,1080.0,0.884850263595581
132,6,417.0,78.0,589.0,703.0,503.0,390.5,172.0,625.0,0.8836369514465332
132,5,1353.0,162.0,1492.0,588.0,1422.5,375.0,139.0,426.0,0.8566254377365112
132,4,533.0,0.0,791.0,770.0,662.0,385.0,258.0,770.0,0.8345916271209717
132,8,154.0,89.0,345.0,705.0,249.5,397.0,191.0,616.0,0.8166963458061218
132,14,317.0,73.0,494.0,650.0,405.5,361.5,177.0,577.0,0.3014623522758484
133,16,857.0,115.0,1049.0,640.0,953.0,377.5,192.0,525.0,0.9344047904014587
133,1,1546.0,55.0,1832.0,740.0,1689.0,397.5,286.0,685.0,0.9343982338905334
133,7,1387.0,121.0,1611.0,726.0,1499.0,423.5,224.0,605.0,0.9306347966194153
133,2,647.0,0.0,966.0,820.0,806.5,410.0,319.0,820.0,0.923319935798645
133,3,1246.0,205.0,1382.0,592.0,1314.0,398.5,136.0,387.0,0.9229106903076172
133,9,1744.0,78.0,1920.0,731.0,1832.0,404.5,176.0,653.0,0.9103970527648926
133,17,215.0,0.0,485.0,773.0,350.0,386.5,270.0,773.0,0.892782986164093
133,6,415.0,78.0,590.0,705.0,502.5,391.5,175.0,627.0,0.8861433267593384
133,20,0.0,0.0,290.0,1080.0,145.0,540.0,290.0,1080.0,0.8856632709503174
133,5,1354.0,163.0,1493.0,589.0,1423.5,376.0,139.0,426.0,0.8565204739570618
133,4,531.0,0.0,791.0,767.0,661.0,383.5,260.0,767.0,0.8353160619735718
133,8,155.0,87.0,344.0,705.0,249.5,396.0,189.0,618.0,0.7792585492134094
133,14,317.0,70.0,491.0,651.0,404.0,360.5,174.0,581.0,0.3709990978240967
134,16,866.0,112.0,1053.0,637.0,959.5,374.5,187.0,525.0,0.9331030249595642
134,7,1386.0,124.0,1609.0,726.0,1497.5,425.0,223.0,602.0,0.932289183139801
134,1,1543.0,56.0,1830.0,740.0,1686.5,398.0,287.0,684.0,0.9293372631072998
134,2,642.0,0.0,964.0,819.0,803.0,409.5,322.0,819.0,0.9281405210494995
134,3,1244.0,206.0,1383.0,592.0,1313.5,399.0,139.0,386.0,0.9247507452964783
134,9,1742.0,96.0,1920.0,733.0,1831.0,414.5,178.0,637.0,0.9031254053115845
134,17,216.0,0.0,485.0,771.0,350.5,385.5,269.0,771.0,0.8926305174827576
134,20,0.0,0.0,298.0,1080.0,149.0,540.0,298.0,1080.0,0.8886670470237732
134,6,411.0,79.0,590.0,709.0,500.5,394.0,179.0,630.0,0.8813060522079468
134,5,1353.0,163.0,1494.0,590.0,1423.5,376.5,141.0,427.0,0.8563937544822693
134,4,528.0,0.0,787.0,764.0,657.5,382.0,259.0,764.0,0.8320377469062805
134,8,154.0,84.0,342.0,703.0,248.0,393.5,188.0,619.0,0.7661197185516357
135,16,874.0,107.0,1057.0,639.0,965.5,373.0,183.0,532.0,0.9342244267463684
135,2,643.0,5.0,956.0,819.0,799.5,412.0,313.0,814.0,0.9339332580566406
135,7,1385.0,126.0,1606.0,725.0,1495.5,425.5,221.0,599.0,0.9322945475578308
135,1,1541.0,57.0,1829.0,743.0,1685.0,400.0,288.0,686.0,0.9258801937103271
135,3,1244.0,210.0,1382.0,593.0,1313.0,401.5,138.0,383.0,0.9254168272018433
135,9,1742.0,98.0,1920.0,732.0,1831.0,415.0,178.0,634.0,0.9031727313995361
135,6,408.0,79.0,591.0,706.0,499.5,392.5,183.0,627.0,0.9001110792160034
135,20,0.0,0.0,305.0,1080.0,152.5,540.0,305.0,1080.0,0.8995665311813354
135,17,213.0,0.0,483.0,774.0,348.0,387.0,270.0,774.0,0.886720597743988
135,5,1353.0,163.0,1492.0,590.0,1422.5,376.5,139.0,427.0,0.8558437824249268
135,4,526.0,0.0,786.0,762.0,656.0,381.0,260.0,762.0,0.8263323307037354
135,8,155.0,82.0,344.0,705.0,249.5,393.5,189.0,623.0,0.756499707698822
135,14,318.0,67.0,490.0,648.0,404.0,357.5,172.0,581.0,0.3059631884098053
136,7,1384.0,129.0,1604.0,726.0,1494.0,427.5,220.0,597.0,0.9329875111579895
136,2,646.0,6.0,956.0,821.0,801.0,413.5,310.0,815.0,0.9329687356948853
136,1,1539.0,57.0,1825.0,743.0,1682.0,400.0,286.0,686.0,0.9287829995155334
136,16,877.0,104.0,1063.0,642.0,970.0,373.0,186.0,538.0,0.9270980954170227
136,3,1242.0,210.0,1381.0,594.0,1311.5,402.0,139.0,384.0,0.9250823259353638
136,9,1740.0,97.0,1920.0,733.0,1830.0,415.0,180.0,636.0,0.9090064764022827
136,20,0.0,0.0,311.0,1080.0,155.5,540.0,311.0,1080.0,0.9020211696624756
136,6,399.0,80.0,593.0,706.0,496.0,393.0,194.0,626.0,0.8950850963592529
136,17,214.0,0.0,483.0,773.0,348.5,386.5,269.0,773.0,0.890064001083374
136,5,1352.0,164.0,1491.0,591.0,1421.5,377.5,139.0,427.0,0.8557552099227905
136,4,526.0,0.0,787.0,766.0,656.5,383.0,261.0,766.0,0.8467288613319397
136,8,156.0,73.0,347.0,704.0,251.5,388.5,191.0,631.0,0.7420684695243835
136,22,1851.0,144.0,1920.0,607.0,1885.5,375.5,69.0,463.0,0.47594794631004333
137,2,649.0,11.0,955.0,820.0,802.0,415.5,306.0,809.0,0.9354295134544373
137,7,1384.0,132.0,1601.0,726.0,1492.5,429.0,217.0,594.0,0.9321868419647217
137,1,1537.0,57.0,1824.0,744.0,1680.5,400.5,287.0,687.0,0.9312313795089722
137,3,1240.0,213.0,1380.0,594.0,1310.0,403.5,140.0,381.0,0.9246094226837158
137,16,876.0,103.0,1065.0,643.0,970.5,373.0,189.0,540.0,0.920516848564148
137,9,1738.0,98.0,1920.0,734.0,1829.0,416.0,182.0,636.0,0.9172980785369873
137,20,0.0,0.0,314.0,1080.0,157.0,540.0,314.0,1080.0,0.9016707539558411
137,6,405.0,82.0,593.0,708.0,499.0,395.0,188.0,626.0,0.9014615416526794
137,17,213.0,0.0,484.0,770.0,348.5,385.0,271.0,770.0,0.8915277123451233
137,4,520.0,0.0,794.0,779.0,657.0,389.5,274.0,779.0,0.8664158582687378
137,5,1349.0,162.0,1490.0,592.0,1419.5,377.0,141.0,430.0,0.861720085144043
137,8,159.0,60.0,356.0,707.0,257.5,383.5,197.0,647.0,0.6792720556259155
137,22,1849.0,145.0,1920.0,608.0,1884.5,376.5,71.0,463.0,0.4969683885574341
138,1,1536.0,57.0,1822.0,744.0,1679.0,400.5,286.0,687.0,0.9359337687492371
138,7,1382.0,133.0,1600.0,726.0,1491.0,429.5,218.0,593.0,0.9323878884315491
138,2,653.0,13.0,961.0,821.0,807.0,417.0,308.0,808.0,0.9323725700378418
138,3,1239.0,214.0,1378.0,595.0,1308.5,404.5,139.0,381.0,0.9237470626831055
138,9,1735.0,99.0,1920.0,735.0,1827.5,417.0,185.0,636.0,0.9168758392333984
138,16,882.0,103.0,1070.0,643.0,976.0,373.0,188.0,540.0,0.9167990684509277
138,6,402.0,84.0,598.0,711.0,500.0,397.5,196.0,627.0,0.9067947268486023
138,17,209.0,0.0,484.0,772.0,346.5,386.0,275.0,772.0,0.9032586216926575
138,20,0.0,0.0,322.0,1080.0,161.0,540.0,322.0,1080.0,0.8926742672920227
138,4,519.0,0.0,794.0,774.0,656.5,387.0,275.0,774.0,0.8844916820526123
138,5,1348.0,162.0,1491.0,593.0,1419.5,377.5,143.0,431.0,0.8637194633483887
138,8,154.0,63.0,356.0,708.0,255.0,385.5,202.0,645.0,0.5663255453109741
138,22,1844.0,145.0,1920.0,605.0,1882.0,375.0,76.0,460.0,0.5238891243934631
139,1,1533.0,56.0,1819.0,744.0,1676.0,400.0,286.0,688.0,0.9372802376747131
139,7,1383.0,132.0,1598.0,726.0,1490.5,429.0,215.0,594.0,0.933012068271637
139,2,657.0,17.0,967.0,820.0,812.0,418.5,310.0,803.0,0.9284117221832275
139,3,1238.0,217.0,1378.0,594.0,1308.0,405.5,140.0,377.0,0.9243054986000061
139,9,1734.0,100.0,1920.0,735.0,1827.0,417.5,186.0,635.0,0.9182899594306946
139,16,887.0,102.0,1076.0,644.0,981.5,373.0,189.0,542.0,0.9139865636825562
139,17,204.0,0.0,484.0,772.0,344.0,386.0,280.0,772.0,0.9097266793251038
139,6,400.0,87.0,594.0,704.0,497.0,395.5,194.0,617.0,0.907941997051239
139,4,518.0,0.0,794.0,777.0,656.0,388.5,276.0,777.0,0.8995455503463745
139,20,0.0,0.0,324.0,1080.0,162.0,540.0,324.0,1080.0,0.8977744579315186
139,5,1348.0,159.0,1491.0,593.0,1419.5,376.0,143.0,434.0,0.8727800846099854
139,8,151.0,69.0,347.0,711.0,249.0,390.0,196.0,642.0,0.6126018166542053
139,22,1843.0,148.0,1920.0,608.0,1881.5,378.0,77.0,460.0,0.5286152362823486
140,1,1530.0,56.0,1816.0,745.0,1673.0,400.5,286.0,689.0,0.9363399147987366
140,7,1383.0,132.0,1597.0,728.0,1490.0,430.0,214.0,596.0,0.9314095973968506
140,2,659.0,23.0,970.0,821.0,814.5,422.0,311.0,798.0,0.9297136664390564
140,3,1236.0,217.0,1378.0,594.0,1307.0,405.5,142.0,377.0,0.9224510192871094
140,9,1733.0,101.0,1920.0,736.0,1826.5,418.5,187.0,635.0,0.9202268123626709
140,16,898.0,103.0,1082.0,644.0,990.0,373.5,184.0,541.0,0.917338490486145
140,17,202.0,0.0,485.0,772.0,343.5,386.0,283.0,772.0,0.9144375324249268
140,20,0.0,0.0,318.0,1080.0,159.0,540.0,318.0,1080.0,0.9098194241523743
140,6,400.0,90.0,592.0,702.0,496.0,396.0,192.0,612.0,0.908342719078064
140,4,517.0,0.0,794.0,778.0,655.5,389.0,277.0,778.0,0.8998563885688782
140,5,1351.0,154.0,1489.0,596.0,1420.0,375.0,138.0,442.0,0.8659772276878357
140,8,153.0,75.0,347.0,708.0,250.0,391.5,194.0,633.0,0.6373239755630493
140,22,1846.0,158.0,1920.0,611.0,1883.0,384.5,74.0,453.0,0.4932744801044464
141,1,1529.0,50.0,1816.0,741.0,1672.5,395.5,287.0,691.0,0.9447988271713257
141,7,1382.0,132.0,1595.0,730.0,1488.5,431.0,213.0,598.0,0.9317632913589478
141,16,909.0,102.0,1087.0,639.0,998.0,370.5,178.0,537.0,0.9315316677093506
141,2,665.0,28.0,972.0,822.0,818.5,425.0,307.0,794.0,0.9223056435585022
141,3,1233.0,216.0,1373.0,595.0,1303.0,405.5,140.0,379.0,0.9188666939735413
141,9,1731.0,102.0,1920.0,734.0,1825.5,418.0,189.0,632.0,0.9160622358322144
141,17,198.0,0.0,485.0,774.0,341.5,387.0,287.0,774.0,0.910805344581604
141,20,0.0,0.0,320.0,1080.0,160.0,540.0,320.0,1080.0,0.9095878601074219
141,6,400.0,93.0,594.0,703.0,497.0,398.0,194.0,610.0,0.9063548445701599
141,4,517.0,0.0,796.0,782.0,656.5,391.0,279.0,782.0,0.8945159912109375
141,5,1349.0,152.0,1488.0,596.0,1418.5,374.0,139.0,444.0,0.8691486120223999
141,8,153.0,66.0,356.0,708.0,254.5,387.0,203.0,642.0,0.5962197184562683
141,22,1834.0,153.0,1920.0,610.0,1877.0,381.5,86.0,457.0,0.5469415783882141
142,1,1527.0,47.0,1814.0,741.0,1670.5,394.0,287.0,694.0,0.9498464465141296
142,16,912.0,104.0,1094.0,642.0,1003.0,373.0,182.0,538.0,0.9385631084442139
142,7,1381.0,131.0,1594.0,729.0,1487.5,430.0,213.0,598.0,0.9327107667922974
142,2,670.0,30.0,975.0,823.0,822.5,426.5,305.0,793.0,0.9283767938613892
142,9,1728.0,102.0,1920.0,735.0,1824.0,418.5,192.0,633.0,0.9177631139755249
142,3,1230.0,217.0,1369.0,595.0,1299.5,406.0,139.0,378.0,0.9177425503730774
142,17,199.0,0.0,484.0,775.0,341.5,387.5,285.0,775.0,0.91041499376297
142,6,396.0,94.0,595.0,703.0,495.5,398.5,199.0,609.0,0.9100130796432495
142,20,0.0,0.0,321.0,1080.0,160.5,540.0,321.0,1080.0,0.9087755084037781
142,4,514.0,0.0,790.0,789.0,652.0,394.5,276.0,789.0,0.8895253539085388
142,5,1347.0,150.0,1488.0,596.0,1417.5,373.0,141.0,446.0,0.8707586526870728
142,8,151.0,64.0,353.0,711.0,252.0,387.5,202.0,647.0,0.5939643383026123
142,22,1827.0,154.0,1920.0,612.0,1873.5,383.0,93.0,458.0,0.5696845650672913
143,1,1525.0,44.0,1812.0,742.0,1668.5,393.0,287.0,698.0,0.9522309899330139
143,16,921.0,107.0,1099.0,639.0,1010.0,373.0,178.0,532.0,0.9442545175552368
143,7,1381.0,131.0,1592.0,728.0,1486.5,429.5,211.0,597.0,0.9304690361022949
143,2,670.0,29.0,970.0,824.0,820.0,426.5,300.0,795.0,0.9239968061447144
143,3,1228.0,217.0,1369.0,594.0,1298.5,405.5,141.0,377.0,0.9183328747749329
143,9,1723.0,101.0,1920.0,735.0,1821.5,418.0,197.0,634.0,0.915669858455658
143,6,391.0,94.0,595.0,705.0,493.0,399.5,204.0,611.0,0.9104209542274475
143,17,199.0,0.0,483.0,773.0,341.0,386.5,284.0,773.0,0.9096563458442688
143,20,0.0,0.0,325.0,1080.0,162.5,540.0,325.0,1080.0,0.9017431139945984
143,4,512.0,0.0,787.0,790.0,649.5,395.0,275.0,790.0,0.8965488076210022
143,5,1345.0,147.0,1489.0,598.0,1417.0,372.5,144.0,451.0,0.8712408542633057
143,22,1804.0,146.0,1920.0,613.0,1862.0,379.5,116.0,467.0,0.7104629874229431
143,8,150.0,69.0,355.0,712.0,252.5,390.5,205.0,643.0,0.5471251606941223
144,1,1523.0,40.0,1809.0,741.0,1666.0,390.5,286.0,701.0,0.9530994296073914
144,16,924.0,111.0,1104.0,641.0,1014.0,376.0,180.0,530.0,0.944668173789978
144,7,1381.0,129.0,1592.0,729.0,1486.5,429.0,211.0,600.0,0.9301391243934631
144,2,671.0,32.0,968.0,823.0,819.5,427.5,297.0,791.0,0.9257773756980896
144,3,1226.0,218.0,1368.0,594.0,1297.0,406.0,142.0,376.0,0.9170974493026733
144,9,1720.0,99.0,1920.0,736.0,1820.0,417.5,200.0,637.0,0.9121540188789368
144,6,392.0,94.0,591.0,706.0,491.5,400.0,199.0,612.0,0.9033067226409912
144,20,0.0,0.0,326.0,1080.0,163.0,540.0,326.0,1080.0,0.9023070335388184
144,4,513.0,0.0,785.0,791.0,649.0,395.5,272.0,791.0,0.8984019160270691
144,17,198.0,0.0,484.0,769.0,341.0,384.5,286.0,769.0,0.8961491584777832
144,5,1344.0,148.0,1488.0,598.0,1416.0,373.0,144.0,450.0,0.8736457824707031
144,22,1809.0,150.0,1920.0,614.0,1864.5,382.0,111.0,464.0,0.7145987749099731
144,8,153.0,113.0,315.0,709.0,234.0,411.0,162.0,596.0,0.28598856925964355
145,1,1520.0,37.0,1808.0,741.0,1664.0,389.0,288.0,704.0,0.952930212020874
145,16,930.0,114.0,1108.0,644.0,1019.0,379.0,178.0,530.0,0.9471494555473328
145,7,1380.0,128.0,1590.0,728.0,1485.0,428.0,210.0,600.0,0.9283919334411621
145,2,680.0,33.0,962.0,820.0,821.0,426.5,282.0,787.0,0.9268884658813477
145,3,1223.0,217.0,1364.0,594.0,1293.5,405.5,141.0,377.0,0.9186996221542358
145,9,1717.0,96.0,1920.0,736.0,1818.5,416.0,203.0,640.0,0.9113205671310425
145,20,0.0,0.0,325.0,1080.0,162.5,540.0,325.0,1080.0,0.9071626663208008
145,17,198.0,0.0,484.0,772.0,341.0,386.0,286.0,772.0,0.9041305780410767
145,4,513.0,0.0,783.0,797.0,648.0,398.5,270.0,797.0,0.8931328058242798
145,5,1343.0,151.0,1489.0,596.0,1416.0,373.5,146.0,445.0,0.8771927952766418
145,6,391.0,92.0,587.0,709.0,489.0,400.5,196.0,617.0,0.8722270131111145
145,22,1812.0,151.0,1920.0,612.0,1866.0,381.5,108.0,461.0,0.7250285744667053
146,1,1518.0,36.0,1807.0,740.0,1662.5,388.0,289.0,704.0,0.953384518623352
146,16,936.0,117.0,1113.0,646.0,1024.5,381.5,177.0,529.0,0.9449357986450195
146,2,684.0,31.0,958.0,819.0,821.0,425.0,274.0,788.0,0.934265673160553
146,7,1380.0,126.0,1590.0,728.0,1485.0,427.0,210.0,602.0,0.9292163252830505
146,3,1222.0,217.0,1360.0,594.0,1291.0,405.5,138.0,377.0,0.9219972491264343
146,9,1716.0,93.0,1920.0,736.0,1818.0,414.5,204.0,643.0,0.9131180644035339
146,20,0.0,0.0,328.0,1080.0,164.0,540.0,328.0,1080.0,0.9093154668807983
146,17,200.0,0.0,484.0,775.0,342.0,387.5,284.0,775.0,0.905485987663269
146,4,515.0,0.0,780.0,793.0,647.5,396.5,265.0,793.0,0.8920388221740723
146,5,1344.0,151.0,1488.0,595.0,1416.0,373.0,144.0,444.0,0.879267156124115
146,6,386.0,93.0,578.0,704.0,482.0,398.5,192.0,611.0,0.8022868633270264
146,22,1808.0,150.0,1920.0,613.0,1864.0,381.5,112.0,463.0,0.7426145076751709
147,1,1517.0,35.0,1806.0,740.0,1661.5,387.5,289.0,705.0,0.9517089128494263
147,16,941.0,118.0,1120.0,647.0,1030.5,382.5,179.0,529.0,0.9431697726249695
147,2,682.0,31.0,957.0,814.0,819.5,422.5,275.0,783.0,0.9326093196868896
147,7,1379.0,123.0,1590.0,728.0,1484.5,425.5,211.0,605.0,0.9310429692268372
147,3,1220.0,215.0,1358.0,593.0,1289.0,404.0,138.0,378.0,0.9219534397125244
147,9,1714.0,92.0,1920.0,736.0,1817.0,414.0,206.0,644.0,0.9130658507347107
147,17,203.0,0.0,483.0,776.0,343.0,388.0,280.0,776.0,0.9108997583389282
147,20,0.0,0.0,328.0,1080.0,164.0,540.0,328.0,1080.0,0.9094436764717102
147,5,1343.0,150.0,1489.0,596.0,1416.0,373.0,146.0,446.0,0.8826422691345215
147,4,513.0,0.0,776.0,796.0,644.5,398.0,263.0,796.0,0.87949138879776
147,6,373.0,84.0,571.0,707.0,472.0,395.5,198.0,623.0,0.820231020450592
147,22,1809.0,152.0,1920.0,611.0,1864.5,381.5,111.0,459.0,0.7289974093437195
148,1,1513.0,33.0,1806.0,740.0,1659.5,386.5,293.0,707.0,0.9488071799278259
148,16,947.0,118.0,1125.0,645.0,1036.0,381.5,178.0,527.0,0.9439568519592285
148,2,686.0,30.0,957.0,814.0,821.5,422.0,271.0,784.0,0.9329134225845337
148,7,1379.0,119.0,1588.0,728.0,1483.5,423.5,209.0,609.0,0.9303300976753235
148,3,1219.0,215.0,1357.0,592.0,1288.0,403.5,138.0,377.0,0.9223290085792542
148,20,0.0,0.0,329.0,1080.0,164.5,540.0,329.0,1080.0,0.915367066860199
148,9,1714.0,100.0,1920.0,729.0,1817.0,414.5,206.0,629.0,0.9122239351272583
148,17,199.0,0.0,482.0,775.0,340.5,387.5,283.0,775.0,0.9117327332496643
148,5,1342.0,152.0,1487.0,595.0,1414.5,373.5,145.0,443.0,0.8802132606506348
148,4,515.0,0.0,776.0,777.0,645.5,388.5,261.0,777.0,0.8747125864028931
148,6,373.0,83.0,569.0,709.0,471.0,396.0,196.0,626.0,0.8044091463088989
148,22,1820.0,153.0,1920.0,616.0,1870.0,384.5,100.0,463.0,0.7123346924781799
149,1,1511.0,32.0,1806.0,740.0,1658.5,386.0,295.0,708.0,0.9461472630500793
149,16,953.0,119.0,1127.0,644.0,1040.0,381.5,174.0,525.0,0.9386282563209534
149,7,1379.0,114.0,1589.0,729.0,1484.0,421.5,210.0,615.0,0.9283637404441833
149,2,694.0,30.0,958.0,814.0,826.0,422.0,264.0,784.0,0.9279600977897644
149,3,1219.0,212.0,1356.0,592.0,1287.5,402.0,137.0,380.0,0.9236660003662109
149,9,1712.0,98.0,1920.0,729.0,1816.0,413.5,208.0,631.0,0.9124152064323425
149,20,0.0,0.0,337.0,1080.0,168.5,540.0,337.0,1080.0,0.906985342502594
149,4,512.0,0.0,777.0,780.0,644.5,390.0,265.0,780.0,0.9059287309646606
149,17,197.0,0.0,481.0,775.0,339.0,387.5,284.0,775.0,0.9033775329589844
149,5,1340.0,151.0,1485.0,600.0,1412.5,375.5,145.0,449.0,0.8802451491355896
149,6,376.0,88.0,570.0,706.0,473.0,397.0,194.0,618.0,0.8642557859420776
149,22,1819.0,150.0,1920.0,615.0,1869.5,382.5,101.0,465.0,0.7249943614006042
150,1,1510.0,29.0,1805.0,741.0,1657.5,385.0,295.0,712.0,0.9427053928375244
150,16,958.0,121.0,1131.0,642.0,1044.5,381.5,173.0,521.0,0.9414317607879639
150,2,689.0,22.0,960.0,813.0,824.5,417.5,271.0,791.0,0.9322734475135803
150,7,1379.0,108.0,1588.0,729.0,1483.5,418.5,209.0,621.0,0.9283404350280762
150,3,1219.0,211.0,1356.0,592.0,1287.5,401.5,137.0,381.0,0.9237082600593567
150,9,1710.0,84.0,1920.0,733.0,1815.0,408.5,210.0,649.0,0.913811445236206
150,4,509.0,0.0,776.0,781.0,642.5,390.5,267.0,781.0,0.906964123249054
150,17,198.0,0.0,481.0,775.0,339.5,387.5,283.0,775.0,0.9025353193283081
150,20,0.0,0.0,343.0,1080.0,171.5,540.0,343.0,1080.0,0.9005554914474487
150,5,1337.0,153.0,1483.0,600.0,1410.0,376.5,146.0,447.0,0.8873341083526611
150,6,373.0,87.0,572.0,705.0,472.5,396.0,199.0,618.0,0.8692126870155334
150,22,1818.0,150.0,1920.0,616.0,1869.0,383.0,102.0,466.0,0.7558343410491943
151,16,957.0,122.0,1137.0,641.0,1047.0,381.5,180.0,519.0,0.9432836771011353
151,1,1510.0,29.0,1804.0,740.0,1657.0,384.5,294.0,711.0,0.9402218461036682
151,2,688.0,18.0,961.0,813.0,824.5,415.5,273.0,795.0,0.9393135905265808
151,7,1380.0,106.0,1588.0,730.0,1484.0,418.0,208.0,624.0,0.927245020866394
151,3,1219.0,207.0,1354.0,592.0,1286.5,399.5,135.0,385.0,0.9250627160072327
151,9,1709.0,81.0,1920.0,733.0,1814.5,407.0,211.0,652.0,0.9128103256225586
151,20,0.0,0.0,343.0,1080.0,171.5,540.0,343.0,1080.0,0.9063137769699097
151,17,196.0,0.0,478.0,773.0,337.0,386.5,282.0,773.0,0.9022908806800842
151,4,504.0,0.0,772.0,781.0,638.0,390.5,268.0,781.0,0.8894050121307373
151,5,1336.0,155.0,1481.0,599.0,1408.5,377.0,145.0,444.0,0.888906717300415
151,6,376.0,87.0,572.0,701.0,474.0,394.0,196.0,614.0,0.8507384061813354
151,22,1818.0,151.0,1920.0,616.0,1869.0,383.5,102.0,465.0,0.7640703320503235
152,16,966.0,121.0,1143.0,640.0,1054.5,380.5,177.0,519.0,0.9433094263076782
152,1,1510.0,34.0,1801.0,752.0,1655.5,393.0,291.0,718.0,0.9419870376586914
152,2,688.0,16.0,963.0,816.0,825.5,416.0,275.0,800.0,0.9358980059623718
152,7,1378.0,103.0,1587.0,729.0,1482.5,416.0,209.0,626.0,0.9270057082176208
152,3,1219.0,205.0,1354.0,593.0,1286.5,399.0,135.0,388.0,0.9236382246017456
152,9,1709.0,79.0,1920.0,732.0,1814.5,405.5,211.0,653.0,0.9115344882011414
152,17,199.0,0.0,475.0,774.0,337.0,387.0,276.0,774.0,0.8992251753807068
152,20,0.0,0.0,353.0,1080.0,176.5,540.0,353.0,1080.0,0.8975934386253357
152,4,498.0,0.0,774.0,798.0,636.0,399.0,276.0,798.0,0.8893831372261047
152,5,1335.0,157.0,1479.0,597.0,1407.0,377.0,144.0,440.0,0.8863427042961121
152,6,378.0,87.0,576.0,700.0,477.0,393.5,198.0,613.0,0.8330324292182922
152,22,1818.0,150.0,1920.0,615.0,1869.0,382.5,102.0,465.0,0.7712039947509766
153,16,971.0,121.0,1148.0,639.0,1059.5,380.0,177.0,518.0,0.9485748410224915
153,1,1509.0,34.0,1801.0,750.0,1655.0,392.0,292.0,716.0,0.9445648193359375
153,2,694.0,12.0,967.0,815.0,830.5,413.5,273.0,803.0,0.9345862865447998
153,7,1377.0,104.0,1587.0,728.0,1482.0,416.0,210.0,624.0,0.9280358552932739
153,3,1219.0,204.0,1355.0,593.0,1287.0,398.5,136.0,389.0,0.9215109348297119
153,9,1708.0,75.0,1920.0,731.0,1814.0,403.0,212.0,656.0,0.9102955460548401
153,17,201.0,0.0,474.0,777.0,337.5,388.5,273.0,777.0,0.8967795372009277
153,5,1334.0,159.0,1478.0,596.0,1406.0,377.5,144.0,437.0,0.8860208988189697
153,20,0.0,0.0,366.0,1080.0,183.0,540.0,366.0,1080.0,0.8845375776290894
153,4,496.0,0.0,769.0,780.0,632.5,390.0,273.0,780.0,0.8804439902305603
153,6,381.0,86.0,583.0,701.0,482.0,393.5,202.0,615.0,0.8140226006507874
153,22,1817.0,150.0,1920.0,614.0,1868.5,382.0,103.0,464.0,0.7795763611793518
153,23,639.0,61.0,823.0,709.0,731.0,385.0,184.0,648.0,0.5640106201171875
154,16,974.0,117.0,1153.0,639.0,1063.5,378.0,179.0,522.0,0.951981246471405
154,1,1508.0,33.0,1801.0,750.0,1654.5,391.5,293.0,717.0,0.9458610415458679
154,2,697.0,13.0,970.0,812.0,833.5,412.5,273.0,799.0,0.9341877698898315
154,7,1377.0,104.0,1587.0,728.0,1482.0,416.0,210.0,624.0,0.9277443289756775
154,3,1217.0,203.0,1354.0,594.0,1285.5,398.5,137.0,391.0,0.924894392490387
154,9,1707.0,72.0,1920.0,731.0,1813.5,401.5,213.0,659.0,0.9072151780128479
154,17,201.0,0.0,472.0,779.0,336.5,389.5,271.0,779.0,0.8936473727226257
154,5,1334.0,162.0,1478.0,596.0,1406.0,379.0,144.0,434.0,0.8842098116874695
154,4,496.0,0.0,769.0,783.0,632.5,391.5,273.0,783.0,0.8665623664855957
154,20,0.0,0.0,374.0,1080.0,187.0,540.0,374.0,1080.0,0.8628613352775574
154,6,378.0,83.0,594.0,707.0,486.0,395.0,216.0,624.0,0.8001841902732849
154,22,1817.0,149.0,1920.0,615.0,1868.5,382.0,103.0,466.0,0.7889635562896729
154,23,637.0,63.0,822.0,716.0,729.5,389.5,185.0,653.0,0.6600056290626526
155,16,982.0,116.0,1158.0,636.0,1070.0,376.0,176.0,520.0,0.949571430683136
155,1,1507.0,33.0,1800.0,750.0,1653.5,391.5,293.0,717.0,0.9465977549552917
155,2,701.0,14.0,976.0,811.0,838.5,412.5,275.0,797.0,0.9341647624969482
155,7,1377.0,105.0,1586.0,728.0,1481.5,416.5,209.0,623.0,0.9271606206893921
155,3,1217.0,204.0,1357.0,595.0,1287.0,399.5,140.0,391.0,0.9214028120040894
155,9,1706.0,69.0,1920.0,731.0,1813.0,400.0,214.0,662.0,0.907355785369873
155,17,201.0,0.0,468.0,782.0,334.5,391.0,267.0,782.0,0.8904401063919067
155,5,1333.0,164.0,1479.0,595.0,1406.0,379.5,146.0,431.0,0.881162703037262
155,20,1.0,0.0,393.0,1080.0,197.0,540.0,392.0,1080.0,0.8648300766944885
155,4,493.0,0.0,771.0,784.0,632.0,392.0,278.0,784.0,0.8614140748977661
155,22,1816.0,149.0,1920.0,616.0,1868.0,382.5,104.0,467.0,0.7983143329620361
155,6,375.0,83.0,604.0,705.0,489.5,394.0,229.0,622.0,0.7902727127075195
155,23,636.0,64.0,827.0,719.0,731.5,391.5,191.0,655.0,0.6983200907707214
156,16,987.0,116.0,1164.0,635.0,1075.5,375.5,177.0,519.0,0.9470149278640747
156,1,1506.0,34.0,1798.0,751.0,1652.0,392.5,292.0,717.0,0.945122241973877
156,2,702.0,9.0,983.0,815.0,842.5,412.0,281.0,806.0,0.9387961626052856
156,7,1377.0,105.0,1586.0,728.0,1481.5,416.5,209.0,623.0,0.9273054599761963
156,3,1216.0,204.0,1356.0,594.0,1286.0,399.0,140.0,390.0,0.9226235151290894
156,9,1705.0,69.0,1920.0,727.0,1812.5,398.0,215.0,658.0,0.9036457538604736
156,20,1.0,0.0,402.0,1080.0,201.5,540.0,401.0,1080.0,0.8942116498947144
156,17,197.0,0.0,467.0,782.0,332.0,391.0,270.0,782.0,0.8909212350845337
156,5,1332.0,165.0,1479.0,596.0,1405.5,380.5,147.0,431.0,0.8794124126434326
156,4,490.0,0.0,768.0,788.0,629.0,394.0,278.0,788.0,0.8696394562721252
156,22,1815.0,149.0,1920.0,615.0,1867.5,382.0,105.0,466.0,0.7976690530776978
156,6,376.0,85.0,598.0,703.0,487.0,394.0,222.0,618.0,0.765460193157196
156,23,647.0,93.0,825.0,709.0,736.0,401.0,178.0,616.0,0.6903558373451233
157,16,993.0,114.0,1171.0,635.0,1082.0,374.5,178.0,521.0,0.9457343816757202
157,1,1506.0,36.0,1797.0,750.0,1651.5,393.0,291.0,714.0,0.9443234205245972
157,2,703.0,9.0,990.0,814.0,846.5,411.5,287.0,805.0,0.9396763443946838
157,7,1377.0,106.0,1585.0,728.0,1481.0,417.0,208.0,622.0,0.9249899983406067
157,3,1215.0,204.0,1357.0,594.0,1286.0,399.0,142.0,390.0,0.9220331311225891
157,20,0.0,0.0,408.0,1080.0,204.0,540.0,408.0,1080.0,0.9045416712760925
157,9,1705.0,69.0,1920.0,725.0,1812.5,397.0,215.0,656.0,0.9016255736351013
157,17,195.0,0.0,467.0,779.0,331.0,389.5,272.0,779.0,0.8871508836746216
157,5,1331.0,167.0,1479.0,595.0,1405.0,381.0,148.0,428.0,0.8755667209625244
157,4,488.0,0.0,768.0,793.0,628.0,396.5,280.0,793.0,0.8581651449203491
157,6,376.0,78.0,574.0,705.0,475.0,391.5,198.0,627.0,0.8077358603477478
157,22,1814.0,148.0,1920.0,614.0,1867.0,381.0,106.0,466.0,0.7948818206787109
157,23,648.0,93.0,821.0,709.0,734.5,401.0,173.0,616.0,0.6983699202537537
158,16,998.0,110.0,1175.0,637.0,1086.5,373.5,177.0,527.0,0.9489964246749878
158,1,1505.0,33.0,1800.0,741.0,1652.5,387.0,295.0,708.0,0.9448471069335938
158,2,705.0,11.0,994.0,814.0,849.5,412.5,289.0,803.0,0.9423663020133972
158,7,1378.0,109.0,1584.0,729.0,1481.0,419.0,206.0,620.0,0.9241946935653687
158,3,1215.0,206.0,1355.0,594.0,1285.0,400.0,140.0,388.0,0.9223397970199585
158,20,0.0,0.0,419.0,1080.0,209.5,540.0,419.0,1080.0,0.9192827939987183
158,9,1704.0,70.0,1920.0,724.0,1812.0,397.0,216.0,654.0,0.9000540971755981
158,17,191.0,0.0,466.0,780.0,328.5,390.0,275.0,780.0,0.8868594765663147
158,5,1332.0,167.0,1479.0,595.0,1405.5,381.0,147.0,428.0,0.8765396475791931
158,4,486.0,0.0,770.0,789.0,628.0,394.5,284.0,789.0,0.833651065826416
158,6,375.0,79.0,572.0,703.0,473.5,391.0,197.0,624.0,0.8088705539703369
158,22,1813.0,147.0,1920.0,614.0,1866.5,380.5,107.0,467.0,0.800793468952179
158,23,636.0,75.0,821.0,706.0,728.5,390.5,185.0,631.0,0.733270525932312
159,16,1003.0,107.0,1180.0,641.0,1091.5,374.0,177.0,534.0,0.9510493874549866
159,1,1505.0,35.0,1800.0,743.0,1652.5,389.0,295.0,708.0,0.9482924342155457
159,2,705.0,17.0,999.0,811.0,852.0,414.0,294.0,794.0,0.9396032691001892
159,7,1376.0,111.0,1584.0,729.0,1480.0,420.0,208.0,618.0,0.9257633090019226
159,3,1214.0,208.0,1355.0,594.0,1284.5,401.0,141.0,386.0,0.9234810471534729
159,20,0.0,0.0,422.0,1080.0,211.0,540.0,422.0,1080.0,0.9220613241195679
159,9,1703.0,70.0,1920.0,726.0,1811.5,398.0,217.0,656.0,0.897280752658844
159,17,190.0,0.0,464.0,779.0,327.0,389.5,274.0,779.0,0.8876810073852539
159,5,1333.0,168.0,1480.0,596.0,1406.5,382.0,147.0,428.0,0.8724958300590515
159,4,483.0,0.0,781.0,817.0,632.0,408.5,298.0,817.0,0.8356619477272034
159,6,373.0,79.0,571.0,700.0,472.0,389.5,198.0,621.0,0.8341192007064819
159,22,1812.0,146.0,1920.0,614.0,1866.0,380.0,108.0,468.0,0.8029804229736328
159,23,636.0,82.0,820.0,703.0,728.0,392.5,184.0,621.0,0.7168945074081421
159,24,478.0,37.0,655.0,688.0,566.5,362.5,177.0,651.0,0.485826700925827
160,16,1008.0,107.0,1186.0,640.0,1097.0,373.5,178.0,533.0,0.9486448764801025
160,1,1506.0,37.0,1800.0,742.0,1653.0,389.5,294.0,705.0,0.947269082069397
160,2,705.0,22.0,1003.0,812.0,854.0,417.0,298.0,790.0,0.9351012110710144
160,7,1374.0,113.0,1584.0,730.0,1479.0,421.5,210.0,617.0,0.9240754842758179
160,20,0.0,0.0,425.0,1080.0,212.5,540.0,425.0,1080.0,0.9232874512672424
160,3,1213.0,211.0,1354.0,594.0,1283.5,402.5,141.0,383.0,0.9207409024238586
160,9,1703.0,71.0,1920.0,725.0,1811.5,398.0,217.0,654.0,0.8936845660209656
160,17,178.0,0.0,467.0,764.0,322.5,382.0,289.0,764.0,0.8805587887763977
160,5,1335.0,168.0,1481.0,595.0,1408.0,381.5,146.0,427.0,0.8685046434402466
160,6,364.0,73.0,571.0,703.0,467.5,388.0,207.0,630.0,0.854926347732544
160,4,482.0,0.0,780.0,813.0,631.0,406.5,298.0,813.0,0.8410519361495972
160,22,1806.0,147.0,1920.0,611.0,1863.0,379.0,114.0,464.0,0.8116582632064819
160,23,636.0,81.0,817.0,701.0,726.5,391.0,181.0,620.0,0.7091023325920105
160,24,466.0,45.0,654.0,694.0,560.0,369.5,188.0,649.0,0.27555471658706665
161,1,1506.0,40.0,1800.0,741.0,1653.0,390.5,294.0,701.0,0.9449978470802307
161,16,1015.0,106.0,1193.0,640.0,1104.0,373.0,178.0,534.0,0.9429855346679688
161,2,706.0,25.0,1009.0,812.0,857.5,418.5,303.0,787.0,0.9318171143531799
161,7,1373.0,116.0,1584.0,729.0,1478.5,422.5,211.0,613.0,0.9264771342277527
161,3,1213.0,212.0,1354.0,594.0,1283.5,403.0,141.0,382.0,0.924582839012146
161,20,0.0,0.0,427.0,1080.0,213.5,540.0,427.0,1080.0,0.923744797706604
161,9,1705.0,84.0,1919.0,727.0,1812.0,405.5,214.0,643.0,0.893354594707489
161,6,350.0,72.0,568.0,707.0,459.0,389.5,218.0,635.0,0.8898289799690247
161,17,175.0,0.0,463.0,771.0,319.0,385.5,288.0,771.0,0.8760517239570618
161,4,477.0,0.0,786.0,811.0,631.5,405.5,309.0,811.0,0.8542214035987854
161,5,1334.0,168.0,1483.0,597.0,1408.5,382.5,149.0,429.0,0.8482756614685059
161,22,1807.0,146.0,1920.0,609.0,1863.5,377.5,113.0,463.0,0.8166713118553162
161,23,638.0,109.0,815.0,699.0,726.5,404.0,177.0,590.0,0.7088836431503296
161,25,1657.0,141.0,1808.0,607.0,1732.5,374.0,151.0,466.0,0.5356193780899048
162,16,1019.0,103.0,1200.0,636.0,1109.5,369.5,181.0,533.0,0.9487529993057251
162,1,1506.0,41.0,1800.0,743.0,1653.0,392.0,294.0,702.0,0.9440181851387024
162,3,1213.0,214.0,1353.0,594.0,1283.0,404.0,140.0,380.0,0.9230819940567017
162,7,1371.0,119.0,1584.0,729.0,1477.5,424.0,213.0,610.0,0.9229432940483093
162,20,0.0,0.0,431.0,1080.0,215.5,540.0,431.0,1080.0,0.9224461913108826
162,2,710.0,28.0,1014.0,809.0,862.0,418.5,304.0,781.0,0.920049250125885
162,9,1705.0,74.0,1920.0,730.0,1812.5,402.0,215.0,656.0,0.8994923830032349
162,17,174.0,0.0,461.0,774.0,317.5,387.0,287.0,774.0,0.8763955235481262
162,6,362.0,72.0,568.0,710.0,465.0,391.0,206.0,638.0,0.8715683817863464
162,4,478.0,0.0,772.0,792.0,625.0,396.0,294.0,792.0,0.8548935055732727
162,22,1806.0,145.0,1920.0,608.0,1863.0,376.5,114.0,463.0,0.8261899948120117
162,5,1331.0,171.0,1484.0,598.0,1407.5,384.5,153.0,427.0,0.8119861483573914
162,23,640.0,123.0,814.0,696.0,727.0,409.5,174.0,573.0,0.7738478183746338
162,25,1652.0,139.0,1807.0,609.0,1729.5,374.0,155.0,470.0,0.5220669507980347
163,16,1022.0,104.0,1204.0,635.0,1113.0,369.5,182.0,531.0,0.9504295587539673
163,1,1508.0,43.0,1799.0,744.0,1653.5,393.5,291.0,701.0,0.9467682838439941
163,20,0.0,0.0,432.0,1080.0,216.0,540.0,432.0,1080.0,0.9236786365509033
163,7,1369.0,122.0,1584.0,729.0,1476.5,425.5,215.0,607.0,0.9234411716461182
163,3,1213.0,214.0,1352.0,595.0,1282.5,404.5,139.0,381.0,0.9213163256645203
163,2,713.0,32.0,1018.0,807.0,865.5,419.5,305.0,775.0,0.9158546924591064
163,9,1703.0,74.0,1920.0,731.0,1811.5,402.5,217.0,657.0,0.9046031832695007
163,17,172.0,0.0,459.0,778.0,315.5,389.0,287.0,778.0,0.8905642628669739
163,4,477.0,0.0,763.0,791.0,620.0,395.5,286.0,791.0,0.867311418056488
163,6,365.0,72.0,565.0,711.0,465.0,391.5,200.0,639.0,0.8665695786476135
163,22,1805.0,143.0,1920.0,609.0,1862.5,376.0,115.0,466.0,0.837795078754425
163,5,1333.0,171.0,1481.0,596.0,1407.0,383.5,148.0,425.0,0.7959872484207153
163,23,639.0,125.0,810.0,698.0,724.5,411.5,171.0,573.0,0.7899158000946045
163,25,1652.0,141.0,1808.0,611.0,1730.0,376.0,156.0,470.0,0.4456256330013275
164,1,1508.0,42.0,1801.0,746.0,1654.5,394.0,293.0,704.0,0.951245129108429
164,16,1026.0,102.0,1212.0,633.0,1119.0,367.5,186.0,531.0,0.9504631161689758
164,20,0.0,0.0,432.0,1080.0,216.0,540.0,432.0,1080.0,0.9236858487129211
164,7,1367.0,124.0,1584.0,731.0,1475.5,427.5,217.0,607.0,0.9234800934791565
164,3,1212.0,214.0,1352.0,595.0,1282.0,404.5,140.0,381.0,0.9220744371414185
164,9,1699.0,76.0,1920.0,732.0,1809.5,404.0,221.0,656.0,0.9097294211387634
164,2,720.0,37.0,1020.0,804.0,870.0,420.5,300.0,767.0,0.9091755747795105
164,17,171.0,0.0,458.0,783.0,314.5,391.5,287.0,783.0,0.887981116771698
164,4,475.0,0.0,766.0,789.0,620.5,394.5,291.0,789.0,0.8779297471046448
164,6,369.0,74.0,563.0,707.0,466.0,390.5,194.0,633.0,0.8761945962905884
164,22,1802.0,142.0,1920.0,609.0,1861.0,375.5,118.0,467.0,0.8462164998054504
164,23,629.0,140.0,812.0,697.0,720.5,418.5,183.0,557.0,0.8121893405914307
164,5,1335.0,171.0,1480.0,590.0,1407.5,380.5,145.0,419.0,0.791678249835968
164,25,1655.0,142.0,1814.0,614.0,1734.5,378.0,159.0,472.0,0.27142226696014404
165,1,1509.0,41.0,1803.0,749.0,1656.0,395.0,294.0,708.0,0.9544081091880798
165,16,1030.0,105.0,1220.0,630.0,1125.0,367.5,190.0,525.0,0.9449825286865234
165,7,1365.0,126.0,1585.0,732.0,1475.0,429.0,220.0,606.0,0.925971508026123
165,3,1214.0,214.0,1351.0,595.0,1282.5,404.5,137.0,381.0,0.921717643737793
165,9,1697.0,78.0,1920.0,733.0,1808.5,405.5,223.0,655.0,0.9136898517608643
165,2,726.0,36.0,1017.0,803.0,871.5,419.5,291.0,767.0,0.9125990271568298
165,20,0.0,0.0,430.0,1080.0,215.0,540.0,430.0,1080.0,0.9109233021736145
165,4,473.0,0.0,775.0,791.0,624.0,395.5,302.0,791.0,0.8868815898895264
165,6,371.0,75.0,563.0,709.0,467.0,392.0,192.0,634.0,0.875523567199707
165,17,175.0,0.0,453.0,785.0,314.0,392.5,278.0,785.0,0.8704425096511841
165,22,1799.0,141.0,1920.0,610.0,1859.5,375.5,121.0,469.0,0.8532800078392029
165,23,626.0,139.0,814.0,696.0,720.0,417.5,188.0,557.0,0.8229042887687683
165,5,1335.0,166.0,1476.0,590.0,1405.5,378.0,141.0,424.0,0.8054848909378052
166,1,1510.0,39.0,1803.0,751.0,1656.5,395.0,293.0,712.0,0.9553573727607727
166,16,1037.0,108.0,1233.0,630.0,1135.0,369.0,196.0,522.0,0.9342448115348816
166,2,728.0,31.0,1016.0,805.0,872.0,418.0,288.0,774.0,0.9339433908462524
166,7,1364.0,129.0,1584.0,732.0,1474.0,430.5,220.0,603.0,0.9285019636154175
166,3,1214.0,214.0,1346.0,596.0,1280.0,405.0,132.0,382.0,0.9239827394485474
166,9,1694.0,79.0,1920.0,734.0,1807.0,406.5,226.0,655.0,0.9148080945014954
166,4,468.0,0.0,775.0,791.0,621.5,395.5,307.0,791.0,0.9002131819725037
166,6,369.0,75.0,564.0,710.0,466.5,392.5,195.0,635.0,0.8893594145774841
166,20,0.0,0.0,419.0,1080.0,209.5,540.0,419.0,1080.0,0.8838147521018982
166,17,175.0,0.0,452.0,784.0,313.5,392.0,277.0,784.0,0.8698581457138062
166,22,1797.0,142.0,1920.0,613.0,1858.5,377.5,123.0,471.0,0.859170138835907
166,23,627.0,140.0,807.0,698.0,717.0,419.0,180.0,558.0,0.8112645149230957
166,5,1337.0,164.0,1476.0,591.0,1406.5,377.5,139.0,427.0,0.7915913462638855
167,1,1512.0,37.0,1805.0,753.0,1658.5,395.0,293.0,716.0,0.9554608464241028
167,2,729.0,29.0,1016.0,812.0,872.5,420.5,287.0,783.0,0.9430367946624756
167,16,1044.0,111.0,1237.0,631.0,1140.5,371.0,193.0,520.0,0.935161292552948
167,3,1214.0,212.0,1345.0,596.0,1279.5,404.0,131.0,384.0,0.9261282682418823
167,7,1360.0,130.0,1584.0,732.0,1472.0,431.0,224.0,602.0,0.9258522987365723
167,9,1695.0,82.0,1920.0,734.0,1807.5,408.0,225.0,652.0,0.9139195680618286
167,20,0.0,0.0,430.0,1080.0,215.0,540.0,430.0,1080.0,0.9038866758346558
167,6,368.0,76.0,561.0,711.0,464.5,393.5,193.0,635.0,0.8923748731613159
167,4,469.0,0.0,775.0,785.0,622.0,392.5,306.0,785.0,0.8786230683326721
167,17,175.0,0.0,451.0,776.0,313.0,388.0,276.0,776.0,0.864562451839447
167,22,1797.0,142.0,1920.0,614.0,1858.5,378.0,123.0,472.0,0.8630349040031433
167,23,627.0,130.0,808.0,698.0,717.5,414.0,181.0,568.0,0.8016018271446228
167,5,1339.0,166.0,1485.0,591.0,1412.0,378.5,146.0,425.0,0.7889900803565979
168,1,1513.0,35.0,1807.0,752.0,1660.0,393.5,294.0,717.0,0.954052746295929
168,2,732.0,36.0,1018.0,807.0,875.0,421.5,286.0,771.0,0.9423736333847046
168,16,1048.0,111.0,1240.0,637.0,1144.0,374.0,192.0,526.0,0.9359309077262878
168,3,1214.0,211.0,1346.0,597.0,1280.0,404.0,132.0,386.0,0.9250038266181946
168,7,1359.0,129.0,1583.0,732.0,1471.0,430.5,224.0,603.0,0.922632098197937
168,20,0.0,0.0,438.0,1080.0,219.0,540.0,438.0,1080.0,0.9192677140235901
168,9,1692.0,84.0,1918.0,733.0,1805.0,408.5,226.0,649.0,0.9094150066375732
168,4,468.0,0.0,771.0,782.0,619.5,391.0,303.0,782.0,0.8932617902755737
168,6,367.0,77.0,559.0,708.0,463.0,392.5,192.0,631.0,0.8860378265380859
168,17,175.0,0.0,450.0,771.0,312.5,385.5,275.0,771.0,0.8686049580574036
168,22,1793.0,142.0,1920.0,615.0,1856.5,378.5,127.0,473.0,0.8670009970664978
168,23,628.0,129.0,806.0,695.0,717.0,412.0,178.0,566.0,0.8183566927909851
168,5,1341.0,163.0,1490.0,600.0,1415.5,381.5,149.0,437.0,0.7793877720832825
169,1,1516.0,33.0,1809.0,750.0,1662.5,391.5,293.0,717.0,0.9517197012901306
169,16,1052.0,112.0,1253.0,640.0,1152.5,376.0,201.0,528.0,0.9397865533828735
169,2,733.0,39.0,1023.0,806.0,878.0,422.5,290.0,767.0,0.9375883936882019
169,7,1357.0,129.0,1581.0,733.0,1469.0,431.0,224.0,604.0,0.9244760870933533
169,3,1215.0,208.0,1346.0,597.0,1280.5,402.5,131.0,389.0,0.9242559671401978
169,20,0.0,0.0,442.0,1080.0,221.0,540.0,442.0,1080.0,0.9200171828269958
169,9,1693.0,86.0,1917.0,735.0,1805.0,410.5,224.0,649.0,0.9134466648101807
169,6,366.0,80.0,558.0,709.0,462.0,394.5,192.0,629.0,0.8845326900482178
169,4,468.0,0.0,770.0,780.0,619.0,390.0,302.0,780.0,0.8785279989242554
169,22,1793.0,141.0,1920.0,615.0,1856.5,378.0,127.0,474.0,0.8738894462585449
169,17,173.0,0.0,448.0,773.0,310.5,386.5,275.0,773.0,0.8597650527954102
169,23,631.0,128.0,804.0,694.0,717.5,411.0,173.0,566.0,0.8134632706642151
169,5,1341.0,160.0,1489.0,597.0,1415.0,378.5,148.0,437.0,0.7909078001976013
170,1,1517.0,31.0,1810.0,750.0,1663.5,390.5,293.0,719.0,0.9488473534584045
170,16,1055.0,112.0,1263.0,642.0,1159.0,377.0,208.0,530.0,0.9398523569107056
170,2,733.0,38.0,1031.0,803.0,882.0,420.5,298.0,765.0,0.934533417224884
170,7,1356.0,128.0,1578.0,733.0,1467.0,430.5,222.0,605.0,0.9258425831794739
170,3,1214.0,207.0,1345.0,598.0,1279.5,402.5,131.0,391.0,0.9232960939407349
170,20,0.0,0.0,443.0,1080.0,221.5,540.0,443.0,1080.0,0.921313464641571
170,9,1693.0,87.0,1917.0,736.0,1805.0,411.5,224.0,649.0,0.9136183857917786
170,4,467.0,0.0,767.0,781.0,617.0,390.5,300.0,781.0,0.8960615396499634
170,6,369.0,82.0,558.0,709.0,463.5,395.5,189.0,627.0,0.8750483989715576
170,22,1790.0,141.0,1920.0,615.0,1855.0,378.0,130.0,474.0,0.8727508783340454
170,17,167.0,0.0,448.0,783.0,307.5,391.5,281.0,783.0,0.8503453135490417
170,5,1340.0,152.0,1487.0,602.0,1413.5,377.0,147.0,450.0,0.8349494934082031
170,23,628.0,121.0,802.0,698.0,715.0,409.5,174.0,577.0,0.8123868107795715
171,1,1519.0,30.0,1812.0,751.0,1665.5,390.5,293.0,721.0,0.9482476711273193
171,16,1057.0,114.0,1266.0,642.0,1161.5,378.0,209.0,528.0,0.9370285272598267
171,2,730.0,33.0,1037.0,805.0,883.5,419.0,307.0,772.0,0.934568464756012
171,7,1352.0,127.0,1574.0,734.0,1463.0,430.5,222.0,607.0,0.9250714778900146
171,3,1214.0,201.0,1345.0,599.0,1279.5,400.0,131.0,398.0,0.9193223118782043
171,20,0.0,0.0,442.0,1080.0,221.0,540.0,442.0,1080.0,0.9175028800964355
171,9,1693.0,88.0,1916.0,736.0,1804.5,412.0,223.0,648.0,0.9142747521400452
171,4,467.0,0.0,765.0,782.0,616.0,391.0,298.0,782.0,0.8911072015762329
171,6,366.0,84.0,558.0,708.0,462.0,396.0,192.0,624.0,0.8784043192863464
171,22,1786.0,145.0,1920.0,615.0,1853.0,380.0,134.0,470.0,0.8754172921180725
171,5,1337.0,148.0,1486.0,603.0,1411.5,375.5,149.0,455.0,0.8540409803390503
171,17,162.0,0.0,446.0,784.0,304.0,392.0,284.0,784.0,0.8375850915908813
171,23,625.0,120.0,801.0,700.0,713.0,410.0,176.0,580.0,0.8097314834594727
172,1,1520.0,31.0,1813.0,750.0,1666.5,390.5,293.0,719.0,0.9475923180580139
172,16,1058.0,116.0,1271.0,640.0,1164.5,378.0,213.0,524.0,0.9365744590759277
172,7,1350.0,123.0,1574.0,731.0,1462.0,427.0,224.0,608.0,0.9269616007804871
172,2,734.0,30.0,1041.0,803.0,887.5,416.5,307.0,773.0,0.9268568754196167
172,20,0.0,0.0,442.0,1080.0,221.0,540.0,442.0,1080.0,0.9145914912223816
172,3,1212.0,196.0,1344.0,599.0,1278.0,397.5,132.0,403.0,0.9124795198440552
172,9,1694.0,89.0,1915.0,737.0,1804.5,413.0,221.0,648.0,0.9112500548362732
172,4,464.0,0.0,766.0,783.0,615.0,391.5,302.0,783.0,0.9026485681533813
172,6,365.0,83.0,559.0,709.0,462.0,396.0,194.0,626.0,0.8800575137138367
172,22,1785.0,144.0,1920.0,615.0,1852.5,379.5,135.0,471.0,0.8783963918685913
172,5,1336.0,146.0,1485.0,602.0,1410.5,374.0,149.0,456.0,0.8493834137916565
172,23,626.0,120.0,800.0,702.0,713.0,411.0,174.0,582.0,0.826442301273346
172,17,163.0,0.0,443.0,783.0,303.0,391.5,280.0,783.0,0.8158213496208191
173,1,1521.0,31.0,1814.0,747.0,1667.5,389.0,293.0,716.0,0.9420314431190491
173,16,1060.0,119.0,1271.0,639.0,1165.5,379.0,211.0,520.0,0.9359277486801147
173,7,1347.0,121.0,1571.0,731.0,1459.0,426.0,224.0,610.0,0.9323724508285522
173,2,736.0,24.0,1043.0,802.0,889.5,413.0,307.0,778.0,0.9233978986740112
173,20,0.0,0.0,441.0,1080.0,220.5,540.0,441.0,1080.0,0.9129090905189514
173,9,1692.0,87.0,1916.0,737.0,1804.0,412.0,224.0,650.0,0.9080127477645874
173,4,463.0,0.0,766.0,784.0,614.5,392.0,303.0,784.0,0.9074907302856445
173,3,1212.0,192.0,1344.0,600.0,1278.0,396.0,132.0,408.0,0.9051411151885986
173,6,366.0,84.0,559.0,710.0,462.5,397.0,193.0,626.0,0.8814719319343567
173,22,1781.0,144.0,1920.0,614.0,1850.5,379.0,139.0,470.0,0.8736310005187988
173,5,1337.0,147.0,1479.0,596.0,1408.0,371.5,142.0,449.0,0.8432377576828003
173,23,626.0,119.0,801.0,703.0,713.5,411.0,175.0,584.0,0.8309222459793091
173,17,165.0,0.0,441.0,782.0,303.0,391.0,276.0,782.0,0.7877206802368164
174,16,1062.0,119.0,1279.0,641.0,1170.5,380.0,217.0,522.0,0.9382798075675964
174,1,1521.0,31.0,1815.0,746.0,1668.0,388.5,294.0,715.0,0.9377626180648804
174,7,1346.0,118.0,1568.0,731.0,1457.0,424.5,222.0,613.0,0.9362757802009583
174,20,0.0,0.0,440.0,1080.0,220.0,540.0,440.0,1080.0,0.9148882627487183
174,2,736.0,23.0,1044.0,801.0,890.0,412.0,308.0,778.0,0.9125977754592896
174,9,1692.0,87.0,1916.0,737.0,1804.0,412.0,224.0,650.0,0.909348726272583
174,4,462.0,0.0,763.0,785.0,612.5,392.5,301.0,785.0,0.9031397104263306
174,3,1214.0,191.0,1344.0,600.0,1279.0,395.5,130.0,409.0,0.9013211727142334
174,6,367.0,85.0,557.0,709.0,462.0,397.0,190.0,624.0,0.8814661502838135
174,22,1777.0,146.0,1920.0,613.0,1848.5,379.5,143.0,467.0,0.8663896322250366
174,5,1333.0,141.0,1479.0,602.0,1406.0,371.5,146.0,461.0,0.8373285531997681
174,23,620.0,116.0,808.0,681.0,714.0,398.5,188.0,565.0,0.7880399227142334
174,17,169.0,0.0,440.0,782.0,304.5,391.0,271.0,782.0,0.7865776419639587
175,16,1064.0,120.0,1281.0,642.0,1172.5,381.0,217.0,522.0,0.9389342069625854
175,7,1345.0,117.0,1567.0,730.0,1456.0,423.5,222.0,613.0,0.937523603439331
175,1,1521.0,40.0,1816.0,748.0,1668.5,394.0,295.0,708.0,0.9358800649642944
175,20,0.0,0.0,441.0,1080.0,220.5,540.0,441.0,1080.0,0.9144057631492615
175,9,1693.0,87.0,1916.0,737.0,1804.5,412.0,223.0,650.0,0.9076443910598755
175,3,1216.0,195.0,1344.0,602.0,1280.0,398.5,128.0,407.0,0.8987050652503967
175,2,740.0,23.0,1043.0,800.0,891.5,411.5,303.0,777.0,0.8984193801879883
175,4,460.0,0.0,762.0,788.0,611.0,394.0,302.0,788.0,0.8978458046913147
175,6,366.0,84.0,558.0,710.0,462.0,397.0,192.0,626.0,0.8777232766151428
175,22,1780.0,145.0,1920.0,614.0,1850.0,379.5,140.0,469.0,0.8497518301010132
175,5,1338.0,145.0,1477.0,595.0,1407.5,370.0,139.0,450.0,0.830629825592041
175,23,619.0,115.0,828.0,666.0,723.5,390.5,209.0,551.0,0.7784242033958435
175,17,169.0,0.0,438.0,782.0,303.5,391.0,269.0,782.0,0.7611938118934631
175,26,851.0,72.0,1037.0,633.0,944.0,352.5,186.0,561.0,0.7349945902824402
176,16,1066.0,120.0,1283.0,642.0,1174.5,381.0,217.0,522.0,0.9398937225341797
176,7,1346.0,116.0,1565.0,732.0,1455.5,424.0,219.0,616.0,0.9368764758110046
176,1,1521.0,39.0,1817.0,748.0,1669.0,393.5,296.0,709.0,0.9368547201156616
176,4,456.0,0.0,766.0,788.0,611.0,394.0,310.0,788.0,0.9081859588623047
176,20,1.0,0.0,441.0,1080.0,221.0,540.0,440.0,1080.0,0.9072721004486084
176,9,1694.0,86.0,1916.0,738.0,1805.0,412.0,222.0,652.0,0.9008299708366394
176,3,1215.0,196.0,1345.0,604.0,1280.0,400.0,130.0,408.0,0.8924738168716431
176,2,745.0,28.0,1039.0,790.0,892.0,409.0,294.0,762.0,0.8901795148849487
176,6,365.0,84.0,561.0,710.0,463.0,397.0,196.0,626.0,0.876386821269989
176,5,1337.0,140.0,1481.0,597.0,1409.0,368.5,144.0,457.0,0.831256091594696
176,22,1780.0,160.0,1920.0,608.0,1850.0,384.0,140.0,448.0,0.8178909420967102
176,23,624.0,126.0,842.0,670.0,733.0,398.0,218.0,544.0,0.7817108035087585
176,17,148.0,0.0,438.0,786.0,293.0,393.0,290.0,786.0,0.7120222449302673
176,26,860.0,84.0,1042.0,632.0,951.0,358.0,182.0,548.0,0.6851863265037537
177,16,1072.0,120.0,1287.0,642.0,1179.5,381.0,215.0,522.0,0.9392343759536743
177,1,1519.0,32.0,1818.0,760.0,1668.5,396.0,299.0,728.0,0.9367651343345642
177,7,1346.0,114.0,1562.0,732.0,1454.0,423.0,216.0,618.0,0.9358684420585632
177,4,455.0,0.0,767.0,799.0,611.0,399.5,312.0,799.0,0.9168621897697449
177,20,2.0,0.0,445.0,1080.0,223.5,540.0,443.0,1080.0,0.8973594903945923
177,9,1693.0,84.0,1915.0,736.0,1804.0,410.0,222.0,652.0,0.8963109254837036
177,2,749.0,25.0,1033.0,794.0,891.0,409.5,284.0,769.0,0.8916526436805725
177,3,1211.0,195.0,1345.0,601.0,1278.0,398.0,134.0,406.0,0.8902654051780701
177,6,363.0,83.0,562.0,711.0,462.5,397.0,199.0,628.0,0.8764806985855103
177,5,1336.0,138.0,1481.0,599.0,1408.5,368.5,145.0,461.0,0.8168410062789917
177,22,1783.0,163.0,1920.0,607.0,1851.5,385.0,137.0,444.0,0.8115729093551636
177,23,624.0,95.0,856.0,685.0,740.0,390.0,232.0,590.0,0.7985262870788574
177,26,858.0,75.0,1040.0,632.0,949.0,353.5,182.0,557.0,0.7909427881240845
177,17,147.0,0.0,436.0,782.0,291.5,391.0,289.0,782.0,0.650840699672699
178,1,1518.0,30.0,1819.0,759.0,1668.5,394.5,301.0,729.0,0.9383406639099121
178,7,1345.0,110.0,1559.0,733.0,1452.0,421.5,214.0,623.0,0.9367061257362366
178,16,1078.0,120.0,1291.0,642.0,1184.5,381.0,213.0,522.0,0.9338574409484863
178,20,1.0,0.0,457.0,1080.0,229.0,540.0,456.0,1080.0,0.9123976826667786
178,4,456.0,0.0,765.0,795.0,610.5,397.5,309.0,795.0,0.9115062355995178
178,9,1696.0,76.0,1918.0,736.0,1807.0,406.0,222.0,660.0,0.8969764113426208
178,3,1209.0,200.0,1344.0,599.0,1276.5,399.5,135.0,399.0,0.8944953083992004
178,2,756.0,23.0,1028.0,793.0,892.0,408.0,272.0,770.0,0.8873324394226074
178,6,362.0,82.0,562.0,711.0,462.0,396.5,200.0,629.0,0.8794269561767578
178,23,637.0,100.0,866.0,699.0,751.5,399.5,229.0,599.0,0.8363168239593506
178,5,1335.0,140.0,1478.0,600.0,1406.5,370.0,143.0,460.0,0.8228805065155029
178,22,1785.0,166.0,1920.0,608.0,1852.5,387.0,135.0,442.0,0.8029780387878418
178,26,858.0,73.0,1036.0,635.0,947.0,354.0,178.0,562.0,0.7831889390945435
178,17,170.0,0.0,439.0,780.0,304.5,390.0,269.0,780.0,0.6676895022392273
179,1,1519.0,29.0,1820.0,758.0,1669.5,393.5,301.0,729.0,0.9387868046760559
179,7,1344.0,107.0,1558.0,734.0,1451.0,420.5,214.0,627.0,0.9368012547492981
179,16,1087.0,130.0,1291.0,638.0,1189.0,384.0,204.0,508.0,0.9270639419555664
179,20,2.0,0.0,460.0,1080.0,231.0,540.0,458.0,1080.0,0.9165676832199097
179,4,456.0,0.0,759.0,786.0,607.5,393.0,303.0,786.0,0.9010238647460938
179,3,1208.0,202.0,1342.0,599.0,1275.0,400.5,134.0,397.0,0.8991115093231201
179,9,1697.0,73.0,1917.0,737.0,1807.0,405.0,220.0,664.0,0.8954575061798096
179,2,755.0,21.0,1031.0,791.0,893.0,406.0,276.0,770.0,0.8886208534240723
179,6,363.0,83.0,562.0,710.0,462.5,396.5,199.0,627.0,0.8810843229293823
179,23,638.0,106.0,870.0,697.0,754.0,401.5,232.0,591.0,0.8554008603096008
179,5,1334.0,157.0,1468.0,596.0,1401.0,376.5,134.0,439.0,0.8219752907752991
179,22,1786.0,167.0,1920.0,606.0,1853.0,386.5,134.0,439.0,0.7937087416648865
179,26,863.0,75.0,1037.0,636.0,950.0,355.5,174.0,561.0,0.7745058536529541
179,17,175.0,0.0,444.0,774.0,309.5,387.0,269.0,774.0,0.615492045879364
180,1,1519.0,29.0,1820.0,758.0,1669.5,393.5,301.0,729.0,0.9388405680656433
180,7,1342.0,107.0,1556.0,734.0,1449.0,420.5,214.0,627.0,0.9366593956947327
180,16,1094.0,125.0,1294.0,636.0,1194.0,380.5,200.0,511.0,0.925433874130249
180,4,460.0,0.0,754.0,790.0,607.0,395.0,294.0,790.0,0.9093089699745178
180,20,2.0,0.0,464.0,1080.0,233.0,540.0,462.0,1080.0,0.9066116809844971
180,3,1208.0,204.0,1342.0,599.0,1275.0,401.5,134.0,395.0,0.900071382522583
180,9,1695.0,68.0,1917.0,738.0,1806.0,403.0,222.0,670.0,0.8981462717056274
180,6,362.0,81.0,564.0,712.0,463.0,396.5,202.0,631.0,0.8881136178970337
180,2,752.0,20.0,1028.0,794.0,890.0,407.0,276.0,774.0,0.8662575483322144
180,23,638.0,105.0,873.0,694.0,755.5,399.5,235.0,589.0,0.8544538021087646
180,5,1331.0,159.0,1465.0,595.0,1398.0,377.0,134.0,436.0,0.8239070177078247
180,26,864.0,79.0,1046.0,635.0,955.0,357.0,182.0,556.0,0.8027622103691101
180,22,1789.0,171.0,1920.0,605.0,1854.5,388.0,131.0,434.0,0.7830036878585815
180,17,177.0,0.0,447.0,771.0,312.0,385.5,270.0,771.0,0.5503473281860352
181,1,1520.0,28.0,1820.0,758.0,1670.0,393.0,300.0,730.0,0.9381810426712036
181,4,459.0,0.0,755.0,802.0,607.0,401.0,296.0,802.0,0.9366616606712341
181,7,1341.0,104.0,1555.0,734.0,1448.0,419.0,214.0,630.0,0.9344097375869751
181,16,1098.0,129.0,1300.0,630.0,1199.0,379.5,202.0,501.0,0.9229207038879395
181,20,1.0,0.0,469.0,1080.0,235.0,540.0,468.0,1080.0,0.9102121591567993
181,3,1208.0,207.0,1342.0,599.0,1275.0,403.0,134.0,392.0,0.8991367220878601
181,9,1696.0,65.0,1918.0,739.0,1807.0,402.0,222.0,674.0,0.8918372988700867
181,2,759.0,20.0,1034.0,798.0,896.5,409.0,275.0,778.0,0.8913635611534119
181,6,364.0,80.0,565.0,712.0,464.5,396.0,201.0,632.0,0.8857220411300659
181,23,647.0,95.0,872.0,686.0,759.5,390.5,225.0,591.0,0.8590612411499023
181,5,1329.0,162.0,1463.0,595.0,1396.0,378.5,134.0,433.0,0.8302182555198669
181,26,863.0,76.0,1053.0,642.0,958.0,359.0,190.0,566.0,0.7874426245689392
181,22,1794.0,178.0,1920.0,603.0,1857.0,390.5,126.0,425.0,0.7541062235832214
181,17,181.0,7.0,450.0,773.0,315.5,390.0,269.0,766.0,0.544844388961792
182,4,461.0,0.0,755.0,802.0,608.0,401.0,294.0,802.0,0.938137948513031
182,1,1520.0,28.0,1820.0,758.0,1670.0,393.0,300.0,730.0,0.9374626874923706
182,7,1338.0,103.0,1555.0,733.0,1446.5,418.0,217.0,630.0,0.9344066977500916
182,16,1107.0,123.0,1308.0,634.0,1207.5,378.5,201.0,511.0,0.9177954792976379
182,2,763.0,22.0,1037.0,800.0,900.0,411.0,274.0,778.0,0.9026895761489868
182,20,0.0,0.0,470.0,1080.0,235.0,540.0,470.0,1080.0,0.8992243409156799
182,6,363.0,77.0,564.0,713.0,463.5,395.0,201.0,636.0,0.8876259922981262
182,3,1208.0,208.0,1342.0,597.0,1275.0,402.5,134.0,389.0,0.8862802982330322
182,9,1696.0,62.0,1919.0,741.0,1807.5,401.5,223.0,679.0,0.8853797912597656
182,23,653.0,94.0,871.0,685.0,762.0,389.5,218.0,591.0,0.8548725247383118
182,5,1327.0,165.0,1464.0,596.0,1395.5,380.5,137.0,431.0,0.8244869709014893
182,26,873.0,95.0,1057.0,638.0,965.0,366.5,184.0,543.0,0.7859424948692322
182,22,1794.0,184.0,1920.0,603.0,1857.0,393.5,126.0,419.0,0.7127625346183777
182,17,187.0,49.0,453.0,775.0,320.0,412.0,266.0,726.0,0.5567174553871155
183,1,1522.0,36.0,1821.0,749.0,1671.5,392.5,299.0,713.0,0.9375211000442505
183,7,1336.0,102.0,1553.0,732.0,1444.5,417.0,217.0,630.0,0.9309467673301697
183,4,464.0,0.0,756.0,799.0,610.0,399.5,292.0,799.0,0.9284930229187012
183,2,758.0,36.0,1041.0,799.0,899.5,417.5,283.0,763.0,0.9224979281425476
183,16,1115.0,122.0,1312.0,632.0,1213.5,377.0,197.0,510.0,0.915208637714386
183,20,0.0,0.0,474.0,1080.0,237.0,540.0,474.0,1080.0,0.8996313810348511
183,6,362.0,76.0,564.0,711.0,463.0,393.5,202.0,635.0,0.892112672328949
183,9,1694.0,59.0,1918.0,741.0,1806.0,400.0,224.0,682.0,0.8754168152809143
183,3,1211.0,211.0,1341.0,597.0,1276.0,404.0,130.0,386.0,0.8727472424507141
183,23,657.0,92.0,874.0,688.0,765.5,390.0,217.0,596.0,0.8344621658325195
183,5,1326.0,167.0,1462.0,598.0,1394.0,382.5,136.0,431.0,0.8228676915168762
183,26,877.0,98.0,1063.0,634.0,970.0,366.0,186.0,536.0,0.7956799268722534
183,22,1799.0,195.0,1920.0,607.0,1859.5,401.0,121.0,412.0,0.6995348930358887
183,17,190.0,88.0,453.0,776.0,321.5,432.0,263.0,688.0,0.559906542301178
184,1,1523.0,37.0,1820.0,750.0,1671.5,393.5,297.0,713.0,0.9382491707801819
184,7,1334.0,100.0,1552.0,732.0,1443.0,416.0,218.0,632.0,0.9294227361679077
184,2,761.0,37.0,1041.0,800.0,901.0,418.5,280.0,763.0,0.9288440942764282
184,4,468.0,0.0,758.0,801.0,613.0,400.5,290.0,801.0,0.9244503378868103
184,16,1122.0,121.0,1315.0,632.0,1218.5,376.5,193.0,511.0,0.911501944065094
184,20,1.0,0.0,476.0,1080.0,238.5,540.0,475.0,1080.0,0.9006781578063965
184,6,363.0,74.0,564.0,712.0,463.5,393.0,201.0,638.0,0.8910691142082214
184,9,1693.0,57.0,1918.0,742.0,1805.5,399.5,225.0,685.0,0.8698128461837769
184,3,1220.0,219.0,1342.0,598.0,1281.0,408.5,122.0,379.0,0.863251805305481
184,23,665.0,91.0,878.0,688.0,771.5,389.5,213.0,597.0,0.8369812965393066
184,26,898.0,106.0,1068.0,633.0,983.0,369.5,170.0,527.0,0.8315093517303467
184,5,1324.0,168.0,1461.0,597.0,1392.5,382.5,137.0,429.0,0.8246361017227173
184,22,1797.0,203.0,1920.0,609.0,1858.5,406.0,123.0,406.0,0.6774058938026428
184,17,191.0,85.0,457.0,772.0,324.0,428.5,266.0,687.0,0.580788791179657
185,1,1522.0,38.0,1820.0,750.0,1671.0,394.0,298.0,712.0,0.9387990236282349
185,2,765.0,40.0,1040.0,803.0,902.5,421.5,275.0,763.0,0.9329556822776794
185,7,1334.0,100.0,1551.0,732.0,1442.5,416.0,217.0,632.0,0.9301562905311584
185,4,470.0,0.0,759.0,795.0,614.5,397.5,289.0,795.0,0.9231177568435669
185,20,1.0,0.0,478.0,1080.0,239.5,540.0,477.0,1080.0,0.9148452281951904
185,16,1131.0,119.0,1316.0,631.0,1223.5,375.0,185.0,512.0,0.908292829990387
185,6,364.0,72.0,562.0,711.0,463.0,391.5,198.0,639.0,0.8903726935386658
185,3,1225.0,224.0,1342.0,601.0,1283.5,412.5,117.0,377.0,0.8645951747894287
185,9,1692.0,55.0,1918.0,742.0,1805.0,398.5,226.0,687.0,0.858867347240448
185,26,905.0,107.0,1071.0,634.0,988.0,370.5,166.0,527.0,0.8588658571243286
185,23,685.0,88.0,881.0,687.0,783.0,387.5,196.0,599.0,0.8407286405563354
185,5,1323.0,167.0,1459.0,596.0,1391.0,381.5,136.0,429.0,0.825613260269165
185,22,1796.0,209.0,1920.0,609.0,1858.0,409.0,124.0,400.0,0.6509987711906433
185,17,187.0,72.0,453.0,769.0,320.0,420.5,266.0,697.0,0.42485401034355164
186,1,1523.0,39.0,1820.0,751.0,1671.5,395.0,297.0,712.0,0.9397066235542297
186,2,766.0,43.0,1038.0,804.0,902.0,423.5,272.0,761.0,0.9364113211631775
186,7,1332.0,100.0,1551.0,733.0,1441.5,416.5,219.0,633.0,0.9312331676483154
186,20,2.0,0.0,481.0,1080.0,241.5,540.0,479.0,1080.0,0.9231234788894653
186,4,471.0,0.0,760.0,800.0,615.5,400.0,289.0,800.0,0.9149166941642761
186,16,1138.0,120.0,1322.0,633.0,1230.0,376.5,184.0,513.0,0.9057939648628235
186,6,364.0,70.0,562.0,710.0,463.0,390.0,198.0,640.0,0.8937744498252869
186,9,1692.0,58.0,1916.0,740.0,1804.0,399.0,224.0,682.0,0.8618091344833374
186,26,905.0,107.0,1076.0,636.0,990.5,371.5,171.0,529.0,0.856902003288269
186,5,1322.0,164.0,1458.0,597.0,1390.0,380.5,136.0,433.0,0.8295384645462036
186,23,657.0,84.0,887.0,684.0,772.0,384.0,230.0,600.0,0.7848890423774719
186,3,1224.0,231.0,1338.0,605.0,1281.0,418.0,114.0,374.0,0.772268533706665
186,22,1794.0,217.0,1920.0,609.0,1857.0,413.0,126.0,392.0,0.6281288862228394
187,1,1522.0,41.0,1820.0,751.0,1671.0,396.0,298.0,710.0,0.940220057964325
187,20,1.0,0.0,480.0,1080.0,240.5,540.0,479.0,1080.0,0.9389773011207581
187,2,769.0,46.0,1038.0,803.0,903.5,424.5,269.0,757.0,0.9373666048049927
187,7,1330.0,100.0,1550.0,735.0,1440.0,417.5,220.0,635.0,0.9281905889511108
187,16,1143.0,115.0,1328.0,636.0,1235.5,375.5,185.0,521.0,0.9155839085578918
187,6,361.0,71.0,562.0,711.0,461.5,391.0,201.0,640.0,0.8964030146598816
187,4,472.0,0.0,761.0,800.0,616.5,400.0,289.0,800.0,0.8938666582107544
187,26,911.0,108.0,1079.0,635.0,995.0,371.5,168.0,527.0,0.8783122897148132
187,9,1691.0,58.0,1915.0,739.0,1803.0,398.5,224.0,681.0,0.8635510206222534
187,5,1319.0,162.0,1456.0,600.0,1387.5,381.0,137.0,438.0,0.8289349675178528
187,23,703.0,84.0,906.0,673.0,804.5,378.5,203.0,589.0,0.8083329796791077
187,3,1229.0,242.0,1339.0,607.0,1284.0,424.5,110.0,365.0,0.6640845537185669
187,22,1794.0,218.0,1920.0,609.0,1857.0,413.5,126.0,391.0,0.6099819540977478
188,20,2.0,0.0,481.0,1080.0,241.5,540.0,479.0,1080.0,0.9430844187736511
188,1,1521.0,42.0,1820.0,752.0,1670.5,397.0,299.0,710.0,0.9400497078895569
188,2,768.0,46.0,1037.0,802.0,902.5,424.0,269.0,756.0,0.9348359704017639
188,7,1327.0,99.0,1550.0,735.0,1438.5,417.0,223.0,636.0,0.9271795153617859
188,16,1148.0,111.0,1333.0,635.0,1240.5,373.0,185.0,524.0,0.9240478873252869
188,6,360.0,68.0,564.0,715.0,462.0,391.5,204.0,647.0,0.8946179747581482
188,26,912.0,106.0,1083.0,634.0,997.5,370.0,171.0,528.0,0.8898711204528809
188,4,477.0,0.0,764.0,793.0,620.5,396.5,287.0,793.0,0.8799378871917725
188,9,1690.0,58.0,1915.0,739.0,1802.5,398.5,225.0,681.0,0.8607286214828491
188,5,1315.0,161.0,1451.0,601.0,1383.0,381.0,136.0,440.0,0.8370526432991028
188,23,706.0,111.0,885.0,683.0,795.5,397.0,179.0,572.0,0.7482184171676636
188,22,1798.0,214.0,1920.0,610.0,1859.0,412.0,122.0,396.0,0.6214213967323303
189,20,2.0,0.0,482.0,1080.0,242.0,540.0,480.0,1080.0,0.9457018375396729
189,1,1522.0,33.0,1819.0,753.0,1670.5,393.0,297.0,720.0,0.9424116611480713
189,2,766.0,46.0,1039.0,801.0,902.5,423.5,273.0,755.0,0.9335812926292419
189,16,1155.0,112.0,1337.0,632.0,1246.0,372.0,182.0,520.0,0.9299305081367493
189,7,1327.0,99.0,1549.0,734.0,1438.0,416.5,222.0,635.0,0.9277487397193909
189,6,359.0,68.0,566.0,714.0,462.5,391.0,207.0,646.0,0.8968886137008667
189,26,922.0,103.0,1087.0,631.0,1004.5,367.0,165.0,528.0,0.8848257064819336
189,4,478.0,0.0,765.0,792.0,621.5,396.0,287.0,792.0,0.8847585320472717
189,9,1680.0,55.0,1917.0,740.0,1798.5,397.5,237.0,685.0,0.8665302991867065
189,5,1312.0,160.0,1446.0,602.0,1379.0,381.0,134.0,442.0,0.8327884674072266
189,23,732.0,90.0,900.0,670.0,816.0,380.0,168.0,580.0,0.6887347102165222
189,22,1800.0,208.0,1920.0,609.0,1860.0,408.5,120.0,401.0,0.6153428554534912
190,1,1521.0,34.0,1820.0,756.0,1670.5,395.0,299.0,722.0,0.9486249089241028
190,20,2.0,0.0,482.0,1080.0,242.0,540.0,480.0,1080.0,0.9456980228424072
190,16,1162.0,113.0,1337.0,630.0,1249.5,371.5,175.0,517.0,0.9384438991546631
190,2,772.0,51.0,1041.0,801.0,906.5,426.0,269.0,750.0,0.933286190032959
190,7,1326.0,100.0,1549.0,735.0,1437.5,417.5,223.0,635.0,0.9300867319107056
190,4,475.0,0.0,773.0,794.0,624.0,397.0,298.0,794.0,0.9219169616699219
190,26,936.0,105.0,1091.0,626.0,1013.5,365.5,155.0,521.0,0.9020643830299377
190,6,355.0,67.0,565.0,714.0,460.0,390.5,210.0,647.0,0.9003468155860901
190,9,1674.0,62.0,1914.0,736.0,1794.0,399.0,240.0,674.0,0.8687720894813538
190,5,1309.0,162.0,1443.0,602.0,1376.0,382.0,134.0,440.0,0.826900064945221
190,23,743.0,91.0,907.0,682.0,825.0,386.5,164.0,591.0,0.7646053433418274
190,22,1799.0,210.0,1919.0,609.0,1859.0,409.5,120.0,399.0,0.6370313763618469
191,1,1519.0,33.0,1819.0,757.0,1669.0,395.0,300.0,724.0,0.9524087309837341
191,20,1.0,0.0,480.0,1080.0,240.5,540.0,479.0,1080.0,0.9438400268554688
191,16,1169.0,114.0,1339.0,630.0,1254.0,372.0,170.0,516.0,0.9397481083869934
191,4,476.0,0.0,769.0,796.0,622.5,398.0,293.0,796.0,0.935105562210083
191,2,777.0,53.0,1042.0,801.0,909.5,427.0,265.0,748.0,0.9326661229133606
191,7,1323.0,99.0,1551.0,739.0,1437.0,419.0,228.0,640.0,0.9311916828155518
191,26,941.0,104.0,1096.0,626.0,1018.5,365.0,155.0,522.0,0.9093539714813232
191,6,354.0,71.0,565.0,713.0,459.5,392.0,211.0,642.0,0.9012816548347473
191,9,1672.0,65.0,1913.0,736.0,1792.5,400.5,241.0,671.0,0.86487877368927
191,5,1308.0,163.0,1442.0,602.0,1375.0,382.5,134.0,439.0,0.8311775922775269
191,23,750.0,92.0,918.0,684.0,834.0,388.0,168.0,592.0,0.7406018376350403
191,22,1797.0,211.0,1919.0,609.0,1858.0,410.0,122.0,398.0,0.6674289107322693
192,1,1519.0,33.0,1818.0,759.0,1668.5,396.0,299.0,726.0,0.9561628103256226
192,20,0.0,0.0,479.0,1080.0,239.5,540.0,479.0,1080.0,0.9421547651290894
192,16,1173.0,117.0,1340.0,630.0,1256.5,373.5,167.0,513.0,0.9344609379768372
192,7,1324.0,103.0,1548.0,736.0,1436.0,419.5,224.0,633.0,0.9323568344116211
192,4,476.0,0.0,777.0,798.0,626.5,399.0,301.0,798.0,0.931405246257782
192,2,778.0,53.0,1041.0,797.0,909.5,425.0,263.0,744.0,0.9308611750602722
192,26,941.0,99.0,1102.0,627.0,1021.5,363.0,161.0,528.0,0.9121140837669373
192,6,351.0,73.0,563.0,714.0,457.0,393.5,212.0,641.0,0.9016148447990417
192,9,1670.0,64.0,1916.0,735.0,1793.0,399.5,246.0,671.0,0.8699051737785339
192,5,1308.0,163.0,1439.0,602.0,1373.5,382.5,131.0,439.0,0.8233734369277954
192,23,757.0,92.0,927.0,687.0,842.0,389.5,170.0,595.0,0.7228749394416809
192,22,1795.0,206.0,1919.0,610.0,1857.0,408.0,124.0,404.0,0.6551445722579956
193,1,1517.0,33.0,1817.0,763.0,1667.0,398.0,300.0,730.0,0.959279477596283
193,20,1.0,0.0,479.0,1080.0,240.0,540.0,478.0,1080.0,0.9379844069480896
193,7,1323.0,107.0,1548.0,736.0,1435.5,421.5,225.0,629.0,0.9315407276153564
193,4,476.0,0.0,789.0,798.0,632.5,399.0,313.0,798.0,0.9260293245315552
193,16,1179.0,119.0,1346.0,630.0,1262.5,374.5,167.0,511.0,0.9260185360908508
193,2,779.0,51.0,1038.0,796.0,908.5,423.5,259.0,745.0,0.9202547669410706
193,6,348.0,74.0,563.0,716.0,455.5,395.0,215.0,642.0,0.9021452069282532
193,26,952.0,96.0,1108.0,627.0,1030.0,361.5,156.0,531.0,0.9015502333641052
193,9,1672.0,70.0,1916.0,734.0,1794.0,402.0,244.0,664.0,0.8818499445915222
193,5,1307.0,162.0,1435.0,602.0,1371.0,382.0,128.0,440.0,0.8128087520599365
193,22,1777.0,172.0,1920.0,608.0,1848.5,390.0,143.0,436.0,0.6941554546356201
193,23,758.0,92.0,928.0,688.0,843.0,390.0,170.0,596.0,0.6917535662651062
194,1,1514.0,34.0,1816.0,767.0,1665.0,400.5,302.0,733.0,0.9618154168128967
194,20,1.0,0.0,481.0,1080.0,241.0,540.0,480.0,1080.0,0.9410281777381897
194,7,1320.0,108.0,1548.0,736.0,1434.0,422.0,228.0,628.0,0.9317753314971924
194,4,477.0,0.0,785.0,799.0,631.0,399.5,308.0,799.0,0.9280112981796265
194,2,777.0,46.0,1039.0,796.0,908.0,421.0,262.0,750.0,0.9251134991645813
194,16,1184.0,120.0,1354.0,630.0,1269.0,375.0,170.0,510.0,0.9179699420928955
194,26,956.0,97.0,1116.0,625.0,1036.0,361.0,160.0,528.0,0.9041109085083008
194,9,1673.0,74.0,1913.0,737.0,1793.0,405.5,240.0,663.0,0.9005981087684631
194,6,346.0,74.0,566.0,717.0,456.0,395.5,220.0,643.0,0.8993803858757019
194,5,1303.0,159.0,1431.0,602.0,1367.0,380.5,128.0,443.0,0.801847517490387
194,22,1771.0,142.0,1916.0,608.0,1843.5,375.0,145.0,466.0,0.7768796682357788
194,23,756.0,88.0,929.0,689.0,842.5,388.5,173.0,601.0,0.6894672513008118
195,1,1513.0,34.0,1816.0,765.0,1664.5,399.5,303.0,731.0,0.9604164361953735
195,20,1.0,0.0,484.0,1080.0,242.5,540.0,483.0,1080.0,0.9405062794685364
195,7,1321.0,112.0,1548.0,736.0,1434.5,424.0,227.0,624.0,0.9298285245895386
195,4,478.0,0.0,791.0,799.0,634.5,399.5,313.0,799.0,0.927081286907196
195,16,1188.0,121.0,1360.0,632.0,1274.0,376.5,172.0,511.0,0.9176821112632751
195,2,781.0,48.0,1037.0,795.0,909.0,421.5,256.0,747.0,0.9078769087791443
195,9,1673.0,75.0,1911.0,737.0,1792.0,406.0,238.0,662.0,0.9078246355056763
195,6,345.0,74.0,560.0,716.0,452.5,395.0,215.0,642.0,0.8995242714881897
195,26,962.0,97.0,1121.0,621.0,1041.5,359.0,159.0,524.0,0.8933072090148926
195,22,1769.0,139.0,1917.0,606.0,1843.0,372.5,148.0,467.0,0.8240039944648743
195,5,1301.0,158.0,1429.0,601.0,1365.0,379.5,128.0,443.0,0.7952176928520203
195,23,760.0,98.0,930.0,679.0,845.0,388.5,170.0,581.0,0.5637034177780151
196,1,1510.0,33.0,1814.0,765.0,1662.0,399.0,304.0,732.0,0.9590882658958435
196,20,1.0,0.0,487.0,1080.0,244.0,540.0,486.0,1080.0,0.940094530582428
196,4,478.0,0.0,792.0,799.0,635.0,399.5,314.0,799.0,0.925858736038208
196,7,1320.0,113.0,1548.0,736.0,1434.0,424.5,228.0,623.0,0.9234183430671692
196,16,1192.0,123.0,1363.0,632.0,1277.5,377.5,171.0,509.0,0.9140275120735168
196,9,1672.0,76.0,1909.0,737.0,1790.5,406.5,237.0,661.0,0.9128579497337341
196,2,780.0,53.0,1032.0,791.0,906.0,422.0,252.0,738.0,0.8972254395484924
196,6,349.0,74.0,562.0,715.0,455.5,394.5,213.0,641.0,0.8923641443252563
196,26,964.0,96.0,1130.0,628.0,1047.0,362.0,166.0,532.0,0.8754570484161377
196,22,1769.0,139.0,1918.0,605.0,1843.5,372.0,149.0,466.0,0.8481654524803162
196,5,1296.0,155.0,1425.0,600.0,1360.5,377.5,129.0,445.0,0.7793718576431274
196,23,762.0,115.0,928.0,675.0,845.0,395.0,166.0,560.0,0.5149791836738586
197,1,1507.0,31.0,1811.0,765.0,1659.0,398.0,304.0,734.0,0.9560750722885132
197,20,2.0,0.0,488.0,1080.0,245.0,540.0,486.0,1080.0,0.9396948218345642
197,4,477.0,0.0,795.0,811.0,636.0,405.5,318.0,811.0,0.9320947527885437
197,7,1319.0,113.0,1548.0,737.0,1433.5,425.0,229.0,624.0,0.9242354035377502
197,9,1674.0,79.0,1905.0,739.0,1789.5,409.0,231.0,660.0,0.9159823060035706
197,2,781.0,48.0,1032.0,792.0,906.5,420.0,251.0,744.0,0.9073574542999268
197,16,1193.0,126.0,1368.0,634.0,1280.5,380.0,175.0,508.0,0.8940001726150513
197,6,349.0,74.0,562.0,715.0,455.5,394.5,213.0,641.0,0.8911803364753723
197,26,968.0,98.0,1135.0,632.0,1051.5,365.0,167.0,534.0,0.8773733377456665
197,22,1769.0,138.0,1919.0,604.0,1844.0,371.0,150.0,466.0,0.8651419878005981
197,5,1287.0,151.0,1421.0,600.0,1354.0,375.5,134.0,449.0,0.7723206877708435
197,23,756.0,101.0,937.0,676.0,846.5,388.5,181.0,575.0,0.541912317276001
198,1,1506.0,29.0,1808.0,766.0,1657.0,397.5,302.0,737.0,0.9535107016563416
198,20,2.0,0.0,488.0,1080.0,245.0,540.0,486.0,1080.0,0.9362936615943909
198,4,477.0,0.0,793.0,813.0,635.0,406.5,316.0,813.0,0.9339239001274109
198,7,1319.0,114.0,1549.0,736.0,1434.0,425.0,230.0,622.0,0.9215533137321472
198,9,1675.0,82.0,1901.0,740.0,1788.0,411.0,226.0,658.0,0.9194228649139404
198,2,782.0,43.0,1027.0,793.0,904.5,418.0,245.0,750.0,0.9012779593467712
198,6,342.0,76.0,557.0,716.0,449.5,396.0,215.0,640.0,0.8890301585197449
198,16,1193.0,129.0,1370.0,635.0,1281.5,382.0,177.0,506.0,0.8789045214653015
198,22,1771.0,139.0,1919.0,606.0,1845.0,372.5,148.0,467.0,0.8744269609451294
198,26,967.0,96.0,1150.0,634.0,1058.5,365.0,183.0,538.0,0.8655466437339783
198,5,1283.0,146.0,1418.0,599.0,1350.5,372.5,135.0,453.0,0.7290092706680298
198,23,761.0,103.0,932.0,677.0,846.5,390.0,171.0,574.0,0.5458893179893494
199,1,1504.0,28.0,1805.0,765.0,1654.5,396.5,301.0,737.0,0.950048565864563
199,4,477.0,0.0,793.0,806.0,635.0,403.0,316.0,806.0,0.9356792569160461
199,20,2.0,0.0,488.0,1080.0,245.0,540.0,486.0,1080.0,0.9341875910758972
199,7,1318.0,114.0,1551.0,737.0,1434.5,425.5,233.0,623.0,0.9224702715873718
199,9,1675.0,85.0,1895.0,741.0,1785.0,413.0,220.0,656.0,0.917195737361908
199,2,783.0,40.0,1030.0,793.0,906.5,416.5,247.0,753.0,0.9049043655395508
199,6,341.0,76.0,554.0,717.0,447.5,396.5,213.0,641.0,0.8893090486526489
199,22,1773.0,141.0,1920.0,607.0,1846.5,374.0,147.0,466.0,0.8794173002243042
199,26,961.0,98.0,1166.0,624.0,1063.5,361.0,205.0,526.0,0.8715800642967224
199,16,1193.0,131.0,1374.0,634.0,1283.5,382.5,181.0,503.0,0.8514049649238586
199,5,1278.0,143.0,1417.0,596.0,1347.5,369.5,139.0,453.0,0.6520816683769226
199,27,882.0,87.0,1081.0,645.0,981.5,366.0,199.0,558.0,0.6130159497261047
199,23,766.0,98.0,934.0,681.0,850.0,389.5,168.0,583.0,0.43992045521736145
200,1,1503.0,27.0,1803.0,764.0,1653.0,395.5,300.0,737.0,0.945713460445404
200,4,476.0,0.0,795.0,807.0,635.5,403.5,319.0,807.0,0.935753583908081
200,20,1.0,0.0,492.0,1080.0,246.5,540.0,491.0,1080.0,0.9342694878578186
200,7,1319.0,116.0,1553.0,738.0,1436.0,427.0,234.0,622.0,0.9188383221626282
200,9,1674.0,87.0,1893.0,742.0,1783.5,414.5,219.0,655.0,0.9186108112335205
200,2,784.0,40.0,1036.0,792.0,910.0,416.0,252.0,752.0,0.8959261775016785
200,6,339.0,76.0,544.0,720.0,441.5,398.0,205.0,644.0,0.8876667022705078
200,22,1774.0,141.0,1920.0,605.0,1847.0,373.0,146.0,464.0,0.8822175860404968
200,26,955.0,97.0,1181.0,623.0,1068.0,360.0,226.0,526.0,0.8785905241966248
200,16,1188.0,132.0,1378.0,629.0,1283.0,380.5,190.0,497.0,0.8253927230834961
200,27,891.0,92.0,1077.0,636.0,984.0,364.0,186.0,544.0,0.5980930328369141
200,5,1271.0,142.0,1419.0,596.0,1345.0,369.0,148.0,454.0,0.47104302048683167
200,23,767.0,109.0,936.0,672.0,851.5,390.5,169.0,563.0,0.39225953817367554
201,1,1500.0,25.0,1802.0,764.0,1651.0,394.5,302.0,739.0,0.9403781294822693
201,20,1.0,0.0,499.0,1078.0,250.0,539.0,498.0,1078.0,0.9344913959503174
201,4,475.0,0.0,795.0,806.0,635.0,403.0,320.0,806.0,0.9308098554611206
201,7,1318.0,116.0,1555.0,738.0,1436.5,427.0,237.0,622.0,0.9184761643409729
201,9,1671.0,88.0,1890.0,742.0,1780.5,415.0,219.0,654.0,0.9182836413383484
201,26,953.0,97.0,1201.0,627.0,1077.0,362.0,248.0,530.0,0.8905209302902222
201,2,783.0,40.0,1039.0,793.0,911.0,416.5,256.0,753.0,0.889857828617096
201,6,338.0,76.0,534.0,719.0,436.0,397.5,196.0,643.0,0.8865732550621033
201,22,1778.0,144.0,1920.0,605.0,1849.0,374.5,142.0,461.0,0.8851927518844604
201,16,1187.0,135.0,1378.0,627.0,1282.5,381.0,191.0,492.0,0.8073023557662964
201,23,767.0,110.0,936.0,671.0,851.5,390.5,169.0,561.0,0.35539013147354126
201,27,898.0,88.0,1073.0,631.0,985.5,359.5,175.0,543.0,0.32738250494003296
202,1,1499.0,36.0,1802.0,755.0,1650.5,395.5,303.0,719.0,0.9368825554847717
202,20,2.0,0.0,501.0,1080.0,251.5,540.0,499.0,1080.0,0.9361147880554199
202,4,478.0,0.0,794.0,802.0,636.0,401.0,316.0,802.0,0.9331077933311462
202,9,1671.0,88.0,1890.0,743.0,1780.5,415.5,219.0,655.0,0.9204976558685303
202,7,1319.0,115.0,1556.0,738.0,1437.5,426.5,237.0,623.0,0.9160369634628296
202,6,337.0,76.0,530.0,720.0,433.5,398.0,193.0,644.0,0.8853350281715393
202,26,959.0,100.0,1212.0,627.0,1085.5,363.5,253.0,527.0,0.8835927248001099
202,22,1781.0,145.0,1920.0,602.0,1850.5,373.5,139.0,457.0,0.8814684748649597
202,2,785.0,42.0,1042.0,792.0,913.5,417.0,257.0,750.0,0.8655913472175598
202,16,1192.0,126.0,1392.0,622.0,1292.0,374.0,200.0,496.0,0.7940326929092407
203,1,1498.0,34.0,1801.0,754.0,1649.5,394.0,303.0,720.0,0.9376190900802612
203,20,3.0,0.0,503.0,1078.0,253.0,539.0,500.0,1078.0,0.935843825340271
203,4,477.0,0.0,792.0,803.0,634.5,401.5,315.0,803.0,0.9308204650878906
203,7,1318.0,110.0,1554.0,740.0,1436.0,425.0,236.0,630.0,0.9249902367591858
203,9,1670.0,88.0,1889.0,743.0,1779.5,415.5,219.0,655.0,0.9209026098251343
203,26,981.0,97.0,1219.0,634.0,1100.0,365.5,238.0,537.0,0.8854737877845764
203,6,338.0,77.0,532.0,718.0,435.0,397.5,194.0,641.0,0.8796676397323608
203,22,1784.0,148.0,1920.0,601.0,1852.0,374.5,136.0,453.0,0.8778154253959656
203,2,784.0,36.0,1048.0,787.0,916.0,411.5,264.0,751.0,0.8743358254432678
203,16,1191.0,127.0,1397.0,622.0,1294.0,374.5,206.0,495.0,0.8055271506309509
204,1,1498.0,32.0,1800.0,754.0,1649.0,393.0,302.0,722.0,0.938018798828125
204,4,478.0,0.0,783.0,803.0,630.5,401.5,305.0,803.0,0.936366081237793
204,20,4.0,0.0,509.0,1075.0,256.5,537.5,505.0,1075.0,0.9360419511795044
204,7,1320.0,107.0,1556.0,740.0,1438.0,423.5,236.0,633.0,0.9294655919075012
204,9,1671.0,87.0,1887.0,744.0,1779.0,415.5,216.0,657.0,0.923102617263794
204,26,992.0,105.0,1233.0,628.0,1112.5,366.5,241.0,523.0,0.8940848112106323
204,2,790.0,37.0,1049.0,787.0,919.5,412.0,259.0,750.0,0.8875824213027954
204,22,1783.0,148.0,1920.0,602.0,1851.5,375.0,137.0,454.0,0.882702112197876
204,6,334.0,72.0,535.0,718.0,434.5,395.0,201.0,646.0,0.8764256834983826
204,16,1212.0,123.0,1400.0,626.0,1306.0,374.5,188.0,503.0,0.8129740357398987
204,27,887.0,88.0,1133.0,672.0,1010.0,380.0,246.0,584.0,0.5617729425430298
205,1,1497.0,30.0,1800.0,754.0,1648.5,392.0,303.0,724.0,0.9389022588729858
205,4,478.0,0.0,784.0,805.0,631.0,402.5,306.0,805.0,0.9366695284843445
205,20,4.0,0.0,517.0,1073.0,260.5,536.5,513.0,1073.0,0.9353554248809814
205,7,1322.0,103.0,1559.0,740.0,1440.5,421.5,237.0,637.0,0.9304614067077637
205,9,1668.0,85.0,1884.0,745.0,1776.0,415.0,216.0,660.0,0.923931896686554
205,2,776.0,45.0,1058.0,793.0,917.0,419.0,282.0,748.0,0.9126907587051392
205,22,1784.0,149.0,1920.0,603.0,1852.0,376.0,136.0,454.0,0.893485426902771
205,26,1002.0,109.0,1236.0,633.0,1119.0,371.0,234.0,524.0,0.8820261359214783
205,6,330.0,72.0,539.0,717.0,434.5,394.5,209.0,645.0,0.8700830340385437
205,16,1211.0,123.0,1398.0,625.0,1304.5,374.0,187.0,502.0,0.8309423923492432
205,27,945.0,92.0,1131.0,650.0,1038.0,371.0,186.0,558.0,0.7765323519706726
206,1,1496.0,29.0,1800.0,754.0,1648.0,391.5,304.0,725.0,0.9407919645309448
206,4,477.0,0.0,783.0,805.0,630.0,402.5,306.0,805.0,0.93794846534729
206,20,3.0,0.0,527.0,1071.0,265.0,535.5,524.0,1071.0,0.9353684186935425
206,7,1322.0,102.0,1559.0,740.0,1440.5,421.0,237.0,638.0,0.9275705218315125
206,9,1667.0,83.0,1883.0,745.0,1775.0,414.0,216.0,662.0,0.9257351160049438
206,2,777.0,46.0,1061.0,794.0,919.0,420.0,284.0,748.0,0.9166359305381775
206,22,1786.0,150.0,1920.0,603.0,1853.0,376.5,134.0,453.0,0.9000240564346313
206,26,1005.0,114.0,1235.0,624.0,1120.0,369.0,230.0,510.0,0.891551673412323
206,6,324.0,63.0,543.0,717.0,433.5,390.0,219.0,654.0,0.8497087955474854
206,16,1223.0,122.0,1398.0,626.0,1310.5,374.0,175.0,504.0,0.8451870083808899
206,27,950.0,90.0,1136.0,657.0,1043.0,373.5,186.0,567.0,0.7745525240898132
206,3,1188.0,197.0,1318.0,600.0,1253.0,398.5,130.0,403.0,0.7210189700126648
207,1,1495.0,28.0,1799.0,754.0,1647.0,391.0,304.0,726.0,0.9419119954109192
207,4,475.0,0.0,779.0,803.0,627.0,401.5,304.0,803.0,0.9376496076583862
207,20,5.0,0.0,535.0,1069.0,270.0,534.5,530.0,1069.0,0.9353235363960266
207,2,777.0,45.0,1061.0,793.0,919.0,419.0,284.0,748.0,0.9299785494804382
207,7,1322.0,97.0,1561.0,743.0,1441.5,420.0,239.0,646.0,0.9263929724693298
207,9,1664.0,80.0,1882.0,746.0,1773.0,413.0,218.0,666.0,0.9246083498001099
207,22,1786.0,150.0,1920.0,604.0,1853.0,377.0,134.0,454.0,0.8993397355079651
207,26,1018.0,112.0,1235.0,627.0,1126.5,369.5,217.0,515.0,0.8808184266090393
207,16,1238.0,123.0,1400.0,629.0,1319.0,376.0,162.0,506.0,0.8706080913543701
207,6,323.0,60.0,548.0,716.0,435.5,388.0,225.0,656.0,0.8318037390708923
207,3,1189.0,210.0,1312.0,599.0,1250.5,404.5,123.0,389.0,0.7908003330230713
207,27,967.0,90.0,1142.0,666.0,1054.5,378.0,175.0,576.0,0.7256359457969666
208,1,1494.0,27.0,1799.0,754.0,1646.5,390.5,305.0,727.0,0.9433114528656006
208,4,475.0,0.0,776.0,803.0,625.5,401.5,301.0,803.0,0.9402289986610413
208,20,8.0,0.0,546.0,1070.0,277.0,535.0,538.0,1070.0,0.9346999526023865
208,2,779.0,50.0,1060.0,793.0,919.5,421.5,281.0,743.0,0.9276537895202637
208,7,1323.0,96.0,1560.0,744.0,1441.5,420.0,237.0,648.0,0.9263861775398254
208,9,1665.0,77.0,1881.0,746.0,1773.0,411.5,216.0,669.0,0.9235614538192749
208,22,1787.0,150.0,1920.0,602.0,1853.5,376.0,133.0,452.0,0.8947360515594482
208,16,1244.0,121.0,1404.0,631.0,1324.0,376.0,160.0,510.0,0.8727591037750244
208,26,1028.0,110.0,1238.0,624.0,1133.0,367.0,210.0,514.0,0.8692014217376709
208,3,1188.0,214.0,1312.0,600.0,1250.0,407.0,124.0,386.0,0.8278378844261169
208,6,316.0,69.0,554.0,722.0,435.0,395.5,238.0,653.0,0.7985814213752747
208,27,975.0,88.0,1146.0,668.0,1060.5,378.0,171.0,580.0,0.7257508039474487
209,1,1494.0,28.0,1798.0,755.0,1646.0,391.5,304.0,727.0,0.945139467716217
209,4,473.0,0.0,774.0,806.0,623.5,403.0,301.0,806.0,0.9440747499465942
209,2,778.0,49.0,1062.0,795.0,920.0,422.0,284.0,746.0,0.9392711520195007
209,20,11.0,0.0,549.0,1069.0,280.0,534.5,538.0,1069.0,0.9338023662567139
209,7,1323.0,95.0,1559.0,742.0,1441.0,418.5,236.0,647.0,0.9265426397323608
209,9,1663.0,75.0,1882.0,744.0,1772.5,409.5,219.0,669.0,0.919643223285675
209,22,1788.0,150.0,1920.0,602.0,1854.0,376.0,132.0,452.0,0.8961405158042908
209,16,1249.0,120.0,1405.0,632.0,1327.0,376.0,156.0,512.0,0.8693352341651917
209,3,1185.0,214.0,1315.0,600.0,1250.0,407.0,130.0,386.0,0.8372580409049988
209,26,1036.0,108.0,1239.0,631.0,1137.5,369.5,203.0,523.0,0.832565426826477
209,27,953.0,85.0,1147.0,671.0,1050.0,378.0,194.0,586.0,0.6972246170043945
209,6,297.0,34.0,552.0,720.0,424.5,377.0,255.0,686.0,0.655533492565155
210,1,1494.0,28.0,1798.0,756.0,1646.0,392.0,304.0,728.0,0.9460229277610779
210,4,472.0,0.0,773.0,809.0,622.5,404.5,301.0,809.0,0.943061888217926
210,2,780.0,52.0,1062.0,794.0,921.0,423.0,282.0,742.0,0.9424487352371216
210,20,15.0,0.0,548.0,1065.0,281.5,532.5,533.0,1065.0,0.9325600862503052
210,7,1323.0,93.0,1557.0,743.0,1440.0,418.0,234.0,650.0,0.9287182092666626
210,9,1660.0,73.0,1882.0,741.0,1771.0,407.0,222.0,668.0,0.913684606552124
210,22,1789.0,151.0,1920.0,603.0,1854.5,377.0,131.0,452.0,0.8961147665977478
210,16,1256.0,120.0,1408.0,628.0,1332.0,374.0,152.0,508.0,0.8762183785438538
210,3,1188.0,213.0,1314.0,602.0,1251.0,407.5,126.0,389.0,0.8640872240066528
210,26,1050.0,117.0,1235.0,619.0,1142.5,368.0,185.0,502.0,0.8233346939086914
210,27,939.0,89.0,1147.0,669.0,1043.0,379.0,208.0,580.0,0.7530590295791626
210,28,894.0,104.0,1059.0,619.0,976.5,361.5,165.0,515.0,0.6174706816673279
210,6,291.0,53.0,547.0,713.0,419.0,383.0,256.0,660.0,0.5345757603645325
211,1,1493.0,29.0,1797.0,756.0,1645.0,392.5,304.0,727.0,0.9464355111122131
211,4,471.0,0.0,772.0,809.0,621.5,404.5,301.0,809.0,0.9423249959945679
211,2,782.0,56.0,1062.0,795.0,922.0,425.5,280.0,739.0,0.9407299160957336
211,20,21.0,0.0,550.0,1058.0,285.5,529.0,529.0,1058.0,0.9307021498680115
211,7,1322.0,91.0,1557.0,744.0,1439.5,417.5,235.0,653.0,0.9302127957344055
211,9,1658.0,70.0,1883.0,740.0,1770.5,405.0,225.0,670.0,0.8990703821182251
211,22,1790.0,151.0,1920.0,604.0,1855.0,377.5,130.0,453.0,0.8937584757804871
211,16,1261.0,121.0,1413.0,624.0,1337.0,372.5,152.0,503.0,0.8776370286941528
211,3,1193.0,212.0,1312.0,602.0,1252.5,407.0,119.0,390.0,0.8753159046173096
211,26,1054.0,115.0,1234.0,619.0,1144.0,367.0,180.0,504.0,0.8357109427452087
211,27,960.0,87.0,1158.0,671.0,1059.0,379.0,198.0,584.0,0.7860710620880127
211,28,909.0,141.0,1065.0,637.0,987.0,389.0,156.0,496.0,0.6016885042190552
211,6,299.0,66.0,548.0,702.0,423.5,384.0,249.0,636.0,0.4626389145851135
212,1,1492.0,30.0,1796.0,757.0,1644.0,393.5,304.0,727.0,0.9464718699455261
212,4,472.0,0.0,772.0,807.0,622.0,403.5,300.0,807.0,0.9417878985404968
212,2,784.0,59.0,1065.0,794.0,924.5,426.5,281.0,735.0,0.9406012296676636
212,7,1321.0,93.0,1558.0,743.0,1439.5,418.0,237.0,650.0,0.9330235123634338
212,20,23.0,0.0,558.0,1051.0,290.5,525.5,535.0,1051.0,0.9279947280883789
212,9,1655.0,65.0,1882.0,742.0,1768.5,403.5,227.0,677.0,0.8949852585792542
212,22,1791.0,151.0,1920.0,603.0,1855.5,377.0,129.0,452.0,0.8926646709442139
212,16,1265.0,119.0,1414.0,626.0,1339.5,372.5,149.0,507.0,0.8812687397003174
212,3,1195.0,211.0,1312.0,603.0,1253.5,407.0,117.0,392.0,0.8720278143882751
212,27,978.0,81.0,1170.0,674.0,1074.0,377.5,192.0,593.0,0.8430688381195068
212,26,1061.0,115.0,1232.0,620.0,1146.5,367.5,171.0,505.0,0.7898924946784973
212,28,910.0,131.0,1066.0,622.0,988.0,376.5,156.0,491.0,0.6234952807426453
212,6,301.0,83.0,545.0,699.0,423.0,391.0,244.0,616.0,0.5487294793128967
213,1,1491.0,31.0,1796.0,757.0,1643.5,394.0,305.0,726.0,0.946855902671814
213,2,783.0,59.0,1058.0,795.0,920.5,427.0,275.0,736.0,0.9353113174438477
213,4,475.0,0.0,771.0,805.0,623.0,402.5,296.0,805.0,0.9319774508476257
213,7,1321.0,95.0,1560.0,739.0,1440.5,417.0,239.0,644.0,0.9296508431434631
213,20,24.0,0.0,554.0,1053.0,289.0,526.5,530.0,1053.0,0.9209874272346497
213,9,1653.0,61.0,1883.0,741.0,1768.0,401.0,230.0,680.0,0.8919606804847717
213,22,1791.0,151.0,1920.0,603.0,1855.5,377.0,129.0,452.0,0.8906554579734802
213,16,1267.0,118.0,1418.0,628.0,1342.5,373.0,151.0,510.0,0.8775162100791931
213,27,1019.0,78.0,1176.0,682.0,1097.5,380.0,157.0,604.0,0.872224748134613
213,3,1197.0,212.0,1311.0,603.0,1254.0,407.5,114.0,391.0,0.8721568584442139
213,26,1088.0,114.0,1236.0,621.0,1162.0,367.5,148.0,507.0,0.8455129265785217
213,28,916.0,138.0,1063.0,617.0,989.5,377.5,147.0,479.0,0.7521894574165344
213,6,302.0,87.0,538.0,702.0,420.0,394.5,236.0,615.0,0.5861499309539795
214,1,1490.0,32.0,1796.0,757.0,1643.0,394.5,306.0,725.0,0.9461479187011719
214,2,785.0,57.0,1056.0,796.0,920.5,426.5,271.0,739.0,0.9393312931060791
214,7,1321.0,95.0,1558.0,739.0,1439.5,417.0,237.0,644.0,0.9344222545623779
214,4,471.0,0.0,772.0,805.0,621.5,402.5,301.0,805.0,0.9324570894241333
214,20,29.0,0.0,553.0,1049.0,291.0,524.5,524.0,1049.0,0.9195084571838379
214,9,1654.0,62.0,1885.0,741.0,1769.5,401.5,231.0,679.0,0.892370879650116
214,22,1791.0,151.0,1920.0,603.0,1855.5,377.0,129.0,452.0,0.8899635672569275
214,16,1269.0,119.0,1423.0,630.0,1346.0,374.5,154.0,511.0,0.888523280620575
214,3,1196.0,211.0,1312.0,603.0,1254.0,407.0,116.0,392.0,0.8668975830078125
214,27,1031.0,77.0,1209.0,675.0,1120.0,376.0,178.0,598.0,0.8329251408576965
214,28,919.0,145.0,1067.0,615.0,993.0,380.0,148.0,470.0,0.798801839351654
214,6,298.0,82.0,539.0,703.0,418.5,392.5,241.0,621.0,0.5450806021690369
215,1,1489.0,33.0,1797.0,757.0,1643.0,395.0,308.0,724.0,0.9456847906112671
215,2,787.0,55.0,1064.0,795.0,925.5,425.0,277.0,740.0,0.9421765208244324
215,7,1321.0,95.0,1560.0,738.0,1440.5,416.5,239.0,643.0,0.9350006580352783
215,4,467.0,0.0,771.0,807.0,619.0,403.5,304.0,807.0,0.9273017644882202
215,20,33.0,0.0,556.0,1053.0,294.5,526.5,523.0,1053.0,0.9183783531188965
215,9,1655.0,61.0,1885.0,741.0,1770.0,401.0,230.0,680.0,0.893156886100769
215,22,1791.0,150.0,1920.0,603.0,1855.5,376.5,129.0,453.0,0.8881173133850098
215,16,1274.0,120.0,1427.0,628.0,1350.5,374.0,153.0,508.0,0.8785926103591919
215,27,1038.0,75.0,1213.0,674.0,1125.5,374.5,175.0,599.0,0.866633951663971
215,3,1201.0,208.0,1314.0,602.0,1257.5,405.0,113.0,394.0,0.8591030240058899
215,26,1112.0,95.0,1250.0,631.0,1181.0,363.0,138.0,536.0,0.8245788216590881
215,28,924.0,146.0,1073.0,617.0,998.5,381.5,149.0,471.0,0.8153313994407654
215,6,302.0,85.0,540.0,704.0,421.0,394.5,238.0,619.0,0.5737960338592529
215,29,29.0,1.0,278.0,723.0,153.5,362.0,249.0,722.0,0.43302419781684875
216,1,1489.0,35.0,1796.0,757.0,1642.5,396.0,307.0,722.0,0.9460462927818298
216,2,788.0,53.0,1064.0,789.0,926.0,421.0,276.0,736.0,0.9423165917396545
216,4,469.0,0.0,770.0,808.0,619.5,404.0,301.0,808.0,0.9310972094535828
216,7,1322.0,96.0,1564.0,737.0,1443.0,416.5,242.0,641.0,0.9310930371284485
216,20,34.0,0.0,556.0,1056.0,295.0,528.0,522.0,1056.0,0.9229223728179932
216,9,1656.0,59.0,1889.0,744.0,1772.5,401.5,233.0,685.0,0.8884019255638123
216,22,1793.0,153.0,1920.0,604.0,1856.5,378.5,127.0,451.0,0.8880949020385742
216,27,1034.0,80.0,1227.0,676.0,1130.5,378.0,193.0,596.0,0.8802230954170227
216,16,1279.0,125.0,1431.0,621.0,1355.0,373.0,152.0,496.0,0.8499702215194702
216,28,928.0,150.0,1077.0,617.0,1002.5,383.5,149.0,467.0,0.8166375756263733
216,3,1201.0,201.0,1312.0,603.0,1256.5,402.0,111.0,402.0,0.7860107421875
216,26,1120.0,120.0,1296.0,626.0,1208.0,373.0,176.0,506.0,0.5730588436126709
216,6,300.0,67.0,540.0,706.0,420.0,386.5,240.0,639.0,0.538682758808136
216,29,31.0,1.0,270.0,722.0,150.5,361.5,239.0,721.0,0.44495707750320435
217,1,1489.0,35.0,1796.0,757.0,1642.5,396.0,307.0,722.0,0.945196807384491
217,2,791.0,51.0,1065.0,787.0,928.0,419.0,274.0,736.0,0.9409035444259644
217,4,466.0,0.0,770.0,811.0,618.0,405.5,304.0,811.0,0.9347438216209412
217,7,1323.0,96.0,1561.0,737.0,1442.0,416.5,238.0,641.0,0.9291234612464905
217,20,32.0,0.0,557.0,1054.0,294.5,527.0,525.0,1054.0,0.9290951490402222
217,22,1792.0,151.0,1920.0,605.0,1856.0,378.0,128.0,454.0,0.9012430906295776
217,9,1653.0,57.0,1890.0,742.0,1771.5,399.5,237.0,685.0,0.8881057500839233
217,27,1038.0,81.0,1247.0,677.0,1142.5,379.0,209.0,596.0,0.8807564973831177
217,16,1281.0,126.0,1435.0,622.0,1358.0,374.0,154.0,496.0,0.8383577466011047
217,3,1198.0,202.0,1312.0,605.0,1255.0,403.5,114.0,403.0,0.8146728873252869
217,28,929.0,151.0,1085.0,615.0,1007.0,383.0,156.0,464.0,0.8115429878234863
217,29,33.0,0.0,281.0,725.0,157.0,362.5,248.0,725.0,0.5278676748275757
218,1,1490.0,36.0,1797.0,758.0,1643.5,397.0,307.0,722.0,0.9450587630271912
218,2,791.0,49.0,1064.0,787.0,927.5,418.0,273.0,738.0,0.9405807256698608
218,4,467.0,0.0,770.0,811.0,618.5,405.5,303.0,811.0,0.9322932958602905
218,20,34.0,0.0,554.0,1053.0,294.0,526.5,520.0,1053.0,0.9293769598007202
218,7,1322.0,98.0,1561.0,736.0,1441.5,417.0,239.0,638.0,0.9245008826255798
218,22,1792.0,150.0,1920.0,606.0,1856.0,378.0,128.0,456.0,0.9056112766265869
218,27,1040.0,83.0,1264.0,676.0,1152.0,379.5,224.0,593.0,0.8964076638221741
218,9,1653.0,57.0,1890.0,742.0,1771.5,399.5,237.0,685.0,0.8881083726882935
218,3,1189.0,200.0,1315.0,606.0,1252.0,403.0,126.0,406.0,0.8336557745933533
218,28,931.0,155.0,1099.0,614.0,1015.0,384.5,168.0,459.0,0.809626579284668
218,16,1281.0,127.0,1441.0,622.0,1361.0,374.5,160.0,495.0,0.8065789937973022
218,6,294.0,0.0,544.0,714.0,419.0,357.0,250.0,714.0,0.6280457973480225
218,29,35.0,0.0,289.0,729.0,162.0,364.5,254.0,729.0,0.5354353189468384
219,1,1490.0,37.0,1797.0,760.0,1643.5,398.5,307.0,723.0,0.9443368315696716
219,2,791.0,48.0,1066.0,786.0,928.5,417.0,275.0,738.0,0.9402679204940796
219,4,463.0,0.0,769.0,813.0,616.0,406.5,306.0,813.0,0.9334485530853271
219,20,36.0,0.0,550.0,1053.0,293.0,526.5,514.0,1053.0,0.9288225769996643
219,7,1323.0,98.0,1554.0,738.0,1438.5,418.0,231.0,640.0,0.9193136096000671
219,22,1793.0,150.0,1920.0,606.0,1856.5,378.0,127.0,456.0,0.9034265875816345
219,9,1652.0,58.0,1890.0,742.0,1771.0,400.0,238.0,684.0,0.8888851404190063
219,27,1041.0,87.0,1300.0,673.0,1170.5,380.0,259.0,586.0,0.872393012046814
219,3,1187.0,204.0,1317.0,608.0,1252.0,406.0,130.0,404.0,0.8308101296424866
219,28,936.0,158.0,1106.0,613.0,1021.0,385.5,170.0,455.0,0.8079209923744202
219,16,1285.0,131.0,1443.0,618.0,1364.0,374.5,158.0,487.0,0.7651798129081726
219,6,292.0,0.0,543.0,715.0,417.5,357.5,251.0,715.0,0.6331602931022644
219,29,34.0,24.0,306.0,718.0,170.0,371.0,272.0,694.0,0.5888060927391052
220,1,1491.0,38.0,1798.0,760.0,1644.5,399.0,307.0,722.0,0.9438947439193726
220,4,460.0,0.0,769.0,815.0,614.5,407.5,309.0,815.0,0.9368525743484497
220,2,791.0,46.0,1073.0,785.0,932.0,415.5,282.0,739.0,0.9285738468170166
220,20,40.0,0.0,548.0,1057.0,294.0,528.5,508.0,1057.0,0.9227542281150818
220,7,1322.0,100.0,1553.0,739.0,1437.5,419.5,231.0,639.0,0.9158886075019836
220,22,1792.0,150.0,1920.0,606.0,1856.0,378.0,128.0,456.0,0.9027482271194458
220,9,1652.0,58.0,1889.0,741.0,1770.5,399.5,237.0,683.0,0.8882160782814026
220,27,1040.0,93.0,1317.0,674.0,1178.5,383.5,277.0,581.0,0.8525570631027222
220,28,944.0,160.0,1119.0,612.0,1031.5,386.0,175.0,452.0,0.8265355229377747
220,16,1293.0,118.0,1461.0,630.0,1377.0,374.0,168.0,512.0,0.7383499145507812
220,6,286.0,0.0,544.0,725.0,415.0,362.5,258.0,725.0,0.7061315178871155
220,3,1171.0,193.0,1325.0,608.0,1248.0,400.5,154.0,415.0,0.6797277331352234
220,29,36.0,10.0,316.0,754.0,176.0,382.0,280.0,744.0,0.6641305685043335
221,1,1493.0,35.0,1793.0,765.0,1643.0,400.0,300.0,730.0,0.9440622925758362
221,4,459.0,0.0,769.0,816.0,614.0,408.0,310.0,816.0,0.9373712539672852
221,2,791.0,45.0,1066.0,785.0,928.5,415.0,275.0,740.0,0.9313662052154541
221,20,41.0,0.0,545.0,1057.0,293.0,528.5,504.0,1057.0,0.9209520816802979
221,7,1322.0,101.0,1550.0,740.0,1436.0,420.5,228.0,639.0,0.9167696237564087
221,22,1792.0,149.0,1920.0,605.0,1856.0,377.0,128.0,456.0,0.9063135385513306
221,9,1651.0,58.0,1888.0,742.0,1769.5,400.0,237.0,684.0,0.8898813724517822
221,27,1042.0,93.0,1335.0,670.0,1188.5,381.5,293.0,577.0,0.8273908495903015
221,28,947.0,161.0,1137.0,615.0,1042.0,388.0,190.0,454.0,0.81888747215271
221,16,1284.0,142.0,1437.0,622.0,1360.5,382.0,153.0,480.0,0.7328879237174988
221,29,38.0,4.0,324.0,766.0,181.0,385.0,286.0,762.0,0.6532293558120728
221,3,1171.0,186.0,1327.0,616.0,1249.0,401.0,156.0,430.0,0.6209685206413269
221,6,280.0,0.0,541.0,731.0,410.5,365.5,261.0,731.0,0.5681279301643372
222,1,1493.0,33.0,1793.0,770.0,1643.0,401.5,300.0,737.0,0.9465078115463257
222,4,460.0,0.0,768.0,816.0,614.0,408.0,308.0,816.0,0.936238706111908
222,2,791.0,42.0,1063.0,785.0,927.0,413.5,272.0,743.0,0.9255595207214355
222,20,44.0,0.0,540.0,1052.0,292.0,526.0,496.0,1052.0,0.9202647805213928
222,7,1319.0,103.0,1552.0,741.0,1435.5,422.0,233.0,638.0,0.9136868119239807
222,22,1791.0,149.0,1920.0,604.0,1855.5,376.5,129.0,455.0,0.9078088402748108
222,9,1652.0,60.0,1888.0,742.0,1770.0,401.0,236.0,682.0,0.8898782134056091
222,28,947.0,161.0,1145.0,618.0,1046.0,389.5,198.0,457.0,0.826398491859436
222,27,1053.0,86.0,1330.0,666.0,1191.5,376.0,277.0,580.0,0.8151041865348816
222,16,1280.0,148.0,1427.0,618.0,1353.5,383.0,147.0,470.0,0.7588582038879395
222,29,42.0,1.0,328.0,770.0,185.0,385.5,286.0,769.0,0.6716993451118469
222,3,1173.0,178.0,1325.0,624.0,1249.0,401.0,152.0,446.0,0.6261925101280212
222,6,272.0,0.0,538.0,732.0,405.0,366.0,266.0,732.0,0.4042128622531891
223,1,1493.0,32.0,1793.0,771.0,1643.0,401.5,300.0,739.0,0.9460006356239319
223,4,456.0,0.0,768.0,816.0,612.0,408.0,312.0,816.0,0.9365016222000122
223,2,791.0,40.0,1061.0,787.0,926.0,413.5,270.0,747.0,0.9285067915916443
223,7,1317.0,103.0,1553.0,741.0,1435.0,422.0,236.0,638.0,0.9231486916542053
223,20,47.0,0.0,540.0,1047.0,293.5,523.5,493.0,1047.0,0.9211223125457764
223,22,1792.0,149.0,1920.0,603.0,1856.0,376.0,128.0,454.0,0.909991979598999
223,9,1651.0,62.0,1886.0,742.0,1768.5,402.0,235.0,680.0,0.8904890418052673
223,28,951.0,162.0,1150.0,617.0,1050.5,389.5,199.0,455.0,0.8268647193908691
223,27,1055.0,88.0,1337.0,667.0,1196.0,377.5,282.0,579.0,0.8069992065429688
223,16,1275.0,147.0,1420.0,617.0,1347.5,382.0,145.0,470.0,0.7922513484954834
223,29,42.0,6.0,327.0,770.0,184.5,388.0,285.0,764.0,0.6763764023780823
224,1,1495.0,31.0,1793.0,775.0,1644.0,403.0,298.0,744.0,0.9471028447151184
224,4,457.0,0.0,768.0,817.0,612.5,408.5,311.0,817.0,0.936043918132782
224,2,790.0,40.0,1062.0,786.0,926.0,413.0,272.0,746.0,0.9332262873649597
224,7,1316.0,105.0,1550.0,741.0,1433.0,423.0,234.0,636.0,0.927066445350647
224,20,54.0,0.0,543.0,1054.0,298.5,527.0,489.0,1054.0,0.9220375418663025
224,22,1792.0,149.0,1920.0,604.0,1856.0,376.5,128.0,455.0,0.9111902117729187
224,9,1650.0,60.0,1884.0,739.0,1767.0,399.5,234.0,679.0,0.8946624994277954
224,28,960.0,164.0,1164.0,618.0,1062.0,391.0,204.0,454.0,0.8422925472259521
224,27,1068.0,87.0,1344.0,667.0,1206.0,377.0,276.0,580.0,0.821820855140686
224,16,1270.0,145.0,1417.0,618.0,1343.5,381.5,147.0,473.0,0.7943968772888184
224,29,47.0,26.0,317.0,768.0,182.0,397.0,270.0,742.0,0.7083193063735962
225,1,1494.0,29.0,1793.0,777.0,1643.5,403.0,299.0,748.0,0.9458600878715515
225,4,458.0,0.0,768.0,817.0,613.0,408.5,310.0,817.0,0.9374732971191406
225,2,789.0,41.0,1066.0,785.0,927.5,413.0,277.0,744.0,0.9370917677879333
225,7,1312.0,106.0,1550.0,741.0,1431.0,423.5,238.0,635.0,0.9253028035163879
225,20,55.0,0.0,543.0,1055.0,299.0,527.5,488.0,1055.0,0.9180116057395935
225,22,1792.0,150.0,1920.0,603.0,1856.0,376.5,128.0,453.0,0.9132282733917236
225,9,1648.0,62.0,1883.0,739.0,1765.5,400.5,235.0,677.0,0.8996407985687256
225,28,964.0,167.0,1173.0,620.0,1068.5,393.5,209.0,453.0,0.8714170455932617
225,27,1057.0,98.0,1376.0,681.0,1216.5,389.5,319.0,583.0,0.8490284085273743
225,16,1267.0,143.0,1410.0,619.0,1338.5,381.0,143.0,476.0,0.8039947152137756
225,29,43.0,18.0,323.0,772.0,183.0,395.0,280.0,754.0,0.7297511696815491
225,3,1124.0,89.0,1277.0,629.0,1200.5,359.0,153.0,540.0,0.6750292181968689
226,1,1492.0,35.0,1797.0,764.0,1644.5,399.5,305.0,729.0,0.9451290369033813
226,2,791.0,38.0,1066.0,782.0,928.5,410.0,275.0,744.0,0.9390581250190735
226,4,461.0,0.0,767.0,818.0,614.0,409.0,306.0,818.0,0.9383443593978882
226,7,1308.0,108.0,1549.0,739.0,1428.5,423.5,241.0,631.0,0.9214462041854858
226,20,54.0,0.0,543.0,1058.0,298.5,529.0,489.0,1058.0,0.9186312556266785
226,22,1794.0,151.0,1920.0,603.0,1857.0,377.0,126.0,452.0,0.9092471599578857
226,9,1647.0,66.0,1882.0,741.0,1764.5,403.5,235.0,675.0,0.9068905115127563
226,28,965.0,167.0,1168.0,623.0,1066.5,395.0,203.0,456.0,0.8586867451667786
226,27,1062.0,96.0,1386.0,674.0,1224.0,385.0,324.0,578.0,0.8519278764724731
226,16,1262.0,143.0,1396.0,602.0,1329.0,372.5,134.0,459.0,0.7679295539855957
226,29,40.0,18.0,323.0,775.0,181.5,396.5,283.0,757.0,0.7469272017478943
226,3,1121.0,89.0,1279.0,620.0,1200.0,354.5,158.0,531.0,0.6884827017784119
227,1,1493.0,32.0,1796.0,764.0,1644.5,398.0,303.0,732.0,0.945926308631897
227,2,791.0,40.0,1068.0,781.0,929.5,410.5,277.0,741.0,0.942511260509491
227,4,462.0,0.0,766.0,818.0,614.0,409.0,304.0,818.0,0.9363737106323242
227,20,63.0,0.0,544.0,1061.0,303.5,530.5,481.0,1061.0,0.9199056029319763
227,7,1309.0,109.0,1547.0,739.0,1428.0,424.0,238.0,630.0,0.9179219007492065
227,9,1651.0,68.0,1882.0,744.0,1766.5,406.0,231.0,676.0,0.9128352999687195
227,22,1794.0,151.0,1920.0,603.0,1857.0,377.0,126.0,452.0,0.9095746278762817
227,28,965.0,168.0,1188.0,621.0,1076.5,394.5,223.0,453.0,0.8786437511444092
227,27,1073.0,95.0,1382.0,672.0,1227.5,383.5,309.0,577.0,0.8624308109283447
227,29,39.0,78.0,305.0,764.0,172.0,421.0,266.0,686.0,0.838454008102417
227,16,1248.0,138.0,1389.0,602.0,1318.5,370.0,141.0,464.0,0.6864803433418274
228,2,788.0,43.0,1072.0,784.0,930.0,413.5,284.0,741.0,0.9480138421058655
228,1,1494.0,31.0,1796.0,765.0,1645.0,398.0,302.0,734.0,0.9452646374702454
228,4,459.0,0.0,766.0,817.0,612.5,408.5,307.0,817.0,0.9356858134269714
228,20,76.0,0.0,549.0,1062.0,312.5,531.0,473.0,1062.0,0.9265989065170288
228,7,1311.0,111.0,1546.0,738.0,1428.5,424.5,235.0,627.0,0.9197095632553101
228,9,1652.0,70.0,1881.0,745.0,1766.5,407.5,229.0,675.0,0.9161593317985535
228,22,1793.0,151.0,1920.0,603.0,1856.5,377.0,127.0,452.0,0.9113819003105164
228,28,970.0,165.0,1190.0,625.0,1080.0,395.0,220.0,460.0,0.8870211839675903
228,27,1092.0,93.0,1383.0,672.0,1237.5,382.5,291.0,579.0,0.8469834923744202
228,29,37.0,83.0,299.0,762.0,168.0,422.5,262.0,679.0,0.8450646996498108
229,2,786.0,42.0,1075.0,786.0,930.5,414.0,289.0,744.0,0.9517103433609009
229,1,1494.0,30.0,1796.0,763.0,1645.0,396.5,302.0,733.0,0.9459164142608643
229,4,460.0,0.0,765.0,817.0,612.5,408.5,305.0,817.0,0.9348174333572388
229,20,80.0,0.0,553.0,1051.0,316.5,525.5,473.0,1051.0,0.9288730025291443
229,7,1311.0,112.0,1545.0,738.0,1428.0,425.0,234.0,626.0,0.9273011684417725
229,9,1653.0,72.0,1880.0,745.0,1766.5,408.5,227.0,673.0,0.916886568069458
229,22,1793.0,151.0,1920.0,604.0,1856.5,377.5,127.0,453.0,0.9098736047744751
229,28,977.0,165.0,1194.0,625.0,1085.5,395.0,217.0,460.0,0.894980251789093
229,27,1111.0,94.0,1376.0,668.0,1243.5,381.0,265.0,574.0,0.8370452523231506
229,29,37.0,79.0,295.0,756.0,166.0,417.5,258.0,677.0,0.8354885578155518
230,2,784.0,47.0,1076.0,786.0,930.0,416.5,292.0,739.0,0.9543097615242004
230,1,1494.0,28.0,1795.0,764.0,1644.5,396.0,301.0,736.0,0.9452608227729797
230,4,461.0,0.0,764.0,816.0,612.5,408.0,303.0,816.0,0.9342976808547974
230,20,83.0,0.0,560.0,1045.0,321.5,522.5,477.0,1045.0,0.9320595860481262
230,7,1312.0,113.0,1543.0,739.0,1427.5,426.0,231.0,626.0,0.9299936890602112
230,9,1654.0,74.0,1880.0,747.0,1767.0,410.5,226.0,673.0,0.9196797609329224
230,28,986.0,167.0,1187.0,620.0,1086.5,393.5,201.0,453.0,0.9148180484771729
230,22,1791.0,150.0,1920.0,603.0,1855.5,376.5,129.0,453.0,0.907546877861023
230,27,1130.0,98.0,1382.0,665.0,1256.0,381.5,252.0,567.0,0.836414635181427
230,29,36.0,80.0,290.0,753.0,163.0,416.5,254.0,673.0,0.8196123838424683
231,2,784.0,53.0,1075.0,786.0,929.5,419.5,291.0,733.0,0.9544754028320312
231,1,1493.0,26.0,1795.0,766.0,1644.0,396.0,302.0,740.0,0.9441641569137573
231,4,460.0,0.0,763.0,818.0,611.5,409.0,303.0,818.0,0.9386788010597229
231,20,81.0,0.0,568.0,1041.0,324.5,520.5,487.0,1041.0,0.9332064986228943
231,9,1656.0,76.0,1880.0,748.0,1768.0,412.0,224.0,672.0,0.9213907122612
231,7,1312.0,114.0,1541.0,737.0,1426.5,425.5,229.0,623.0,0.9182204008102417
231,28,992.0,166.0,1187.0,618.0,1089.5,392.0,195.0,452.0,0.917544960975647
231,22,1791.0,150.0,1920.0,603.0,1855.5,376.5,129.0,453.0,0.9081869125366211
231,27,1151.0,91.0,1405.0,674.0,1278.0,382.5,254.0,583.0,0.8648977279663086
231,29,34.0,82.0,288.0,752.0,161.0,417.0,254.0,670.0,0.804786205291748
232,2,785.0,57.0,1072.0,784.0,928.5,420.5,287.0,727.0,0.9550113677978516
232,1,1492.0,23.0,1795.0,767.0,1643.5,395.0,303.0,744.0,0.9441105723381042
232,4,464.0,0.0,762.0,818.0,613.0,409.0,298.0,818.0,0.9405499696731567
232,20,84.0,0.0,572.0,1039.0,328.0,519.5,488.0,1039.0,0.9365370273590088
232,9,1655.0,79.0,1880.0,749.0,1767.5,414.0,225.0,670.0,0.920694887638092
232,7,1311.0,112.0,1538.0,739.0,1424.5,425.5,227.0,627.0,0.9195001125335693
232,28,996.0,165.0,1186.0,617.0,1091.0,391.0,190.0,452.0,0.9138116240501404
232,22,1790.0,150.0,1920.0,603.0,1855.0,376.5,130.0,453.0,0.9082094430923462
232,5,1146.0,107.0,1320.0,628.0,1233.0,367.5,174.0,521.0,0.872186005115509
232,29,32.0,78.0,272.0,750.0,152.0,414.0,240.0,672.0,0.8021059632301331
232,27,1193.0,92.0,1408.0,666.0,1300.5,379.0,215.0,574.0,0.3379158079624176
233,2,786.0,60.0,1067.0,784.0,926.5,422.0,281.0,724.0,0.9511945247650146
233,1,1492.0,20.0,1795.0,767.0,1643.5,393.5,303.0,747.0,0.9429168701171875
233,4,463.0,0.0,762.0,818.0,612.5,409.0,299.0,818.0,0.9403948187828064
233,20,85.0,0.0,580.0,1037.0,332.5,518.5,495.0,1037.0,0.9335823059082031
233,9,1655.0,79.0,1880.0,749.0,1767.5,414.0,225.0,670.0,0.9209340810775757
233,7,1310.0,110.0,1537.0,742.0,1423.5,426.0,227.0,632.0,0.9106559753417969
233,22,1790.0,151.0,1920.0,603.0,1855.0,377.0,130.0,452.0,0.9080283641815186
233,28,1000.0,163.0,1190.0,617.0,1095.0,390.0,190.0,454.0,0.8969197273254395
233,5,1149.0,109.0,1322.0,619.0,1235.5,364.0,173.0,510.0,0.8754134774208069
233,27,1205.0,83.0,1439.0,670.0,1322.0,376.5,234.0,587.0,0.826907753944397
233,29,29.0,79.0,264.0,747.0,146.5,413.0,235.0,668.0,0.795200765132904
234,2,786.0,61.0,1062.0,783.0,924.0,422.0,276.0,722.0,0.9508106112480164
234,1,1491.0,20.0,1794.0,768.0,1642.5,394.0,303.0,748.0,0.9428419470787048
234,4,465.0,0.0,762.0,818.0,613.5,409.0,297.0,818.0,0.9385062456130981
234,20,83.0,0.0,588.0,1033.0,335.5,516.5,505.0,1033.0,0.9330102205276489
234,9,1656.0,79.0,1880.0,749.0,1768.0,414.0,224.0,670.0,0.9204510450363159
234,7,1307.0,109.0,1541.0,745.0,1424.0,427.0,234.0,636.0,0.9186809659004211
234,22,1788.0,151.0,1920.0,603.0,1854.0,377.0,132.0,452.0,0.9083713293075562
234,5,1149.0,110.0,1329.0,618.0,1239.0,364.0,180.0,508.0,0.8892814517021179
234,28,1004.0,160.0,1200.0,619.0,1102.0,389.5,196.0,459.0,0.8878954648971558
234,27,1241.0,81.0,1455.0,676.0,1348.0,378.5,214.0,595.0,0.8188557028770447
234,29,27.0,77.0,261.0,744.0,144.0,410.5,234.0,667.0,0.7926620244979858
235,2,784.0,63.0,1056.0,781.0,920.0,422.0,272.0,718.0,0.9463786482810974
235,1,1490.0,19.0,1793.0,767.0,1641.5,393.0,303.0,748.0,0.9413955807685852
235,4,466.0,0.0,761.0,819.0,613.5,409.5,295.0,819.0,0.9366175532341003
235,20,82.0,0.0,595.0,1032.0,338.5,516.0,513.0,1032.0,0.932708740234375
235,9,1656.0,79.0,1879.0,749.0,1767.5,414.0,223.0,670.0,0.9195255637168884
235,7,1301.0,106.0,1540.0,745.0,1420.5,425.5,239.0,639.0,0.9150514006614685
235,22,1789.0,152.0,1920.0,602.0,1854.5,377.0,131.0,450.0,0.907242476940155
235,28,1013.0,156.0,1201.0,618.0,1107.0,387.0,188.0,462.0,0.9066445231437683
235,5,1157.0,111.0,1336.0,619.0,1246.5,365.0,179.0,508.0,0.8346831202507019
235,29,25.0,65.0,243.0,741.0,134.0,403.0,218.0,676.0,0.8026727437973022
235,27,1204.0,96.0,1469.0,650.0,1336.5,373.0,265.0,554.0,0.5389217734336853
236,2,780.0,66.0,1053.0,783.0,916.5,424.5,273.0,717.0,0.9432992339134216
236,1,1489.0,21.0,1793.0,765.0,1641.0,393.0,304.0,744.0,0.9396448731422424
236,4,469.0,0.0,762.0,820.0,615.5,410.0,293.0,820.0,0.936199426651001
236,20,82.0,0.0,601.0,1033.0,341.5,516.5,519.0,1033.0,0.9324220418930054
236,9,1657.0,78.0,1880.0,748.0,1768.5,413.0,223.0,670.0,0.9211235642433167
236,22,1788.0,151.0,1920.0,602.0,1854.0,376.5,132.0,451.0,0.9070112705230713
236,7,1294.0,102.0,1537.0,745.0,1415.5,423.5,243.0,643.0,0.9031665325164795
236,28,1011.0,153.0,1207.0,616.0,1109.0,384.5,196.0,463.0,0.9025179743766785
236,5,1163.0,112.0,1343.0,628.0,1253.0,370.0,180.0,516.0,0.8476104736328125
236,29,23.0,60.0,241.0,742.0,132.0,401.0,218.0,682.0,0.7955734133720398
237,2,778.0,67.0,1051.0,782.0,914.5,424.5,273.0,715.0,0.9453980326652527
237,1,1489.0,20.0,1792.0,766.0,1640.5,393.0,303.0,746.0,0.9402603507041931
237,4,475.0,0.0,762.0,821.0,618.5,410.5,287.0,821.0,0.9334301948547363
237,20,85.0,0.0,608.0,1035.0,346.5,517.5,523.0,1035.0,0.9289487600326538
237,9,1658.0,76.0,1880.0,748.0,1769.0,412.0,222.0,672.0,0.9228731393814087
237,22,1788.0,150.0,1920.0,601.0,1854.0,375.5,132.0,451.0,0.9060302376747131
237,7,1291.0,99.0,1533.0,743.0,1412.0,421.0,242.0,644.0,0.9038030505180359
237,28,1015.0,151.0,1207.0,617.0,1111.0,384.0,192.0,466.0,0.9002463817596436
237,5,1167.0,110.0,1346.0,627.0,1256.5,368.5,179.0,517.0,0.8724396824836731
237,29,22.0,56.0,238.0,742.0,130.0,399.0,216.0,686.0,0.7884177565574646
237,26,1397.0,116.0,1542.0,633.0,1469.5,374.5,145.0,517.0,0.728275716304779
238,2,779.0,67.0,1049.0,780.0,914.0,423.5,270.0,713.0,0.9462510943412781
238,1,1489.0,20.0,1791.0,766.0,1640.0,393.0,302.0,746.0,0.9370874166488647
238,4,474.0,0.0,763.0,821.0,618.5,410.5,289.0,821.0,0.9323209524154663
238,20,88.0,0.0,614.0,1029.0,351.0,514.5,526.0,1029.0,0.9297881126403809
238,9,1659.0,76.0,1880.0,748.0,1769.5,412.0,221.0,672.0,0.9233174920082092
238,22,1787.0,149.0,1920.0,601.0,1853.5,375.0,133.0,452.0,0.9055157899856567
238,28,1025.0,149.0,1199.0,619.0,1112.0,384.0,174.0,470.0,0.8944032788276672
238,7,1292.0,90.0,1535.0,743.0,1413.5,416.5,243.0,653.0,0.8934314250946045
238,5,1174.0,108.0,1347.0,623.0,1260.5,365.5,173.0,515.0,0.8836627006530762
238,29,22.0,60.0,234.0,739.0,128.0,399.5,212.0,679.0,0.8057811856269836
238,26,1399.0,117.0,1546.0,634.0,1472.5,375.5,147.0,517.0,0.7452529072761536
238,3,1134.0,179.0,1267.0,604.0,1200.5,391.5,133.0,425.0,0.640516996383667
239,2,778.0,65.0,1045.0,776.0,911.5,420.5,267.0,711.0,0.9462391138076782
239,20,92.0,0.0,621.0,1028.0,356.5,514.0,529.0,1028.0,0.933031439781189
239,1,1487.0,19.0,1791.0,766.0,1639.0,392.5,304.0,747.0,0.9327601194381714
239,4,482.0,0.0,764.0,822.0,623.0,411.0,282.0,822.0,0.9295913577079773
239,9,1659.0,74.0,1880.0,747.0,1769.5,410.5,221.0,673.0,0.9232122302055359
239,22,1786.0,148.0,1920.0,601.0,1853.0,374.5,134.0,453.0,0.904613196849823
239,7,1288.0,86.0,1534.0,741.0,1411.0,413.5,246.0,655.0,0.9045803546905518
239,28,1029.0,150.0,1199.0,616.0,1114.0,383.0,170.0,466.0,0.9021239876747131
239,5,1178.0,106.0,1350.0,622.0,1264.0,364.0,172.0,516.0,0.8846990466117859
239,29,21.0,59.0,228.0,739.0,124.5,399.0,207.0,680.0,0.8170319199562073
239,26,1399.0,113.0,1547.0,636.0,1473.0,374.5,148.0,523.0,0.7583891749382019
239,3,1132.0,179.0,1268.0,601.0,1200.0,390.0,136.0,422.0,0.7487155199050903
239,30,77.0,24.0,346.0,832.0,211.5,428.0,269.0,808.0,0.5372287631034851
240,2,778.0,63.0,1044.0,775.0,911.0,419.0,266.0,712.0,0.9477194547653198
240,1,1487.0,19.0,1790.0,765.0,1638.5,392.0,303.0,746.0,0.9395439028739929
240,20,91.0,0.0,626.0,1025.0,358.5,512.5,535.0,1025.0,0.931519627571106
240,4,480.0,0.0,766.0,824.0,623.0,412.0,286.0,824.0,0.9295426607131958
240,9,1658.0,72.0,1881.0,748.0,1769.5,410.0,223.0,676.0,0.9239144921302795
240,7,1284.0,80.0,1531.0,743.0,1407.5,411.5,247.0,663.0,0.9072132706642151
240,22,1786.0,149.0,1920.0,600.0,1853.0,374.5,134.0,451.0,0.9047883152961731
240,28,1033.0,147.0,1208.0,620.0,1120.5,383.5,175.0,473.0,0.9021867513656616
240,5,1181.0,106.0,1356.0,622.0,1268.5,364.0,175.0,516.0,0.8850461840629578
240,29,21.0,61.0,219.0,736.0,120.0,398.5,198.0,675.0,0.8111003637313843
240,3,1127.0,175.0,1259.0,598.0,1193.0,386.5,132.0,423.0,0.7566543817520142
240,30,75.0,17.0,343.0,833.0,209.0,425.0,268.0,816.0,0.5507510900497437
240,26,1390.0,100.0,1551.0,649.0,1470.5,374.5,161.0,549.0,0.43001410365104675
241,2,778.0,60.0,1044.0,775.0,911.0,417.5,266.0,715.0,0.9472280740737915
241,1,1486.0,22.0,1790.0,767.0,1638.0,394.5,304.0,745.0,0.9379189014434814
241,20,93.0,0.0,627.0,1030.0,360.0,515.0,534.0,1030.0,0.9310899972915649
241,4,479.0,0.0,768.0,823.0,623.5,411.5,289.0,823.0,0.9283624291419983
241,9,1656.0,69.0,1883.0,749.0,1769.5,409.0,227.0,680.0,0.9223275780677795
241,28,1033.0,148.0,1218.0,617.0,1125.5,382.5,185.0,469.0,0.90886390209198
241,7,1285.0,81.0,1533.0,741.0,1409.0,411.0,248.0,660.0,0.9079095721244812
241,22,1785.0,148.0,1920.0,600.0,1852.5,374.0,135.0,452.0,0.9036014080047607
241,5,1187.0,97.0,1370.0,625.0,1278.5,361.0,183.0,528.0,0.8836212158203125
241,29,21.0,63.0,216.0,734.0,118.5,398.5,195.0,671.0,0.8121734261512756
241,3,1133.0,170.0,1264.0,598.0,1198.5,384.0,131.0,428.0,0.7380277514457703
241,30,69.0,11.0,327.0,781.0,198.0,396.0,258.0,770.0,0.730029284954071
242,2,778.0,57.0,1043.0,776.0,910.5,416.5,265.0,719.0,0.9468904733657837
242,1,1484.0,23.0,1789.0,768.0,1636.5,395.5,305.0,745.0,0.93511962890625
242,20,97.0,0.0,626.0,1030.0,361.5,515.0,529.0,1030.0,0.9304012656211853
242,4,477.0,0.0,769.0,823.0,623.0,411.5,292.0,823.0,0.9280770421028137
242,9,1654.0,67.0,1884.0,750.0,1769.0,408.5,230.0,683.0,0.9208043217658997
242,28,1036.0,150.0,1229.0,617.0,1132.5,383.5,193.0,467.0,0.9180845022201538
242,7,1285.0,82.0,1533.0,741.0,1409.0,411.5,248.0,659.0,0.9078423380851746
242,22,1786.0,148.0,1920.0,600.0,1853.0,374.0,134.0,452.0,0.9020288586616516
242,5,1192.0,96.0,1374.0,628.0,1283.0,362.0,182.0,532.0,0.8867707848548889
242,29,20.0,64.0,214.0,734.0,117.0,399.0,194.0,670.0,0.8112518787384033
242,3,1137.0,169.0,1265.0,596.0,1201.0,382.5,128.0,427.0,0.7597912549972534
242,30,73.0,0.0,330.0,785.0,201.5,392.5,257.0,785.0,0.7484481334686279
243,2,777.0,54.0,1043.0,776.0,910.0,415.0,266.0,722.0,0.9467514753341675
243,20,100.0,0.0,625.0,1035.0,362.5,517.5,525.0,1035.0,0.9320989847183228
243,4,481.0,0.0,771.0,822.0,626.0,411.0,290.0,822.0,0.926950216293335
243,9,1652.0,65.0,1883.0,749.0,1767.5,407.0,231.0,684.0,0.9174845218658447
243,28,1044.0,155.0,1239.0,617.0,1141.5,386.0,195.0,462.0,0.9162325263023376
243,1,1481.0,26.0,1789.0,770.0,1635.0,398.0,308.0,744.0,0.9074134826660156
243,22,1784.0,147.0,1920.0,600.0,1852.0,373.5,136.0,453.0,0.9007076621055603
243,7,1286.0,81.0,1525.0,740.0,1405.5,410.5,239.0,659.0,0.8974581360816956
243,5,1196.0,97.0,1378.0,620.0,1287.0,358.5,182.0,523.0,0.8867290616035461
243,29,16.0,64.0,217.0,739.0,116.5,401.5,201.0,675.0,0.8153000473976135
243,30,77.0,0.0,328.0,789.0,202.5,394.5,251.0,789.0,0.764512300491333
243,3,1132.0,171.0,1262.0,589.0,1197.0,380.0,130.0,418.0,0.7318305969238281
243,26,1383.0,95.0,1573.0,678.0,1478.0,386.5,190.0,583.0,0.5496526956558228
244,2,776.0,52.0,1044.0,777.0,910.0,414.5,268.0,725.0,0.9451258182525635
244,20,100.0,0.0,624.0,1035.0,362.0,517.5,524.0,1035.0,0.9330546259880066
244,4,486.0,0.0,772.0,822.0,629.0,411.0,286.0,822.0,0.9263013601303101
244,7,1285.0,79.0,1527.0,740.0,1406.0,409.5,242.0,661.0,0.9123901128768921
244,28,1051.0,158.0,1244.0,615.0,1147.5,386.5,193.0,457.0,0.9116935133934021
244,9,1650.0,62.0,1884.0,749.0,1767.0,405.5,234.0,687.0,0.9099281430244446
244,22,1784.0,146.0,1920.0,600.0,1852.0,373.0,136.0,454.0,0.8975299000740051
244,1,1477.0,26.0,1788.0,769.0,1632.5,397.5,311.0,743.0,0.8858708739280701
244,5,1201.0,96.0,1383.0,619.0,1292.0,357.5,182.0,523.0,0.8841578364372253
244,26,1397.0,93.0,1574.0,644.0,1485.5,368.5,177.0,551.0,0.8417206406593323
244,29,15.0,67.0,217.0,737.0,116.0,402.0,202.0,670.0,0.8159955739974976
244,30,73.0,0.0,330.0,792.0,201.5,396.0,257.0,792.0,0.7855316996574402
245,2,777.0,50.0,1046.0,777.0,911.5,413.5,269.0,727.0,0.944580078125
245,20,100.0,0.0,623.0,1032.0,361.5,516.0,523.0,1032.0,0.9330795407295227
245,4,486.0,0.0,773.0,823.0,629.5,411.5,287.0,823.0,0.926721453666687
245,7,1284.0,80.0,1524.0,740.0,1404.0,410.0,240.0,660.0,0.919054388999939
245,9,1649.0,60.0,1882.0,746.0,1765.5,403.0,233.0,686.0,0.9020435810089111
245,28,1051.0,160.0,1248.0,614.0,1149.5,387.0,197.0,454.0,0.9012675285339355
245,22,1784.0,145.0,1920.0,600.0,1852.0,372.5,136.0,455.0,0.8960283398628235
245,5,1204.0,96.0,1384.0,619.0,1294.0,357.5,180.0,523.0,0.88718181848526
245,1,1473.0,29.0,1786.0,769.0,1629.5,399.0,313.0,740.0,0.8685896396636963
245,26,1406.0,97.0,1576.0,639.0,1491.0,368.0,170.0,542.0,0.8640242218971252
245,29,12.0,74.0,216.0,735.0,114.0,404.5,204.0,661.0,0.8240575790405273
245,30,70.0,0.0,329.0,795.0,199.5,397.5,259.0,795.0,0.7877256870269775
246,2,777.0,48.0,1049.0,777.0,913.0,412.5,272.0,729.0,0.9452975392341614
246,20,100.0,0.0,621.0,1034.0,360.5,517.0,521.0,1034.0,0.9332345724105835
246,4,487.0,0.0,774.0,824.0,630.5,412.0,287.0,824.0,0.9293668270111084
246,7,1285.0,78.0,1523.0,741.0,1404.0,409.5,238.0,663.0,0.918694019317627
246,9,1647.0,54.0,1883.0,744.0,1765.0,399.0,236.0,690.0,0.8997290730476379
246,28,1053.0,155.0,1263.0,622.0,1158.0,388.5,210.0,467.0,0.8966269493103027
246,22,1784.0,143.0,1920.0,601.0,1852.0,372.0,136.0,458.0,0.8950894474983215
246,5,1210.0,95.0,1388.0,621.0,1299.0,358.0,178.0,526.0,0.8845462203025818
246,26,1415.0,99.0,1587.0,640.0,1501.0,369.5,172.0,541.0,0.8625003695487976
246,1,1473.0,23.0,1780.0,767.0,1626.5,395.0,307.0,744.0,0.8587251901626587
246,29,9.0,77.0,214.0,736.0,111.5,406.5,205.0,659.0,0.825788140296936
246,30,66.0,0.0,331.0,796.0,198.5,398.0,265.0,796.0,0.8167740106582642
247,2,776.0,48.0,1050.0,776.0,913.0,412.0,274.0,728.0,0.9446113705635071
247,20,104.0,0.0,622.0,1031.0,363.0,515.5,518.0,1031.0,0.9340811371803284
247,4,491.0,0.0,775.0,822.0,633.0,411.0,284.0,822.0,0.9283517003059387
247,7,1285.0,80.0,1520.0,743.0,1402.5,411.5,235.0,663.0,0.9244936108589172
247,28,1056.0,159.0,1267.0,622.0,1161.5,390.5,211.0,463.0,0.9034735560417175
247,22,1783.0,146.0,1920.0,600.0,1851.5,373.0,137.0,454.0,0.8986738324165344
247,9,1644.0,49.0,1883.0,742.0,1763.5,395.5,239.0,693.0,0.8917772173881531
247,5,1214.0,94.0,1399.0,626.0,1306.5,360.0,185.0,532.0,0.8889431953430176
247,1,1471.0,28.0,1776.0,760.0,1623.5,394.0,305.0,732.0,0.8875325322151184
247,26,1422.0,102.0,1600.0,640.0,1511.0,371.0,178.0,538.0,0.8573047518730164
247,30,63.0,0.0,330.0,799.0,196.5,399.5,267.0,799.0,0.8350480794906616
247,29,8.0,83.0,213.0,737.0,110.5,410.0,205.0,654.0,0.8242366313934326
248,2,776.0,48.0,1054.0,773.0,915.0,410.5,278.0,725.0,0.9431142210960388
248,20,108.0,0.0,620.0,1030.0,364.0,515.0,512.0,1030.0,0.9367417097091675
248,4,490.0,0.0,776.0,822.0,633.0,411.0,286.0,822.0,0.9280918836593628
248,7,1287.0,84.0,1521.0,742.0,1404.0,413.0,234.0,658.0,0.9232593774795532
248,1,1470.0,39.0,1772.0,758.0,1621.0,398.5,302.0,719.0,0.9094359874725342
248,28,1057.0,163.0,1270.0,620.0,1163.5,391.5,213.0,457.0,0.9067412614822388
248,22,1783.0,144.0,1920.0,600.0,1851.5,372.0,137.0,456.0,0.8994746208190918
248,9,1642.0,47.0,1884.0,741.0,1763.0,394.0,242.0,694.0,0.8916025757789612
248,5,1218.0,96.0,1408.0,631.0,1313.0,363.5,190.0,535.0,0.8765164613723755
248,30,60.0,0.0,333.0,803.0,196.5,401.5,273.0,803.0,0.8421058654785156
248,29,7.0,83.0,210.0,736.0,108.5,409.5,203.0,653.0,0.836666464805603
248,26,1430.0,103.0,1617.0,643.0,1523.5,373.0,187.0,540.0,0.7888917326927185
249,2,775.0,51.0,1058.0,773.0,916.5,412.0,283.0,722.0,0.9441849589347839
249,20,111.0,0.0,618.0,1024.0,364.5,512.0,507.0,1024.0,0.9365007877349854
249,4,488.0,0.0,779.0,823.0,633.5,411.5,291.0,823.0,0.9314701557159424
249,7,1288.0,86.0,1524.0,743.0,1406.0,414.5,236.0,657.0,0.9246936440467834
249,1,1469.0,41.0,1770.0,759.0,1619.5,400.0,301.0,718.0,0.9137222766876221
249,28,1059.0,165.0,1269.0,620.0,1164.0,392.5,210.0,455.0,0.9008788466453552
249,22,1784.0,143.0,1920.0,599.0,1852.0,371.0,136.0,456.0,0.8985894322395325
249,9,1642.0,47.0,1883.0,741.0,1762.5,394.0,241.0,694.0,0.8936977386474609
249,30,58.0,0.0,337.0,804.0,197.5,402.0,279.0,804.0,0.8550504446029663
249,29,6.0,84.0,212.0,735.0,109.0,409.5,206.0,651.0,0.8487347364425659
249,5,1221.0,99.0,1415.0,639.0,1318.0,369.0,194.0,540.0,0.8415148258209229
249,26,1444.0,103.0,1625.0,645.0,1534.5,374.0,181.0,542.0,0.765927791595459
250,2,775.0,51.0,1060.0,773.0,917.5,412.0,285.0,722.0,0.9456267952919006
250,20,117.0,0.0,619.0,1023.0,368.0,511.5,502.0,1023.0,0.9383094906806946
250,4,490.0,0.0,780.0,820.0,635.0,410.0,290.0,820.0,0.93216872215271
250,7,1288.0,89.0,1526.0,743.0,1407.0,416.0,238.0,654.0,0.9290706515312195
250,28,1062.0,167.0,1264.0,619.0,1163.0,393.0,202.0,452.0,0.903891384601593
250,1,1468.0,47.0,1769.0,757.0,1618.5,402.0,301.0,710.0,0.9035049080848694
250,22,1784.0,143.0,1920.0,599.0,1852.0,371.0,136.0,456.0,0.901074230670929
250,9,1641.0,46.0,1883.0,743.0,1762.0,394.5,242.0,697.0,0.897473931312561
250,30,55.0,0.0,337.0,806.0,196.0,403.0,282.0,806.0,0.8589187264442444
250,29,7.0,82.0,213.0,739.0,110.0,410.5,206.0,657.0,0.8533840179443359
250,5,1226.0,103.0,1417.0,636.0,1321.5,369.5,191.0,533.0,0.8133384585380554
250,26,1462.0,104.0,1639.0,652.0,1550.5,378.0,177.0,548.0,0.7616593241691589
251,2,775.0,53.0,1061.0,773.0,918.0,413.0,286.0,720.0,0.9460335373878479
251,20,123.0,0.0,618.0,1022.0,370.5,511.0,495.0,1022.0,0.9394570589065552
251,7,1286.0,92.0,1529.0,745.0,1407.5,418.5,243.0,653.0,0.9358166456222534
251,4,488.0,0.0,782.0,821.0,635.0,410.5,294.0,821.0,0.9327690601348877
251,1,1464.0,39.0,1766.0,760.0,1615.0,399.5,302.0,721.0,0.9198707938194275
251,28,1066.0,167.0,1267.0,618.0,1166.5,392.5,201.0,451.0,0.9095856547355652
251,9,1638.0,47.0,1882.0,746.0,1760.0,396.5,244.0,699.0,0.9079463481903076
251,22,1784.0,142.0,1920.0,600.0,1852.0,371.0,136.0,458.0,0.9001300930976868
251,30,53.0,0.0,345.0,806.0,199.0,403.0,292.0,806.0,0.8669803142547607
251,29,7.0,81.0,210.0,742.0,108.5,411.5,203.0,661.0,0.8602149486541748
251,5,1231.0,106.0,1418.0,619.0,1324.5,362.5,187.0,513.0,0.8171307444572449
251,26,1451.0,132.0,1619.0,633.0,1535.0,382.5,168.0,501.0,0.6737575531005859
251,16,1216.0,135.0,1333.0,576.0,1274.5,355.5,117.0,441.0,0.49037954211235046
252,2,776.0,57.0,1061.0,772.0,918.5,414.5,285.0,715.0,0.94671630859375
252,20,133.0,0.0,618.0,1018.0,375.5,509.0,485.0,1018.0,0.942986249923706
252,7,1287.0,98.0,1530.0,744.0,1408.5,421.0,243.0,646.0,0.9309049844741821
252,4,492.0,0.0,783.0,820.0,637.5,410.0,291.0,820.0,0.9293978214263916
252,1,1459.0,32.0,1766.0,760.0,1612.5,396.0,307.0,728.0,0.9214770197868347
252,9,1640.0,49.0,1882.0,745.0,1761.0,397.0,242.0,696.0,0.9105941653251648
252,28,1073.0,167.0,1267.0,618.0,1170.0,392.5,194.0,451.0,0.9043886661529541
252,22,1785.0,142.0,1920.0,600.0,1852.5,371.0,135.0,458.0,0.8986601233482361
252,30,51.0,0.0,354.0,806.0,202.5,403.0,303.0,806.0,0.8725581765174866
252,29,7.0,79.0,204.0,742.0,105.5,410.5,197.0,663.0,0.8578112721443176
252,5,1236.0,107.0,1421.0,614.0,1328.5,360.5,185.0,507.0,0.76976478099823
252,26,1460.0,127.0,1620.0,626.0,1540.0,376.5,160.0,499.0,0.5206849575042725
252,16,1215.0,133.0,1337.0,589.0,1276.0,361.0,122.0,456.0,0.5176513195037842
253,2,777.0,61.0,1061.0,772.0,919.0,416.5,284.0,711.0,0.9484601020812988
253,20,140.0,0.0,622.0,1019.0,381.0,509.5,482.0,1019.0,0.9429531097412109
253,1,1453.0,22.0,1764.0,765.0,1608.5,393.5,311.0,743.0,0.9360880255699158
253,7,1287.0,101.0,1530.0,746.0,1408.5,423.5,243.0,645.0,0.9309008121490479
253,4,494.0,0.0,787.0,819.0,640.5,409.5,293.0,819.0,0.9295612573623657
253,9,1638.0,53.0,1883.0,745.0,1760.5,399.0,245.0,692.0,0.9144923090934753
253,22,1785.0,143.0,1920.0,600.0,1852.5,371.5,135.0,457.0,0.8997521996498108
253,30,49.0,0.0,355.0,807.0,202.0,403.5,306.0,807.0,0.8743988275527954
253,29,7.0,78.0,204.0,745.0,105.5,411.5,197.0,667.0,0.8686898946762085
253,28,1077.0,169.0,1270.0,615.0,1173.5,392.0,193.0,446.0,0.8684112429618835
253,5,1233.0,114.0,1392.0,611.0,1312.5,362.5,159.0,497.0,0.7252794504165649
254,2,778.0,65.0,1062.0,773.0,920.0,419.0,284.0,708.0,0.9497828483581543
254,20,143.0,0.0,629.0,1018.0,386.0,509.0,486.0,1018.0,0.9387539029121399
254,4,493.0,0.0,787.0,821.0,640.0,410.5,294.0,821.0,0.9350041151046753
254,1,1450.0,23.0,1757.0,762.0,1603.5,392.5,307.0,739.0,0.931631863117218
254,7,1286.0,104.0,1530.0,748.0,1408.0,426.0,244.0,644.0,0.9250908493995667
254,9,1641.0,58.0,1881.0,745.0,1761.0,401.5,240.0,687.0,0.9146276712417603
254,22,1786.0,143.0,1920.0,600.0,1853.0,371.5,134.0,457.0,0.902315616607666
254,30,46.0,0.0,356.0,807.0,201.0,403.5,310.0,807.0,0.8823914527893066
254,29,7.0,79.0,201.0,747.0,104.0,413.0,194.0,668.0,0.8792456388473511
254,28,1088.0,172.0,1284.0,607.0,1186.0,389.5,196.0,435.0,0.8094974756240845
254,16,1218.0,130.0,1346.0,600.0,1282.0,365.0,128.0,470.0,0.7365502119064331
254,5,1238.0,106.0,1444.0,616.0,1341.0,361.0,206.0,510.0,0.25925835967063904
255,2,780.0,68.0,1062.0,773.0,921.0,420.5,282.0,705.0,0.9504414200782776
255,20,152.0,0.0,638.0,1012.0,395.0,506.0,486.0,1012.0,0.9373201131820679
255,4,494.0,0.0,789.0,824.0,641.5,412.0,295.0,824.0,0.9346253275871277
255,1,1451.0,26.0,1752.0,766.0,1601.5,396.0,301.0,740.0,0.9334651231765747
255,7,1286.0,107.0,1530.0,748.0,1408.0,427.5,244.0,641.0,0.9142524600028992
255,9,1643.0,59.0,1881.0,747.0,1762.0,403.0,238.0,688.0,0.9138846397399902
255,22,1787.0,146.0,1920.0,600.0,1853.5,373.0,133.0,454.0,0.9025148153305054
255,30,44.0,0.0,355.0,805.0,199.5,402.5,311.0,805.0,0.8850838541984558
255,29,7.0,80.0,200.0,746.0,103.5,413.0,193.0,666.0,0.8742932677268982
255,28,1102.0,168.0,1286.0,610.0,1194.0,389.0,184.0,442.0,0.8237887024879456
255,16,1215.0,130.0,1346.0,604.0,1280.5,367.0,131.0,474.0,0.7812628149986267
256,2,780.0,71.0,1061.0,774.0,920.5,422.5,281.0,703.0,0.9522321820259094
256,20,162.0,0.0,642.0,1007.0,402.0,503.5,480.0,1007.0,0.941647469997406
256,4,492.0,0.0,789.0,825.0,640.5,412.5,297.0,825.0,0.9352060556411743
256,1,1448.0,39.0,1750.0,759.0,1599.0,399.0,302.0,720.0,0.9232489466667175
256,9,1646.0,66.0,1881.0,750.0,1763.5,408.0,235.0,684.0,0.9183048009872437
256,7,1287.0,109.0,1518.0,745.0,1402.5,427.0,231.0,636.0,0.9085963368415833
256,22,1788.0,146.0,1920.0,599.0,1854.0,372.5,132.0,453.0,0.9026090502738953
256,30,41.0,0.0,361.0,808.0,201.0,404.0,320.0,808.0,0.8872665762901306
256,29,5.0,77.0,202.0,747.0,103.5,412.0,197.0,670.0,0.8707772493362427
256,28,1115.0,164.0,1290.0,619.0,1202.5,391.5,175.0,455.0,0.8227232694625854
256,16,1214.0,133.0,1347.0,608.0,1280.5,370.5,133.0,475.0,0.8049389123916626
256,5,1147.0,122.0,1432.0,644.0,1289.5,383.0,285.0,522.0,0.3634001314640045
257,2,783.0,73.0,1059.0,775.0,921.0,424.0,276.0,702.0,0.9515435099601746
257,20,167.0,0.0,652.0,1003.0,409.5,501.5,485.0,1003.0,0.9441763758659363
257,4,492.0,0.0,790.0,826.0,641.0,413.0,298.0,826.0,0.9339690804481506
257,9,1646.0,70.0,1881.0,750.0,1763.5,410.0,235.0,680.0,0.9193058013916016
257,1,1444.0,45.0,1749.0,762.0,1596.5,403.5,305.0,717.0,0.912290632724762
257,7,1287.0,111.0,1514.0,745.0,1400.5,428.0,227.0,634.0,0.9090781211853027
257,22,1789.0,148.0,1920.0,601.0,1854.5,374.5,131.0,453.0,0.9051821827888489
257,30,39.0,0.0,363.0,810.0,201.0,405.0,324.0,810.0,0.888396680355072
257,28,1121.0,160.0,1303.0,620.0,1212.0,390.0,182.0,460.0,0.8818539977073669
257,29,3.0,74.0,203.0,748.0,103.0,411.0,200.0,674.0,0.8769888877868652
257,16,1214.0,139.0,1345.0,609.0,1279.5,374.0,131.0,470.0,0.7990453243255615
258,2,782.0,74.0,1057.0,775.0,919.5,424.5,275.0,701.0,0.9506913423538208
258,20,171.0,0.0,658.0,1004.0,414.5,502.0,487.0,1004.0,0.9422751069068909
258,4,489.0,0.0,791.0,827.0,640.0,413.5,302.0,827.0,0.9323358535766602
258,9,1646.0,70.0,1880.0,751.0,1763.0,410.5,234.0,681.0,0.9183402061462402
258,7,1288.0,112.0,1513.0,746.0,1400.5,429.0,225.0,634.0,0.9180611968040466
258,22,1789.0,149.0,1920.0,601.0,1854.5,375.0,131.0,452.0,0.9085880517959595
258,28,1127.0,156.0,1308.0,620.0,1217.5,388.0,181.0,464.0,0.890454888343811
258,1,1441.0,44.0,1748.0,758.0,1594.5,401.0,307.0,714.0,0.890187680721283
258,30,41.0,0.0,365.0,812.0,203.0,406.0,324.0,812.0,0.8838163018226624
258,29,3.0,69.0,204.0,751.0,103.5,410.0,201.0,682.0,0.8772215247154236
258,16,1210.0,141.0,1342.0,606.0,1276.0,373.5,132.0,465.0,0.7745318412780762
258,3,1104.0,184.0,1232.0,574.0,1168.0,379.0,128.0,390.0,0.4928412437438965
259,2,785.0,74.0,1053.0,775.0,919.0,424.5,268.0,701.0,0.9510120749473572
259,20,173.0,0.0,665.0,1004.0,419.0,502.0,492.0,1004.0,0.9391860365867615
259,4,489.0,0.0,791.0,827.0,640.0,413.5,302.0,827.0,0.9271661043167114
259,7,1289.0,113.0,1515.0,747.0,1402.0,430.0,226.0,634.0,0.9220200777053833
259,9,1646.0,73.0,1879.0,751.0,1762.5,412.0,233.0,678.0,0.917818546295166
259,22,1790.0,151.0,1920.0,601.0,1855.0,376.0,130.0,450.0,0.9109185338020325
259,28,1127.0,154.0,1310.0,620.0,1218.5,387.0,183.0,466.0,0.8913460373878479
259,30,37.0,0.0,364.0,811.0,200.5,405.5,327.0,811.0,0.882983386516571
259,1,1438.0,16.0,1744.0,763.0,1591.0,389.5,306.0,747.0,0.8676366209983826
259,29,4.0,66.0,207.0,756.0,105.5,411.0,203.0,690.0,0.864870548248291
259,16,1209.0,146.0,1342.0,592.0,1275.5,369.0,133.0,446.0,0.7508145570755005
259,3,1101.0,189.0,1231.0,599.0,1166.0,394.0,130.0,410.0,0.6910553574562073
259,27,1575.0,92.0,1747.0,669.0,1661.0,380.5,172.0,577.0,0.43773117661476135
260,2,787.0,74.0,1051.0,775.0,919.0,424.5,264.0,701.0,0.9503516554832458
260,20,175.0,0.0,670.0,1006.0,422.5,503.0,495.0,1006.0,0.9381067752838135
260,4,486.0,0.0,792.0,828.0,639.0,414.0,306.0,828.0,0.9236306548118591
260,9,1647.0,73.0,1879.0,754.0,1763.0,413.5,232.0,681.0,0.9216811656951904
260,7,1291.0,110.0,1514.0,747.0,1402.5,428.5,223.0,637.0,0.9179819822311401
260,22,1793.0,152.0,1920.0,602.0,1856.5,377.0,127.0,450.0,0.9119870662689209
260,28,1138.0,152.0,1309.0,619.0,1223.5,385.5,171.0,467.0,0.8901820182800293
260,30,36.0,0.0,357.0,810.0,196.5,405.0,321.0,810.0,0.8816596269607544
260,29,0.0,74.0,205.0,739.0,102.5,406.5,205.0,665.0,0.8609865307807922
260,1,1434.0,13.0,1743.0,763.0,1588.5,388.0,309.0,750.0,0.8543580174446106
260,3,1100.0,186.0,1238.0,606.0,1169.0,396.0,138.0,420.0,0.8388913869857788
260,27,1574.0,81.0,1750.0,698.0,1662.0,389.5,176.0,617.0,0.5597372651100159
260,16,1212.0,139.0,1348.0,595.0,1280.0,367.0,136.0,456.0,0.5597248673439026
261,2,789.0,74.0,1051.0,775.0,920.0,424.5,262.0,701.0,0.9501718282699585
261,20,179.0,0.0,679.0,1006.0,429.0,503.0,500.0,1006.0,0.9394602179527283
261,9,1647.0,74.0,1878.0,754.0,1762.5,414.0,231.0,680.0,0.9247426390647888
261,4,482.0,0.0,793.0,827.0,637.5,413.5,311.0,827.0,0.9190919399261475
261,22,1794.0,154.0,1920.0,601.0,1857.0,377.5,126.0,447.0,0.9138924479484558
261,7,1291.0,108.0,1517.0,747.0,1404.0,427.5,226.0,639.0,0.9101722836494446
261,28,1145.0,153.0,1309.0,618.0,1227.0,385.5,164.0,465.0,0.9035917520523071
261,30,39.0,0.0,347.0,806.0,193.0,403.0,308.0,806.0,0.8693941235542297
261,29,1.0,73.0,203.0,739.0,102.0,406.0,202.0,666.0,0.8594552278518677
261,3,1099.0,185.0,1232.0,603.0,1165.5,394.0,133.0,418.0,0.8584780097007751
261,1,1432.0,11.0,1742.0,764.0,1587.0,387.5,310.0,753.0,0.8583931922912598
261,16,1213.0,139.0,1347.0,595.0,1280.0,367.0,134.0,456.0,0.5384845733642578
261,27,1575.0,82.0,1753.0,695.0,1664.0,388.5,178.0,613.0,0.5290390253067017
262,2,788.0,73.0,1053.0,774.0,920.5,423.5,265.0,701.0,0.9500344395637512
262,20,181.0,0.0,683.0,1001.0,432.0,500.5,502.0,1001.0,0.9392959475517273
262,9,1645.0,74.0,1878.0,755.0,1761.5,414.5,233.0,681.0,0.9234647154808044
262,4,475.0,0.0,794.0,827.0,634.5,413.5,319.0,827.0,0.9147769212722778
262,22,1796.0,155.0,1920.0,602.0,1858.0,378.5,124.0,447.0,0.9116411209106445
262,28,1146.0,154.0,1314.0,619.0,1230.0,386.5,168.0,465.0,0.9105441570281982
262,7,1293.0,104.0,1521.0,749.0,1407.0,426.5,228.0,645.0,0.8849765062332153
262,30,35.0,0.0,347.0,807.0,191.0,403.5,312.0,807.0,0.8714364767074585
262,1,1431.0,8.0,1740.0,764.0,1585.5,386.0,309.0,756.0,0.8706572651863098
262,3,1094.0,185.0,1230.0,609.0,1162.0,397.0,136.0,424.0,0.8692231178283691
262,29,1.0,75.0,199.0,740.0,100.0,407.5,198.0,665.0,0.8633206486701965
262,27,1575.0,90.0,1750.0,704.0,1662.5,397.0,175.0,614.0,0.43681854009628296
262,5,1195.0,137.0,1437.0,626.0,1316.0,381.5,242.0,489.0,0.33514490723609924
263,2,791.0,70.0,1054.0,773.0,922.5,421.5,263.0,703.0,0.9521067142486572
263,20,182.0,0.0,682.0,999.0,432.0,499.5,500.0,999.0,0.9383522272109985
263,9,1646.0,73.0,1877.0,756.0,1761.5,414.5,231.0,683.0,0.9236019849777222
263,22,1797.0,156.0,1920.0,600.0,1858.5,378.0,123.0,444.0,0.9146389961242676
263,4,472.0,0.0,793.0,828.0,632.5,414.0,321.0,828.0,0.9095631241798401
263,28,1149.0,156.0,1316.0,618.0,1232.5,387.0,167.0,462.0,0.9035322666168213
263,7,1292.0,101.0,1523.0,749.0,1407.5,425.0,231.0,648.0,0.8867141604423523
263,1,1429.0,7.0,1737.0,765.0,1583.0,386.0,308.0,758.0,0.8769913911819458
263,3,1087.0,184.0,1228.0,612.0,1157.5,398.0,141.0,428.0,0.8738082051277161
263,30,33.0,0.0,353.0,808.0,193.0,404.0,320.0,808.0,0.8732366561889648
263,29,1.0,75.0,202.0,743.0,101.5,409.0,201.0,668.0,0.8687415719032288
263,27,1577.0,103.0,1747.0,702.0,1662.0,402.5,170.0,599.0,0.5075778365135193
264,2,789.0,70.0,1057.0,770.0,923.0,420.0,268.0,700.0,0.9513446092605591
264,20,188.0,0.0,686.0,999.0,437.0,499.5,498.0,999.0,0.9384098052978516
264,9,1646.0,72.0,1876.0,757.0,1761.0,414.5,230.0,685.0,0.9224468469619751
264,22,1799.0,157.0,1920.0,601.0,1859.5,379.0,121.0,444.0,0.9159396290779114
264,4,466.0,0.0,794.0,829.0,630.0,414.5,328.0,829.0,0.9136295318603516
264,7,1295.0,99.0,1522.0,748.0,1408.5,423.5,227.0,649.0,0.9059427380561829
264,28,1150.0,159.0,1321.0,619.0,1235.5,389.0,171.0,460.0,0.8921449780464172
264,3,1081.0,184.0,1226.0,611.0,1153.5,397.5,145.0,427.0,0.877353310585022
264,1,1428.0,7.0,1736.0,765.0,1582.0,386.0,308.0,758.0,0.8768710494041443
264,29,1.0,73.0,200.0,742.0,100.5,407.5,199.0,669.0,0.871778130531311
264,30,35.0,0.0,349.0,806.0,192.0,403.0,314.0,806.0,0.8624025583267212
264,27,1579.0,114.0,1746.0,699.0,1662.5,406.5,167.0,585.0,0.5097702741622925
265,2,787.0,67.0,1058.0,770.0,922.5,418.5,271.0,703.0,0.950833797454834
265,20,192.0,0.0,686.0,1000.0,439.0,500.0,494.0,1000.0,0.9382311701774597
265,9,1642.0,69.0,1875.0,757.0,1758.5,413.0,233.0,688.0,0.9223803877830505
265,22,1800.0,157.0,1920.0,600.0,1860.0,378.5,120.0,443.0,0.9175007343292236
265,7,1294.0,96.0,1521.0,748.0,1407.5,422.0,227.0,652.0,0.9132278561592102
265,1,1427.0,7.0,1736.0,767.0,1581.5,387.0,309.0,760.0,0.9051056504249573
265,4,458.0,0.0,794.0,828.0,626.0,414.0,336.0,828.0,0.9050437211990356
265,3,1078.0,185.0,1226.0,611.0,1152.0,398.0,148.0,426.0,0.8840882182121277
265,28,1155.0,156.0,1328.0,613.0,1241.5,384.5,173.0,457.0,0.8774726986885071
265,29,1.0,75.0,196.0,742.0,98.5,408.5,195.0,667.0,0.8732973337173462
265,30,29.0,0.0,344.0,805.0,186.5,402.5,315.0,805.0,0.854128360748291
266,2,789.0,64.0,1058.0,770.0,923.5,417.0,269.0,706.0,0.9511477947235107
266,20,195.0,0.0,688.0,997.0,441.5,498.5,493.0,997.0,0.9372913241386414
266,1,1426.0,8.0,1735.0,768.0,1580.5,388.0,309.0,760.0,0.9165167212486267
266,22,1802.0,157.0,1920.0,601.0,1861.0,379.0,118.0,444.0,0.914476215839386
266,7,1292.0,93.0,1520.0,748.0,1406.0,420.5,228.0,655.0,0.9125607013702393
266,9,1639.0,66.0,1873.0,757.0,1756.0,411.5,234.0,691.0,0.911749541759491
266,4,456.0,0.0,793.0,830.0,624.5,415.0,337.0,830.0,0.9075205326080322
266,3,1080.0,184.0,1227.0,610.0,1153.5,397.0,147.0,426.0,0.881847083568573
266,28,1155.0,157.0,1332.0,615.0,1243.5,386.0,177.0,458.0,0.879177451133728
266,29,1.0,74.0,194.0,744.0,97.5,409.0,193.0,670.0,0.8761122226715088
266,30,30.0,0.0,340.0,803.0,185.0,401.5,310.0,803.0,0.8459578156471252
267,2,790.0,61.0,1058.0,770.0,924.0,415.5,268.0,709.0,0.9506660103797913
267,20,195.0,0.0,687.0,1000.0,441.0,500.0,492.0,1000.0,0.9354093670845032
267,9,1637.0,68.0,1873.0,757.0,1755.0,412.5,236.0,689.0,0.9136368036270142
267,7,1292.0,90.0,1521.0,748.0,1406.5,419.0,229.0,658.0,0.9135451316833496
267,4,460.0,0.0,792.0,830.0,626.0,415.0,332.0,830.0,0.9124985933303833
267,22,1804.0,157.0,1920.0,602.0,1862.0,379.5,116.0,445.0,0.9122611284255981
267,1,1424.0,8.0,1735.0,769.0,1579.5,388.5,311.0,761.0,0.9077101945877075
267,3,1079.0,180.0,1229.0,608.0,1154.0,394.0,150.0,428.0,0.8848235607147217
267,29,1.0,76.0,188.0,742.0,94.5,409.0,187.0,666.0,0.8767057657241821
267,28,1155.0,158.0,1335.0,614.0,1245.0,386.0,180.0,456.0,0.8750534057617188
267,30,29.0,0.0,331.0,809.0,180.0,404.5,302.0,809.0,0.8427006602287292
268,2,792.0,57.0,1056.0,770.0,924.0,413.5,264.0,713.0,0.9491750597953796
268,20,199.0,0.0,686.0,1001.0,442.5,500.5,487.0,1001.0,0.9336128234863281
268,1,1423.0,8.0,1733.0,770.0,1578.0,389.0,310.0,762.0,0.9154031276702881
268,7,1293.0,86.0,1520.0,748.0,1406.5,417.0,227.0,662.0,0.9131951928138733
268,22,1804.0,157.0,1920.0,604.0,1862.0,380.5,116.0,447.0,0.912537693977356
268,4,453.0,0.0,790.0,830.0,621.5,415.0,337.0,830.0,0.907478392124176
268,9,1636.0,65.0,1874.0,759.0,1755.0,412.0,238.0,694.0,0.9000427722930908
268,3,1079.0,180.0,1227.0,608.0,1153.0,394.0,148.0,428.0,0.8844589591026306
268,29,0.0,75.0,186.0,734.0,93.0,404.5,186.0,659.0,0.8798399567604065
268,28,1157.0,158.0,1339.0,614.0,1248.0,386.0,182.0,456.0,0.8547703623771667
268,30,26.0,0.0,332.0,811.0,179.0,405.5,306.0,811.0,0.8491760492324829
269,2,794.0,56.0,1055.0,770.0,924.5,413.0,261.0,714.0,0.948883593082428
269,20,199.0,0.0,682.0,1001.0,440.5,500.5,483.0,1001.0,0.9331982731819153
269,22,1806.0,157.0,1920.0,603.0,1863.0,380.0,114.0,446.0,0.9156753420829773
269,7,1293.0,83.0,1520.0,747.0,1406.5,415.0,227.0,664.0,0.9155953526496887
269,1,1421.0,10.0,1733.0,770.0,1577.0,390.0,312.0,760.0,0.9153568148612976
269,9,1634.0,60.0,1880.0,758.0,1757.0,409.0,246.0,698.0,0.9121366739273071
269,4,443.0,0.0,788.0,830.0,615.5,415.0,345.0,830.0,0.8979567289352417
269,3,1079.0,183.0,1224.0,607.0,1151.5,395.0,145.0,424.0,0.8873253464698792
269,29,0.0,75.0,186.0,733.0,93.0,404.0,186.0,658.0,0.882301926612854
269,30,22.0,0.0,331.0,808.0,176.5,404.0,309.0,808.0,0.8617937564849854
269,28,1161.0,161.0,1342.0,615.0,1251.5,388.0,181.0,454.0,0.8279237747192383
270,2,794.0,55.0,1055.0,769.0,924.5,412.0,261.0,714.0,0.9471302628517151
270,20,203.0,0.0,681.0,1002.0,442.0,501.0,478.0,1002.0,0.9317834973335266
270,1,1418.0,7.0,1731.0,778.0,1574.5,392.5,313.0,771.0,0.9207572937011719
270,7,1293.0,77.0,1520.0,747.0,1406.5,412.0,227.0,670.0,0.9182133078575134
270,22,1808.0,157.0,1920.0,605.0,1864.0,381.0,112.0,448.0,0.9064981341362
270,4,439.0,0.0,786.0,830.0,612.5,415.0,347.0,830.0,0.8977029919624329
270,3,1079.0,186.0,1223.0,608.0,1151.0,397.0,144.0,422.0,0.8902883529663086
270,29,0.0,76.0,184.0,735.0,92.0,405.5,184.0,659.0,0.8880250453948975
270,9,1632.0,55.0,1897.0,760.0,1764.5,407.5,265.0,705.0,0.8669168949127197
270,30,23.0,0.0,331.0,806.0,177.0,403.0,308.0,806.0,0.8620280027389526
270,28,1165.0,159.0,1346.0,614.0,1255.5,386.5,181.0,455.0,0.8125927448272705
271,2,794.0,55.0,1057.0,767.0,925.5,411.0,263.0,712.0,0.9465644359588623
271,20,204.0,0.0,680.0,1003.0,442.0,501.5,476.0,1003.0,0.9349857568740845
271,7,1292.0,77.0,1520.0,747.0,1406.0,412.0,228.0,670.0,0.921949565410614
271,1,1417.0,9.0,1730.0,777.0,1573.5,393.0,313.0,768.0,0.917836606502533
271,4,437.0,0.0,785.0,830.0,611.0,415.0,348.0,830.0,0.9009977579116821
271,3,1079.0,189.0,1221.0,610.0,1150.0,399.5,142.0,421.0,0.8948898911476135
271,22,1807.0,157.0,1920.0,605.0,1863.5,381.0,113.0,448.0,0.8930232524871826
271,29,0.0,79.0,182.0,735.0,91.0,407.0,182.0,656.0,0.8878985047340393
271,30,20.0,0.0,330.0,809.0,175.0,404.5,310.0,809.0,0.8644798994064331
271,9,1632.0,51.0,1905.0,759.0,1768.5,405.0,273.0,708.0,0.8555753827095032
271,28,1183.0,151.0,1347.0,611.0,1265.0,381.0,164.0,460.0,0.7988558411598206
271,31,1716.0,113.0,1883.0,620.0,1799.5,366.5,167.0,507.0,0.4015391767024994
272,2,794.0,55.0,1059.0,767.0,926.5,411.0,265.0,712.0,0.946517288684845
272,20,205.0,0.0,680.0,1004.0,442.5,502.0,475.0,1004.0,0.9363102912902832
272,7,1291.0,76.0,1521.0,746.0,1406.0,411.0,230.0,670.0,0.9231091141700745
272,1,1415.0,10.0,1728.0,782.0,1571.5,396.0,313.0,772.0,0.9203895926475525
272,4,435.0,0.0,784.0,831.0,609.5,415.5,349.0,831.0,0.9065198302268982
272,3,1078.0,191.0,1219.0,610.0,1148.5,400.5,141.0,419.0,0.8958991169929504
272,29,0.0,83.0,181.0,735.0,90.5,409.0,181.0,652.0,0.8916555047035217
272,30,19.0,0.0,329.0,813.0,174.0,406.5,310.0,813.0,0.8681537508964539
272,9,1626.0,52.0,1897.0,761.0,1761.5,406.5,271.0,709.0,0.8460949063301086
272,22,1804.0,147.0,1920.0,614.0,1862.0,380.5,116.0,467.0,0.8428718447685242
272,28,1164.0,161.0,1352.0,619.0,1258.0,390.0,188.0,458.0,0.8239901065826416
273,2,793.0,58.0,1061.0,767.0,927.0,412.5,268.0,709.0,0.9471808075904846
273,20,206.0,0.0,678.0,1001.0,442.0,500.5,472.0,1001.0,0.9385474920272827
273,7,1290.0,77.0,1520.0,746.0,1405.0,411.5,230.0,669.0,0.9261050224304199
273,1,1414.0,11.0,1726.0,773.0,1570.0,392.0,312.0,762.0,0.9212381839752197
273,4,435.0,0.0,781.0,831.0,608.0,415.5,346.0,831.0,0.9011602997779846
273,3,1077.0,198.0,1218.0,606.0,1147.5,402.0,141.0,408.0,0.8982860445976257
273,29,0.0,86.0,178.0,738.0,89.0,412.0,178.0,652.0,0.8922455906867981
273,30,20.0,0.0,329.0,814.0,174.5,407.0,309.0,814.0,0.873691201210022
273,28,1163.0,164.0,1353.0,620.0,1258.0,392.0,190.0,456.0,0.8703425526618958
273,9,1627.0,43.0,1894.0,762.0,1760.5,402.5,267.0,719.0,0.8583459854125977
273,22,1785.0,139.0,1920.0,661.0,1852.5,400.0,135.0,522.0,0.7780935764312744
274,2,793.0,60.0,1062.0,767.0,927.5,413.5,269.0,707.0,0.9489877223968506
274,20,207.0,0.0,674.0,1001.0,440.5,500.5,467.0,1001.0,0.9372239708900452
274,7,1290.0,78.0,1519.0,745.0,1404.5,411.5,229.0,667.0,0.9271990656852722
274,1,1414.0,8.0,1726.0,773.0,1570.0,390.5,312.0,765.0,0.922636866569519
274,3,1075.0,200.0,1220.0,607.0,1147.5,403.5,145.0,407.0,0.9125241041183472
274,4,433.0,0.0,778.0,831.0,605.5,415.5,345.0,831.0,0.8987383842468262
274,29,0.0,87.0,174.0,738.0,87.0,412.5,174.0,651.0,0.8887569308280945
274,30,17.0,0.0,332.0,818.0,174.5,409.0,315.0,818.0,0.8754153847694397
274,28,1166.0,164.0,1354.0,619.0,1260.0,391.5,188.0,455.0,0.8753543496131897
274,9,1628.0,41.0,1887.0,760.0,1757.5,400.5,259.0,719.0,0.8489297032356262
274,22,1761.0,122.0,1920.0,676.0,1840.5,399.0,159.0,554.0,0.759609043598175
274,26,1572.0,126.0,1733.0,684.0,1652.5,405.0,161.0,558.0,0.3719857931137085
275,2,791.0,64.0,1063.0,768.0,927.0,416.0,272.0,704.0,0.9492360353469849
275,20,210.0,0.0,672.0,999.0,441.0,499.5,462.0,999.0,0.9383454322814941
275,7,1290.0,80.0,1517.0,745.0,1403.5,412.5,227.0,665.0,0.9294547438621521
275,1,1413.0,9.0,1727.0,772.0,1570.0,390.5,314.0,763.0,0.9232901334762573
275,3,1073.0,201.0,1217.0,607.0,1145.0,404.0,144.0,406.0,0.9215004444122314
275,4,434.0,0.0,774.0,831.0,604.0,415.5,340.0,831.0,0.8995641469955444
275,29,0.0,87.0,169.0,738.0,84.5,412.5,169.0,651.0,0.8875955939292908
275,30,17.0,0.0,332.0,819.0,174.5,409.5,315.0,819.0,0.8804677724838257
275,28,1173.0,163.0,1355.0,619.0,1264.0,391.0,182.0,456.0,0.8784674406051636
275,9,1628.0,41.0,1887.0,760.0,1757.5,400.5,259.0,719.0,0.862837553024292
275,22,1743.0,113.0,1920.0,692.0,1831.5,402.5,177.0,579.0,0.8170980215072632
275,32,201.0,0.0,416.0,732.0,308.5,366.0,215.0,732.0,0.42095381021499634
275,26,1581.0,127.0,1737.0,686.0,1659.0,406.5,156.0,559.0,0.41646191477775574
276,2,790.0,67.0,1063.0,768.0,926.5,417.5,273.0,701.0,0.9489226937294006
276,20,215.0,0.0,670.0,999.0,442.5,499.5,455.0,999.0,0.9367844462394714
276,3,1070.0,201.0,1214.0,607.0,1142.0,404.0,144.0,406.0,0.9279882311820984
276,7,1289.0,81.0,1515.0,745.0,1402.0,413.0,226.0,664.0,0.927132248878479
276,1,1414.0,9.0,1729.0,770.0,1571.5,389.5,315.0,761.0,0.9153990149497986
276,4,439.0,0.0,772.0,832.0,605.5,416.0,333.0,832.0,0.9035056233406067
276,9,1628.0,37.0,1880.0,755.0,1754.0,396.0,252.0,718.0,0.892629086971283
276,29,0.0,88.0,164.0,737.0,82.0,412.5,164.0,649.0,0.8884309530258179
276,30,17.0,0.0,331.0,820.0,174.0,410.0,314.0,820.0,0.87872314453125
276,28,1180.0,161.0,1355.0,617.0,1267.5,389.0,175.0,456.0,0.8733599185943604
276,22,1749.0,111.0,1920.0,691.0,1834.5,401.0,171.0,580.0,0.8640309572219849
276,32,203.0,6.0,417.0,733.0,310.0,369.5,214.0,727.0,0.3514861464500427
276,26,1581.0,123.0,1734.0,666.0,1657.5,394.5,153.0,543.0,0.3312036097049713
277,2,788.0,69.0,1064.0,768.0,926.0,418.5,276.0,699.0,0.9482479095458984
277,20,219.0,0.0,670.0,996.0,444.5,498.0,451.0,996.0,0.9377419352531433
277,3,1068.0,200.0,1210.0,609.0,1139.0,404.5,142.0,409.0,0.932106614112854
277,7,1290.0,83.0,1512.0,747.0,1401.0,415.0,222.0,664.0,0.9248682856559753
277,1,1413.0,11.0,1730.0,771.0,1571.5,391.0,317.0,760.0,0.9202288389205933
277,4,438.0,0.0,770.0,833.0,604.0,416.5,332.0,833.0,0.907710075378418
277,9,1630.0,35.0,1882.0,751.0,1756.0,393.0,252.0,716.0,0.9033271670341492
277,30,12.0,0.0,329.0,817.0,170.5,408.5,317.0,817.0,0.8962964415550232
277,29,0.0,88.0,164.0,737.0,82.0,412.5,164.0,649.0,0.8858642578125
277,28,1193.0,163.0,1352.0,612.0,1272.5,387.5,159.0,449.0,0.8755714893341064
277,22,1759.0,109.0,1920.0,691.0,1839.5,400.0,161.0,582.0,0.8584628701210022
277,26,1575.0,113.0,1737.0,670.0,1656.0,391.5,162.0,557.0,0.4401733875274658
277,32,202.0,10.0,408.0,729.0,305.0,369.5,206.0,719.0,0.30583229660987854
278,2,790.0,73.0,1063.0,767.0,926.5,420.0,273.0,694.0,0.9490788578987122
278,20,222.0,0.0,669.0,998.0,445.5,499.0,447.0,998.0,0.9395920038223267
278,3,1065.0,200.0,1209.0,610.0,1137.0,405.0,144.0,410.0,0.9326952695846558
278,7,1289.0,85.0,1509.0,749.0,1399.0,417.0,220.0,664.0,0.9249679446220398
278,1,1416.0,17.0,1729.0,769.0,1572.5,393.0,313.0,752.0,0.9165763854980469
278,4,436.0,0.0,767.0,837.0,601.5,418.5,331.0,837.0,0.905741274356842
278,9,1628.0,34.0,1885.0,746.0,1756.5,390.0,257.0,712.0,0.8917188048362732
278,29,0.0,84.0,160.0,737.0,80.0,410.5,160.0,653.0,0.8908896446228027
278,30,15.0,0.0,329.0,815.0,172.0,407.5,314.0,815.0,0.8801919221878052
278,28,1198.0,162.0,1353.0,612.0,1275.5,387.0,155.0,450.0,0.8524397611618042
278,22,1771.0,108.0,1920.0,688.0,1845.5,398.0,149.0,580.0,0.8462969660758972
278,26,1574.0,126.0,1735.0,638.0,1654.5,382.0,161.0,512.0,0.5069079399108887
278,32,209.0,28.0,416.0,736.0,312.5,382.0,207.0,708.0,0.2902953326702118
279,2,792.0,75.0,1061.0,766.0,926.5,420.5,269.0,691.0,0.9493876695632935
279,20,226.0,0.0,668.0,1004.0,447.0,502.0,442.0,1004.0,0.938840389251709
279,3,1063.0,198.0,1208.0,610.0,1135.5,404.0,145.0,412.0,0.9316797852516174
279,7,1288.0,86.0,1507.0,748.0,1397.5,417.0,219.0,662.0,0.9215477108955383
279,1,1416.0,18.0,1730.0,770.0,1573.0,394.0,314.0,752.0,0.9123362302780151
279,4,432.0,0.0,762.0,838.0,597.0,419.0,330.0,838.0,0.9043285846710205
279,9,1627.0,34.0,1885.0,745.0,1756.0,389.5,258.0,711.0,0.8949690461158752
279,29,0.0,81.0,155.0,737.0,77.5,409.0,155.0,656.0,0.8933383226394653
279,30,18.0,0.0,324.0,814.0,171.0,407.0,306.0,814.0,0.8743206858634949
279,28,1212.0,155.0,1358.0,613.0,1285.0,384.0,146.0,458.0,0.8506503105163574
279,22,1764.0,109.0,1920.0,686.0,1842.0,397.5,156.0,577.0,0.8420431017875671
279,26,1575.0,127.0,1736.0,633.0,1655.5,380.0,161.0,506.0,0.562384307384491
279,32,204.0,0.0,415.0,736.0,309.5,368.0,211.0,736.0,0.3444255292415619
280,2,793.0,78.0,1058.0,766.0,925.5,422.0,265.0,688.0,0.9486010074615479
280,20,228.0,0.0,665.0,1005.0,446.5,502.5,437.0,1005.0,0.9370164275169373
280,3,1062.0,197.0,1206.0,610.0,1134.0,403.5,144.0,413.0,0.9279974699020386
280,7,1288.0,89.0,1503.0,746.0,1395.5,417.5,215.0,657.0,0.921719491481781
280,1,1417.0,18.0,1731.0,772.0,1574.0,395.0,314.0,754.0,0.910281240940094
280,4,429.0,0.0,759.0,839.0,594.0,419.5,330.0,839.0,0.901767373085022
280,9,1626.0,34.0,1885.0,744.0,1755.5,389.0,259.0,710.0,0.894845187664032
280,29,0.0,78.0,151.0,738.0,75.5,408.0,151.0,660.0,0.8814355731010437
280,30,23.0,0.0,319.0,815.0,171.0,407.5,296.0,815.0,0.8689431548118591
280,28,1211.0,155.0,1361.0,613.0,1286.0,384.0,150.0,458.0,0.8549697399139404
280,22,1768.0,112.0,1920.0,683.0,1844.0,397.5,152.0,571.0,0.8264913558959961
280,33,1393.0,130.0,1543.0,622.0,1468.0,376.0,150.0,492.0,0.5606306791305542
280,26,1573.0,124.0,1736.0,632.0,1654.5,378.0,163.0,508.0,0.535847544670105
280,32,201.0,4.0,407.0,740.0,304.0,372.0,206.0,736.0,0.4055512249469757
281,2,794.0,80.0,1055.0,766.0,924.5,423.0,261.0,686.0,0.9478012919425964
281,20,232.0,0.0,666.0,997.0,449.0,498.5,434.0,997.0,0.936835527420044
281,3,1060.0,194.0,1204.0,607.0,1132.0,400.5,144.0,413.0,0.927991509437561
281,7,1288.0,92.0,1500.0,747.0,1394.0,419.5,212.0,655.0,0.9238646626472473
281,1,1419.0,21.0,1732.0,772.0,1575.5,396.5,313.0,751.0,0.8998814821243286
281,4,426.0,0.0,757.0,838.0,591.5,419.0,331.0,838.0,0.8965182900428772
281,9,1627.0,36.0,1887.0,746.0,1757.0,391.0,260.0,710.0,0.896056592464447
281,29,0.0,73.0,147.0,738.0,73.5,405.5,147.0,665.0,0.882509708404541
281,30,19.0,0.0,320.0,817.0,169.5,408.5,301.0,817.0,0.8658729791641235
281,28,1211.0,153.0,1363.0,611.0,1287.0,382.0,152.0,458.0,0.8456569314002991
281,22,1779.0,117.0,1920.0,681.0,1849.5,399.0,141.0,564.0,0.8013718724250793
281,33,1397.0,127.0,1548.0,621.0,1472.5,374.0,151.0,494.0,0.6389128565788269
281,26,1573.0,122.0,1735.0,634.0,1654.0,378.0,162.0,512.0,0.5411077737808228
281,32,201.0,6.0,402.0,741.0,301.5,373.5,201.0,735.0,0.4307387173175812
282,2,794.0,82.0,1052.0,767.0,923.0,424.5,258.0,685.0,0.9479013085365295
282,20,236.0,0.0,668.0,993.0,452.0,496.5,432.0,993.0,0.9337210059165955
282,3,1058.0,192.0,1203.0,606.0,1130.5,399.0,145.0,414.0,0.9267566800117493
282,7,1287.0,92.0,1499.0,749.0,1393.0,420.5,212.0,657.0,0.9233914017677307
282,9,1629.0,38.0,1887.0,745.0,1758.0,391.5,258.0,707.0,0.9048311114311218
282,29,0.0,70.0,145.0,739.0,72.5,404.5,145.0,669.0,0.8910123109817505
282,4,421.0,0.0,755.0,839.0,588.0,419.5,334.0,839.0,0.8904194831848145
282,1,1420.0,20.0,1733.0,773.0,1576.5,396.5,313.0,753.0,0.8871030807495117
282,30,12.0,0.0,317.0,819.0,164.5,409.5,305.0,819.0,0.8793715834617615
282,22,1789.0,123.0,1920.0,679.0,1854.5,401.0,131.0,556.0,0.8594925999641418
282,28,1219.0,152.0,1368.0,607.0,1293.5,379.5,149.0,455.0,0.858947217464447
282,33,1405.0,120.0,1549.0,620.0,1477.0,370.0,144.0,500.0,0.6788884401321411
282,26,1574.0,115.0,1736.0,632.0,1655.0,373.5,162.0,517.0,0.5604054927825928
282,16,1071.0,158.0,1342.0,603.0,1206.5,380.5,271.0,445.0,0.4729808270931244
282,32,168.0,21.0,365.0,748.0,266.5,384.5,197.0,727.0,0.4149378538131714
283,2,795.0,84.0,1049.0,768.0,922.0,426.0,254.0,684.0,0.9472441077232361
283,20,241.0,0.0,683.0,996.0,462.0,498.0,442.0,996.0,0.9300474524497986
283,3,1056.0,192.0,1202.0,606.0,1129.0,399.0,146.0,414.0,0.9250949621200562
283,7,1288.0,95.0,1499.0,752.0,1393.5,423.5,211.0,657.0,0.922457218170166
283,9,1628.0,38.0,1887.0,747.0,1757.5,392.5,259.0,709.0,0.916024923324585
283,4,426.0,0.0,751.0,842.0,588.5,421.0,325.0,842.0,0.8859779238700867
283,29,0.0,67.0,145.0,740.0,72.5,403.5,145.0,673.0,0.8774079084396362
283,1,1421.0,17.0,1734.0,772.0,1577.5,394.5,313.0,755.0,0.8709238767623901
283,30,14.0,0.0,315.0,821.0,164.5,410.5,301.0,821.0,0.8635375499725342
283,28,1177.0,131.0,1334.0,608.0,1255.5,369.5,157.0,477.0,0.8589678406715393
283,22,1807.0,128.0,1920.0,666.0,1863.5,397.0,113.0,538.0,0.8335362076759338
283,33,1405.0,117.0,1552.0,619.0,1478.5,368.0,147.0,502.0,0.6756142377853394
283,26,1578.0,118.0,1737.0,634.0,1657.5,376.0,159.0,516.0,0.5441237688064575
283,32,164.0,21.0,361.0,748.0,262.5,384.5,197.0,727.0,0.45517563819885254
284,2,795.0,85.0,1047.0,769.0,921.0,427.0,252.0,684.0,0.9468836188316345
284,20,246.0,0.0,692.0,991.0,469.0,495.5,446.0,991.0,0.9258858561515808
284,3,1055.0,189.0,1202.0,606.0,1128.5,397.5,147.0,417.0,0.9241185188293457
284,7,1287.0,98.0,1499.0,753.0,1393.0,425.5,212.0,655.0,0.9241010546684265
284,9,1629.0,44.0,1886.0,750.0,1757.5,397.0,257.0,706.0,0.9187970757484436
284,29,0.0,65.0,144.0,741.0,72.0,403.0,144.0,676.0,0.8819980621337891
284,28,1175.0,134.0,1332.0,608.0,1253.5,371.0,157.0,474.0,0.8802235722541809
284,30,10.0,0.0,320.0,819.0,165.0,409.5,310.0,819.0,0.8770479559898376
284,1,1424.0,9.0,1737.0,777.0,1580.5,393.0,313.0,768.0,0.8641472458839417
284,4,427.0,0.0,753.0,815.0,590.0,407.5,326.0,815.0,0.840273380279541
284,22,1814.0,139.0,1920.0,639.0,1867.0,389.0,106.0,500.0,0.8071986436843872
284,33,1405.0,114.0,1557.0,617.0,1481.0,365.5,152.0,503.0,0.7083439826965332
284,26,1577.0,116.0,1738.0,636.0,1657.5,376.0,161.0,520.0,0.5346007347106934
284,32,165.0,15.0,366.0,750.0,265.5,382.5,201.0,735.0,0.49897074699401855
285,2,792.0,85.0,1045.0,769.0,918.5,427.0,253.0,684.0,0.9419596791267395
285,7,1285.0,99.0,1499.0,753.0,1392.0,426.0,214.0,654.0,0.9259876012802124
285,20,248.0,0.0,701.0,988.0,474.5,494.0,453.0,988.0,0.9251872301101685
285,3,1055.0,188.0,1201.0,606.0,1128.0,397.0,146.0,418.0,0.9238017797470093
285,9,1627.0,45.0,1887.0,753.0,1757.0,399.0,260.0,708.0,0.9211747646331787
285,30,5.0,0.0,321.0,815.0,163.0,407.5,316.0,815.0,0.8872201442718506
285,28,1174.0,135.0,1330.0,609.0,1252.0,372.0,156.0,474.0,0.8847322463989258
285,29,0.0,65.0,146.0,743.0,73.0,404.0,146.0,678.0,0.8810274600982666
285,1,1424.0,4.0,1737.0,777.0,1580.5,390.5,313.0,773.0,0.8608936667442322
285,22,1808.0,150.0,1920.0,607.0,1864.0,378.5,112.0,457.0,0.8090037703514099
285,33,1406.0,113.0,1559.0,615.0,1482.5,364.0,153.0,502.0,0.7379522919654846
285,4,442.0,0.0,738.0,840.0,590.0,420.0,296.0,840.0,0.5954073071479797
285,32,170.0,16.0,370.0,747.0,270.0,381.5,200.0,731.0,0.5938090085983276
285,26,1580.0,118.0,1737.0,640.0,1658.5,379.0,157.0,522.0,0.5671989917755127
286,2,784.0,84.0,1045.0,767.0,914.5,425.5,261.0,683.0,0.940560519695282
286,7,1283.0,100.0,1497.0,752.0,1390.0,426.0,214.0,652.0,0.9259001016616821
286,3,1053.0,185.0,1200.0,609.0,1126.5,397.0,147.0,424.0,0.9234511852264404
286,20,251.0,0.0,705.0,986.0,478.0,493.0,454.0,986.0,0.9226357936859131
286,9,1629.0,50.0,1889.0,755.0,1759.0,402.5,260.0,705.0,0.9212185740470886
286,30,0.0,0.0,318.0,815.0,159.0,407.5,318.0,815.0,0.8948430418968201
286,29,0.0,65.0,141.0,747.0,70.5,406.0,141.0,682.0,0.8910000920295715
286,28,1171.0,136.0,1327.0,610.0,1249.0,373.0,156.0,474.0,0.8883272409439087
286,5,1232.0,150.0,1387.0,612.0,1309.5,381.0,155.0,462.0,0.8623582124710083
286,1,1425.0,0.0,1739.0,776.0,1582.0,388.0,314.0,776.0,0.8599482774734497
286,22,1807.0,152.0,1920.0,604.0,1863.5,378.0,113.0,452.0,0.8207410573959351
286,33,1407.0,112.0,1562.0,617.0,1484.5,364.5,155.0,505.0,0.7456340193748474
286,32,179.0,1.0,404.0,738.0,291.5,369.5,225.0,737.0,0.5732385516166687
286,26,1580.0,116.0,1738.0,640.0,1659.0,378.0,158.0,524.0,0.5290693044662476
287,2,788.0,82.0,1044.0,767.0,916.0,424.5,256.0,685.0,0.9411725401878357
287,3,1051.0,183.0,1200.0,612.0,1125.5,397.5,149.0,429.0,0.9250683784484863
287,20,255.0,0.0,710.0,989.0,482.5,494.5,455.0,989.0,0.9232459664344788
287,9,1630.0,55.0,1887.0,757.0,1758.5,406.0,257.0,702.0,0.9228605628013611
287,7,1278.0,101.0,1496.0,753.0,1387.0,427.0,218.0,652.0,0.9222352504730225
287,28,1174.0,137.0,1326.0,612.0,1250.0,374.5,152.0,475.0,0.8871443271636963
287,30,0.0,0.0,314.0,813.0,157.0,406.5,314.0,813.0,0.8853244781494141
287,29,0.0,62.0,135.0,750.0,67.5,406.0,135.0,688.0,0.8840141892433167
287,1,1426.0,0.0,1739.0,776.0,1582.5,388.0,313.0,776.0,0.8742662668228149
287,5,1237.0,149.0,1391.0,613.0,1314.0,381.0,154.0,464.0,0.8620406985282898
287,22,1809.0,155.0,1920.0,598.0,1864.5,376.5,111.0,443.0,0.8181782960891724
287,33,1411.0,109.0,1566.0,618.0,1488.5,363.5,155.0,509.0,0.7356334328651428
287,32,163.0,19.0,365.0,751.0,264.0,385.0,202.0,732.0,0.5884509086608887
287,26,1573.0,104.0,1740.0,640.0,1656.5,372.0,167.0,536.0,0.2799474895000458
288,2,794.0,80.0,1044.0,767.0,919.0,423.5,250.0,687.0,0.943803608417511
288,20,255.0,0.0,708.0,989.0,481.5,494.5,453.0,989.0,0.926339864730835
288,3,1050.0,182.0,1201.0,613.0,1125.5,397.5,151.0,431.0,0.9254510402679443
288,9,1632.0,59.0,1885.0,762.0,1758.5,410.5,253.0,703.0,0.9234476089477539
288,7,1268.0,97.0,1499.0,754.0,1383.5,425.5,231.0,657.0,0.9005307555198669
288,30,0.0,0.0,311.0,808.0,155.5,404.0,311.0,808.0,0.8924617767333984
288,28,1175.0,137.0,1329.0,613.0,1252.0,375.0,154.0,476.0,0.8920429944992065
288,29,0.0,59.0,132.0,752.0,66.0,405.5,132.0,693.0,0.8773512840270996
288,1,1426.0,0.0,1738.0,776.0,1582.0,388.0,312.0,776.0,0.8476301431655884
288,22,1807.0,157.0,1920.0,602.0,1863.5,379.5,113.0,445.0,0.8461467027664185
288,5,1241.0,149.0,1398.0,615.0,1319.5,382.0,157.0,466.0,0.8341816067695618
288,26,1581.0,119.0,1739.0,637.0,1660.0,378.0,158.0,518.0,0.6168727874755859
288,33,1415.0,108.0,1573.0,619.0,1494.0,363.5,158.0,511.0,0.5863123536109924
288,32,162.0,35.0,357.0,748.0,259.5,391.5,195.0,713.0,0.5532791614532471
289,2,794.0,78.0,1043.0,767.0,918.5,422.5,249.0,689.0,0.9441049098968506
289,20,254.0,0.0,713.0,990.0,483.5,495.0,459.0,990.0,0.9253101348876953
289,9,1633.0,63.0,1882.0,764.0,1757.5,413.5,249.0,701.0,0.9249000549316406
289,3,1049.0,184.0,1200.0,611.0,1124.5,397.5,151.0,427.0,0.9239141345024109
289,28,1175.0,139.0,1332.0,614.0,1253.5,376.5,157.0,475.0,0.898634672164917
289,30,0.0,0.0,317.0,805.0,158.5,402.5,317.0,805.0,0.894268274307251
289,7,1261.0,96.0,1501.0,753.0,1381.0,424.5,240.0,657.0,0.8805096745491028
289,22,1808.0,157.0,1920.0,605.0,1864.0,381.0,112.0,448.0,0.8732465505599976
289,29,0.0,58.0,131.0,753.0,65.5,405.5,131.0,695.0,0.8628963232040405
289,1,1427.0,0.0,1738.0,776.0,1582.5,388.0,311.0,776.0,0.854672372341156
289,5,1242.0,149.0,1408.0,617.0,1325.0,383.0,166.0,468.0,0.7984725832939148
289,33,1414.0,107.0,1575.0,623.0,1494.5,365.0,161.0,516.0,0.6193833947181702
289,32,164.0,32.0,356.0,746.0,260.0,389.0,192.0,714.0,0.5750371217727661
289,26,1582.0,116.0,1740.0,640.0,1661.0,378.0,158.0,524.0,0.4728257656097412
290,2,795.0,77.0,1044.0,766.0,919.5,421.5,249.0,689.0,0.9445995688438416
290,9,1636.0,67.0,1882.0,760.0,1759.0,413.5,246.0,693.0,0.9258953928947449
290,3,1047.0,184.0,1201.0,611.0,1124.0,397.5,154.0,427.0,0.921691358089447
290,20,258.0,0.0,715.0,986.0,486.5,493.0,457.0,986.0,0.9178529977798462
290,28,1175.0,144.0,1333.0,613.0,1254.0,378.5,158.0,469.0,0.8877816200256348
290,22,1808.0,158.0,1920.0,606.0,1864.0,382.0,112.0,448.0,0.8830450177192688
290,30,0.0,0.0,314.0,806.0,157.0,403.0,314.0,806.0,0.8808038234710693
290,7,1262.0,96.0,1500.0,753.0,1381.0,424.5,238.0,657.0,0.8704150915145874
290,29,0.0,59.0,126.0,758.0,63.0,408.5,126.0,699.0,0.8484113216400146
290,1,1428.0,0.0,1737.0,775.0,1582.5,387.5,309.0,775.0,0.8478908538818359
290,5,1246.0,149.0,1414.0,618.0,1330.0,383.5,168.0,469.0,0.7870696783065796
290,33,1418.0,102.0,1579.0,618.0,1498.5,360.0,161.0,516.0,0.5909333229064941
290,26,1581.0,120.0,1740.0,640.0,1660.5,380.0,159.0,520.0,0.5424830913543701
290,32,160.0,42.0,354.0,743.0,257.0,392.5,194.0,701.0,0.5174277424812317
291,2,797.0,74.0,1044.0,766.0,920.5,420.0,247.0,692.0,0.9448190331459045
291,9,1635.0,70.0,1883.0,761.0,1759.0,415.5,248.0,691.0,0.9246525168418884
291,3,1046.0,185.0,1204.0,611.0,1125.0,398.0,158.0,426.0,0.9158090353012085
291,20,262.0,0.0,718.0,979.0,490.0,489.5,456.0,979.0,0.914282500743866
291,7,1255.0,94.0,1501.0,753.0,1378.0,423.5,246.0,659.0,0.9003821611404419
291,30,0.0,0.0,316.0,805.0,158.0,402.5,316.0,805.0,0.8947088122367859
291,28,1174.0,144.0,1335.0,613.0,1254.5,378.5,161.0,469.0,0.8783051371574402
291,22,1809.0,159.0,1920.0,611.0,1864.5,385.0,111.0,452.0,0.8704977035522461
291,1,1428.0,0.0,1738.0,776.0,1583.0,388.0,310.0,776.0,0.8647435903549194
291,29,0.0,59.0,121.0,754.0,60.5,406.5,121.0,695.0,0.8469639420509338
291,5,1249.0,155.0,1416.0,615.0,1332.5,385.0,167.0,460.0,0.771410346031189
291,33,1418.0,98.0,1584.0,612.0,1501.0,355.0,166.0,514.0,0.5707551836967468
291,32,157.0,30.0,351.0,742.0,254.0,386.0,194.0,712.0,0.5066438913345337
291,26,1581.0,115.0,1741.0,644.0,1661.0,379.5,160.0,529.0,0.33292508125305176
292,2,797.0,71.0,1043.0,767.0,920.0,419.0,246.0,696.0,0.9463528394699097
292,9,1637.0,69.0,1883.0,763.0,1760.0,416.0,246.0,694.0,0.9276549816131592
292,20,264.0,0.0,717.0,976.0,490.5,488.0,453.0,976.0,0.9170057773590088
292,3,1045.0,185.0,1198.0,608.0,1121.5,396.5,153.0,423.0,0.9157105088233948
292,30,0.0,0.0,321.0,806.0,160.5,403.0,321.0,806.0,0.9064415693283081
292,7,1255.0,91.0,1502.0,753.0,1378.5,422.0,247.0,662.0,0.9046029448509216
292,22,1810.0,158.0,1920.0,605.0,1865.0,381.5,110.0,447.0,0.8944119215011597
292,28,1172.0,144.0,1335.0,614.0,1253.5,379.0,163.0,470.0,0.8789634108543396
292,1,1428.0,0.0,1738.0,776.0,1583.0,388.0,310.0,776.0,0.8580914735794067
292,29,0.0,60.0,121.0,751.0,60.5,405.5,121.0,691.0,0.8510133028030396
292,32,156.0,36.0,350.0,732.0,253.0,384.0,194.0,696.0,0.5136038064956665
292,26,1588.0,119.0,1742.0,637.0,1665.0,378.0,154.0,518.0,0.49408793449401855
292,33,1420.0,95.0,1590.0,612.0,1505.0,353.5,170.0,517.0,0.466543048620224
292,5,1250.0,160.0,1413.0,623.0,1331.5,391.5,163.0,463.0,0.40041083097457886
293,2,798.0,70.0,1042.0,767.0,920.0,418.5,244.0,697.0,0.9467267990112305
293,9,1638.0,69.0,1883.0,763.0,1760.5,416.0,245.0,694.0,0.9264634847640991
293,20,265.0,0.0,721.0,976.0,493.0,488.0,456.0,976.0,0.9255303144454956
293,3,1044.0,186.0,1196.0,608.0,1120.0,397.0,152.0,422.0,0.9179106950759888
293,30,0.0,0.0,315.0,808.0,157.5,404.0,315.0,808.0,0.9150745272636414
293,7,1254.0,85.0,1503.0,754.0,1378.5,419.5,249.0,669.0,0.9148305058479309
293,28,1171.0,143.0,1336.0,614.0,1253.5,378.5,165.0,471.0,0.9031366109848022
293,22,1810.0,157.0,1920.0,604.0,1865.0,380.5,110.0,447.0,0.8985528945922852
293,1,1427.0,0.0,1738.0,775.0,1582.5,387.5,311.0,775.0,0.8509125709533691
293,29,0.0,61.0,118.0,749.0,59.0,405.0,118.0,688.0,0.8320104479789734
293,26,1591.0,121.0,1742.0,636.0,1666.5,378.5,151.0,515.0,0.5286533832550049
293,33,1418.0,96.0,1593.0,618.0,1505.5,357.0,175.0,522.0,0.502608597278595
293,32,155.0,40.0,344.0,729.0,249.5,384.5,189.0,689.0,0.44533926248550415
294,2,798.0,69.0,1042.0,766.0,920.0,417.5,244.0,697.0,0.9472252130508423
294,20,267.0,0.0,725.0,975.0,496.0,487.5,458.0,975.0,0.9289030432701111
294,9,1638.0,70.0,1883.0,764.0,1760.5,417.0,245.0,694.0,0.9243541359901428
294,30,0.0,0.0,314.0,807.0,157.0,403.5,314.0,807.0,0.9207102656364441
294,7,1255.0,82.0,1502.0,753.0,1378.5,417.5,247.0,671.0,0.9173779487609863
294,3,1043.0,187.0,1196.0,610.0,1119.5,398.5,153.0,423.0,0.9166238307952881
294,28,1168.0,140.0,1337.0,615.0,1252.5,377.5,169.0,475.0,0.9037485122680664
294,22,1811.0,156.0,1920.0,604.0,1865.5,380.0,109.0,448.0,0.9009125232696533
294,1,1426.0,0.0,1737.0,775.0,1581.5,387.5,311.0,775.0,0.8497942686080933
294,29,0.0,65.0,116.0,751.0,58.0,408.0,116.0,686.0,0.8427759408950806
294,33,1418.0,96.0,1591.0,617.0,1504.5,356.5,173.0,521.0,0.5890158414840698
294,32,154.0,29.0,346.0,739.0,250.0,384.0,192.0,710.0,0.48933470249176025
294,26,1590.0,123.0,1742.0,634.0,1666.0,378.5,152.0,511.0,0.4839590787887573
295,2,797.0,69.0,1042.0,764.0,919.5,416.5,245.0,695.0,0.9453771114349365
295,20,267.0,0.0,730.0,971.0,498.5,485.5,463.0,971.0,0.9373934268951416
295,30,0.0,0.0,317.0,802.0,158.5,401.0,317.0,802.0,0.9254360795021057
295,9,1638.0,68.0,1885.0,764.0,1761.5,416.0,247.0,696.0,0.9248000383377075
295,3,1043.0,189.0,1193.0,608.0,1118.0,398.5,150.0,419.0,0.9247229099273682
295,7,1255.0,78.0,1499.0,754.0,1377.0,416.0,244.0,676.0,0.9117770791053772
295,22,1811.0,155.0,1920.0,601.0,1865.5,378.0,109.0,446.0,0.9064054489135742
295,28,1166.0,139.0,1336.0,614.0,1251.0,376.5,170.0,475.0,0.8988990783691406
295,1,1426.0,0.0,1737.0,773.0,1581.5,386.5,311.0,773.0,0.848541796207428
295,29,0.0,65.0,116.0,749.0,58.0,407.0,116.0,684.0,0.8423922061920166
295,33,1416.0,98.0,1591.0,625.0,1503.5,361.5,175.0,527.0,0.6708430051803589
295,32,147.0,16.0,346.0,744.0,246.5,380.0,199.0,728.0,0.5004440546035767
295,26,1591.0,122.0,1744.0,635.0,1667.5,378.5,153.0,513.0,0.3453044891357422
296,2,798.0,69.0,1042.0,764.0,920.0,416.5,244.0,695.0,0.9460131525993347
296,20,273.0,0.0,736.0,975.0,504.5,487.5,463.0,975.0,0.9457183480262756
296,30,0.0,0.0,321.0,801.0,160.5,400.5,321.0,801.0,0.9316654801368713
296,3,1043.0,191.0,1193.0,607.0,1118.0,399.0,150.0,416.0,0.9251540303230286
296,9,1638.0,66.0,1884.0,764.0,1761.0,415.0,246.0,698.0,0.922973096370697
296,7,1254.0,74.0,1499.0,754.0,1376.5,414.0,245.0,680.0,0.9124656915664673
296,22,1810.0,154.0,1920.0,598.0,1865.0,376.0,110.0,444.0,0.9108362793922424
296,28,1163.0,139.0,1336.0,614.0,1249.5,376.5,173.0,475.0,0.9026830792427063
296,1,1426.0,0.0,1737.0,772.0,1581.5,386.0,311.0,772.0,0.847052276134491
296,29,0.0,70.0,113.0,747.0,56.5,408.5,113.0,677.0,0.8463344573974609
296,33,1422.0,103.0,1589.0,618.0,1505.5,360.5,167.0,515.0,0.6245286464691162
296,26,1590.0,125.0,1744.0,634.0,1667.0,379.5,154.0,509.0,0.3713734447956085
297,2,797.0,70.0,1042.0,765.0,919.5,417.5,245.0,695.0,0.9451083540916443
297,20,275.0,0.0,736.0,970.0,505.5,485.0,461.0,970.0,0.9443591237068176
297,30,0.0,0.0,318.0,796.0,159.0,398.0,318.0,796.0,0.933496356010437
297,3,1042.0,192.0,1191.0,609.0,1116.5,400.5,149.0,417.0,0.9265642762184143
297,9,1637.0,64.0,1885.0,764.0,1761.0,414.0,248.0,700.0,0.9232380986213684
297,22,1811.0,154.0,1920.0,596.0,1865.5,375.0,109.0,442.0,0.9127764701843262
297,7,1253.0,71.0,1499.0,755.0,1376.0,413.0,246.0,684.0,0.9106497764587402
297,28,1161.0,139.0,1331.0,615.0,1246.0,377.0,170.0,476.0,0.894393801689148
297,1,1426.0,0.0,1739.0,775.0,1582.5,387.5,313.0,775.0,0.8735846877098083
297,29,0.0,73.0,113.0,748.0,56.5,410.5,113.0,675.0,0.8471260070800781
297,33,1419.0,110.0,1585.0,619.0,1502.0,364.5,166.0,509.0,0.4418531358242035
297,26,1591.0,124.0,1746.0,637.0,1668.5,380.5,155.0,513.0,0.2645591199398041
298,2,793.0,69.0,1042.0,763.0,917.5,416.0,249.0,694.0,0.9437194466590881
298,20,277.0,0.0,735.0,974.0,506.0,487.0,458.0,974.0,0.9384075403213501
298,30,0.0,0.0,320.0,798.0,160.0,399.0,320.0,798.0,0.9276209473609924
298,3,1042.0,192.0,1190.0,610.0,1116.0,401.0,148.0,418.0,0.9271068572998047
298,9,1636.0,61.0,1885.0,764.0,1760.5,412.5,249.0,703.0,0.9252865314483643
298,22,1811.0,153.0,1920.0,597.0,1865.5,375.0,109.0,444.0,0.9139456748962402
298,7,1253.0,70.0,1498.0,754.0,1375.5,412.0,245.0,684.0,0.911885142326355
298,1,1427.0,0.0,1739.0,777.0,1583.0,388.5,312.0,777.0,0.9032685160636902
298,28,1160.0,138.0,1325.0,612.0,1242.5,375.0,165.0,474.0,0.8899402022361755
298,29,0.0,77.0,115.0,746.0,57.5,411.5,115.0,669.0,0.8481618762016296
299,2,793.0,71.0,1042.0,763.0,917.5,417.0,249.0,692.0,0.9427980184555054
299,20,279.0,0.0,736.0,975.0,507.5,487.5,457.0,975.0,0.9343290328979492
299,30,0.0,0.0,320.0,803.0,160.0,401.5,320.0,803.0,0.9316518902778625
299,3,1041.0,193.0,1190.0,611.0,1115.5,402.0,149.0,418.0,0.9282235503196716
299,9,1634.0,57.0,1886.0,764.0,1760.0,410.5,252.0,707.0,0.9249022006988525
299,22,1810.0,152.0,1920.0,598.0,1865.0,375.0,110.0,446.0,0.9147083759307861
299,7,1254.0,68.0,1497.0,754.0,1375.5,411.0,243.0,686.0,0.9087337851524353
299,28,1159.0,137.0,1314.0,612.0,1236.5,374.5,155.0,475.0,0.9022665619850159
299,1,1428.0,1.0,1738.0,776.0,1583.0,388.5,310.0,775.0,0.896133303642273
299,29,0.0,78.0,114.0,748.0,57.0,413.0,114.0,670.0,0.8697909712791443
299,33,1389.0,144.0,1552.0,623.0,1470.5,383.5,163.0,479.0,0.3746480941772461
300,2,792.0,75.0,1042.0,763.0,917.0,419.0,250.0,688.0,0.9425663948059082
300,20,281.0,0.0,736.0,980.0,508.5,490.0,455.0,980.0,0.9305313229560852
300,30,2.0,0.0,321.0,805.0,161.5,402.5,319.0,805.0,0.9295195937156677
300,3,1041.0,192.0,1189.0,612.0,1115.0,402.0,148.0,420.0,0.9279469847679138
300,9,1633.0,53.0,1887.0,765.0,1760.0,409.0,254.0,712.0,0.9207149744033813
300,22,1810.0,152.0,1920.0,598.0,1865.0,375.0,110.0,446.0,0.9153227806091309
300,1,1427.0,3.0,1740.0,777.0,1583.5,390.0,313.0,774.0,0.9122014045715332
300,7,1254.0,66.0,1495.0,755.0,1374.5,410.5,241.0,689.0,0.9103769063949585
300,28,1158.0,135.0,1308.0,611.0,1233.0,373.0,150.0,476.0,0.9053464531898499
300,29,0.0,80.0,115.0,750.0,57.5,415.0,115.0,670.0,0.875598669052124
300,33,1385.0,155.0,1544.0,621.0,1464.5,388.0,159.0,466.0,0.43084827065467834
301,20,283.0,0.0,738.0,980.0,510.5,490.0,455.0,980.0,0.9478344917297363
301,2,790.0,77.0,1042.0,764.0,916.0,420.5,252.0,687.0,0.9431601762771606
301,3,1041.0,192.0,1189.0,613.0,1115.0,402.5,148.0,421.0,0.9276548027992249
301,30,8.0,0.0,322.0,802.0,165.0,401.0,314.0,802.0,0.9261382818222046
301,9,1631.0,45.0,1886.0,766.0,1758.5,405.5,255.0,721.0,0.9237373471260071
301,22,1810.0,150.0,1920.0,598.0,1865.0,374.0,110.0,448.0,0.9175755381584167
301,1,1425.0,6.0,1739.0,776.0,1582.0,391.0,314.0,770.0,0.913736879825592
301,7,1254.0,67.0,1495.0,754.0,1374.5,410.5,241.0,687.0,0.9096370339393616
301,28,1155.0,133.0,1304.0,611.0,1229.5,372.0,149.0,478.0,0.9076745510101318
301,29,0.0,80.0,113.0,751.0,56.5,415.5,113.0,671.0,0.8647978901863098
301,33,1395.0,157.0,1549.0,621.0,1472.0,389.0,154.0,464.0,0.46738219261169434
302,20,287.0,0.0,738.0,974.0,512.5,487.0,451.0,974.0,0.9480096101760864
302,2,789.0,80.0,1042.0,763.0,915.5,421.5,253.0,683.0,0.9427379369735718
302,3,1041.0,192.0,1187.0,614.0,1114.0,403.0,146.0,422.0,0.9272705912590027
302,30,7.0,0.0,322.0,804.0,164.5,402.0,315.0,804.0,0.9235569834709167
302,9,1628.0,45.0,1887.0,764.0,1757.5,404.5,259.0,719.0,0.9230270981788635
302,22,1811.0,149.0,1920.0,597.0,1865.5,373.0,109.0,448.0,0.9177134037017822
302,1,1424.0,9.0,1738.0,777.0,1581.0,393.0,314.0,768.0,0.9137254357337952
302,7,1254.0,68.0,1495.0,755.0,1374.5,411.5,241.0,687.0,0.9111496806144714
302,28,1154.0,132.0,1304.0,612.0,1229.0,372.0,150.0,480.0,0.9087345004081726
302,29,0.0,80.0,113.0,757.0,56.5,418.5,113.0,677.0,0.8799483776092529
302,33,1400.0,157.0,1553.0,619.0,1476.5,388.0,153.0,462.0,0.5253438353538513
303,20,290.0,0.0,741.0,974.0,515.5,487.0,451.0,974.0,0.9496670961380005
303,2,789.0,83.0,1043.0,763.0,916.0,423.0,254.0,680.0,0.9424439072608948
303,3,1040.0,191.0,1187.0,613.0,1113.5,402.0,147.0,422.0,0.927130401134491
303,30,1.0,0.0,327.0,803.0,164.0,401.5,326.0,803.0,0.9267231225967407
303,9,1627.0,38.0,1889.0,765.0,1758.0,401.5,262.0,727.0,0.921127438545227
303,22,1811.0,148.0,1920.0,597.0,1865.5,372.5,109.0,449.0,0.9192562103271484
303,1,1423.0,11.0,1736.0,779.0,1579.5,395.0,313.0,768.0,0.91620272397995
303,7,1253.0,69.0,1494.0,756.0,1373.5,412.5,241.0,687.0,0.9098811149597168
303,28,1153.0,130.0,1305.0,612.0,1229.0,371.0,152.0,482.0,0.9065925478935242
303,29,0.0,77.0,111.0,765.0,55.5,421.0,111.0,688.0,0.876590371131897
303,33,1402.0,161.0,1552.0,618.0,1477.0,389.5,150.0,457.0,0.5343797206878662
304,20,297.0,0.0,743.0,974.0,520.0,487.0,446.0,974.0,0.9471657872200012
304,2,786.0,84.0,1045.0,762.0,915.5,423.0,259.0,678.0,0.9432466626167297
304,30,0.0,0.0,327.0,815.0,163.5,407.5,327.0,815.0,0.9395937919616699
304,3,1040.0,188.0,1186.0,612.0,1113.0,400.0,146.0,424.0,0.9259757995605469
304,9,1628.0,37.0,1889.0,763.0,1758.5,400.0,261.0,726.0,0.9190990924835205
304,22,1812.0,147.0,1920.0,596.0,1866.0,371.5,108.0,449.0,0.9189326167106628
304,1,1420.0,12.0,1735.0,780.0,1577.5,396.0,315.0,768.0,0.9175524115562439
304,7,1253.0,71.0,1492.0,756.0,1372.5,413.5,239.0,685.0,0.9166462421417236
304,28,1151.0,129.0,1306.0,612.0,1228.5,370.5,155.0,483.0,0.9061590433120728
304,29,0.0,73.0,111.0,768.0,55.5,420.5,111.0,695.0,0.8785518407821655
304,33,1403.0,159.0,1553.0,619.0,1478.0,389.0,150.0,460.0,0.552078127861023
305,20,304.0,0.0,747.0,973.0,525.5,486.5,443.0,973.0,0.944149911403656
305,2,785.0,84.0,1047.0,762.0,916.0,423.0,262.0,678.0,0.9428896307945251
305,30,0.0,0.0,328.0,816.0,164.0,408.0,328.0,816.0,0.9353901743888855
305,3,1038.0,187.0,1186.0,612.0,1112.0,399.5,148.0,425.0,0.9245235919952393
305,22,1811.0,147.0,1920.0,597.0,1865.5,372.0,109.0,450.0,0.9181674122810364
305,7,1251.0,74.0,1491.0,758.0,1371.0,416.0,240.0,684.0,0.9148193001747131
305,1,1418.0,15.0,1733.0,780.0,1575.5,397.5,315.0,765.0,0.9147258400917053
305,9,1626.0,33.0,1890.0,763.0,1758.0,398.0,264.0,730.0,0.9139794707298279
305,28,1150.0,127.0,1306.0,612.0,1228.0,369.5,156.0,485.0,0.9040616154670715
305,29,0.0,69.0,111.0,769.0,55.5,419.0,111.0,700.0,0.877570390701294
305,33,1404.0,156.0,1555.0,620.0,1479.5,388.0,151.0,464.0,0.5699898600578308
306,2,783.0,85.0,1047.0,761.0,915.0,423.0,264.0,676.0,0.9432836174964905
306,20,313.0,0.0,751.0,973.0,532.0,486.5,438.0,973.0,0.9409275054931641
306,30,0.0,0.0,329.0,819.0,164.5,409.5,329.0,819.0,0.9336383938789368
306,7,1251.0,72.0,1490.0,757.0,1370.5,414.5,239.0,685.0,0.9227232336997986
306,3,1037.0,183.0,1186.0,612.0,1111.5,397.5,149.0,429.0,0.9188706874847412
306,1,1409.0,11.0,1728.0,779.0,1568.5,395.0,319.0,768.0,0.9164109826087952
306,22,1809.0,147.0,1920.0,597.0,1864.5,372.0,111.0,450.0,0.9153904318809509
306,9,1627.0,32.0,1891.0,761.0,1759.0,396.5,264.0,729.0,0.9083121418952942
306,28,1149.0,126.0,1306.0,612.0,1227.5,369.0,157.0,486.0,0.9025418758392334
306,29,0.0,68.0,110.0,767.0,55.0,417.5,110.0,699.0,0.8569892644882202
306,33,1402.0,151.0,1559.0,620.0,1480.5,385.5,157.0,469.0,0.5920313000679016
307,20,317.0,0.0,757.0,969.0,537.0,484.5,440.0,969.0,0.9447121620178223
307,2,782.0,84.0,1050.0,761.0,916.0,422.5,268.0,677.0,0.9435403347015381
307,30,0.0,0.0,328.0,817.0,164.0,408.5,328.0,817.0,0.9380514621734619
307,7,1250.0,76.0,1492.0,756.0,1371.0,416.0,242.0,680.0,0.926594078540802
307,1,1406.0,9.0,1728.0,780.0,1567.0,394.5,322.0,771.0,0.9258075952529907
307,3,1035.0,180.0,1184.0,610.0,1109.5,395.0,149.0,430.0,0.9143018126487732
307,22,1810.0,148.0,1920.0,596.0,1865.0,372.0,110.0,448.0,0.9131359457969666
307,28,1150.0,125.0,1305.0,612.0,1227.5,368.5,155.0,487.0,0.9026799201965332
307,9,1626.0,30.0,1891.0,759.0,1758.5,394.5,265.0,729.0,0.9012129902839661
307,29,0.0,66.0,113.0,768.0,56.5,417.0,113.0,702.0,0.8558744788169861
307,33,1410.0,142.0,1559.0,611.0,1484.5,376.5,149.0,469.0,0.5488117933273315
308,20,321.0,0.0,766.0,965.0,543.5,482.5,445.0,965.0,0.946523904800415
308,2,779.0,85.0,1052.0,762.0,915.5,423.5,273.0,677.0,0.9440237283706665
308,1,1401.0,4.0,1726.0,787.0,1563.5,395.5,325.0,783.0,0.9379018545150757
308,7,1250.0,81.0,1495.0,757.0,1372.5,419.0,245.0,676.0,0.9296937584877014
308,30,0.0,0.0,326.0,807.0,163.0,403.5,326.0,807.0,0.928030788898468
308,3,1033.0,173.0,1185.0,617.0,1109.0,395.0,152.0,444.0,0.9097421765327454
308,22,1811.0,149.0,1920.0,596.0,1865.5,372.5,109.0,447.0,0.9062433838844299
308,28,1148.0,125.0,1303.0,612.0,1225.5,368.5,155.0,487.0,0.8990692496299744
308,9,1625.0,29.0,1891.0,759.0,1758.0,394.0,266.0,730.0,0.8974660038948059
308,29,0.0,63.0,111.0,767.0,55.5,415.0,111.0,704.0,0.8214001059532166
309,20,323.0,0.0,775.0,956.0,549.0,478.0,452.0,956.0,0.9475271701812744
309,1,1399.0,1.0,1726.0,791.0,1562.5,396.0,327.0,790.0,0.9461132287979126
309,2,779.0,83.0,1055.0,760.0,917.0,421.5,276.0,677.0,0.9437031745910645
309,30,0.0,0.0,324.0,804.0,162.0,402.0,324.0,804.0,0.9352437853813171
309,7,1251.0,85.0,1494.0,758.0,1372.5,421.5,243.0,673.0,0.9290035367012024
309,3,1033.0,174.0,1184.0,617.0,1108.5,395.5,151.0,443.0,0.9085254669189453
309,22,1812.0,150.0,1920.0,596.0,1866.0,373.0,108.0,446.0,0.9048298001289368
309,9,1627.0,40.0,1889.0,761.0,1758.0,400.5,262.0,721.0,0.9028832912445068
309,28,1149.0,126.0,1302.0,613.0,1225.5,369.5,153.0,487.0,0.896813690662384
309,29,0.0,61.0,92.0,759.0,46.0,410.0,92.0,698.0,0.7923731207847595
310,1,1398.0,0.0,1723.0,793.0,1560.5,396.5,325.0,793.0,0.9463728666305542
310,20,327.0,0.0,784.0,953.0,555.5,476.5,457.0,953.0,0.9429462552070618
310,2,777.0,81.0,1056.0,757.0,916.5,419.0,279.0,676.0,0.9414127469062805
310,7,1252.0,88.0,1492.0,757.0,1372.0,422.5,240.0,669.0,0.9276186227798462
310,30,0.0,0.0,323.0,802.0,161.5,401.0,323.0,802.0,0.9255309104919434
310,9,1624.0,40.0,1890.0,762.0,1757.0,401.0,266.0,722.0,0.9081998467445374
310,3,1032.0,172.0,1184.0,618.0,1108.0,395.0,152.0,446.0,0.9072684049606323
310,22,1813.0,151.0,1920.0,596.0,1866.5,373.5,107.0,445.0,0.9036591053009033
310,28,1149.0,128.0,1301.0,614.0,1225.0,371.0,152.0,486.0,0.8987892270088196
310,29,0.0,59.0,90.0,760.0,45.0,409.5,90.0,701.0,0.7791295647621155
311,1,1396.0,0.0,1721.0,795.0,1558.5,397.5,325.0,795.0,0.9480569958686829
311,2,777.0,79.0,1053.0,756.0,915.0,417.5,276.0,677.0,0.9387494325637817
311,20,330.0,0.0,790.0,952.0,560.0,476.0,460.0,952.0,0.9370409846305847
311,30,0.0,0.0,324.0,803.0,162.0,401.5,324.0,803.0,0.9272379875183105
311,7,1253.0,88.0,1489.0,757.0,1371.0,422.5,236.0,669.0,0.9255872368812561
311,9,1622.0,41.0,1890.0,763.0,1756.0,402.0,268.0,722.0,0.9111016392707825
311,22,1814.0,152.0,1920.0,596.0,1867.0,374.0,106.0,444.0,0.9045586585998535
311,3,1031.0,172.0,1184.0,618.0,1107.5,395.0,153.0,446.0,0.9034319519996643
311,28,1149.0,130.0,1301.0,613.0,1225.0,371.5,152.0,483.0,0.898976743221283
311,29,0.0,56.0,109.0,776.0,54.5,416.0,109.0,720.0,0.7879100441932678
312,1,1393.0,0.0,1719.0,797.0,1556.0,398.5,326.0,797.0,0.9470375776290894
312,2,776.0,77.0,1051.0,755.0,913.5,416.0,275.0,678.0,0.9396921396255493
312,20,331.0,0.0,795.0,952.0,563.0,476.0,464.0,952.0,0.9347044825553894
312,7,1254.0,89.0,1490.0,758.0,1372.0,423.5,236.0,669.0,0.9224514365196228
312,30,0.0,0.0,324.0,809.0,162.0,404.5,324.0,809.0,0.9192432761192322
312,9,1620.0,42.0,1888.0,764.0,1754.0,403.0,268.0,722.0,0.914834201335907
312,22,1815.0,154.0,1920.0,597.0,1867.5,375.5,105.0,443.0,0.9074405431747437
312,28,1148.0,134.0,1301.0,612.0,1224.5,373.0,153.0,478.0,0.9027366042137146
312,3,1030.0,173.0,1184.0,618.0,1107.0,395.5,154.0,445.0,0.8987653851509094
312,29,0.0,55.0,114.0,774.0,57.0,414.5,114.0,719.0,0.7873191237449646
313,1,1393.0,0.0,1718.0,801.0,1555.5,400.5,325.0,801.0,0.9454202055931091
313,2,775.0,76.0,1051.0,756.0,913.0,416.0,276.0,680.0,0.9405679106712341
313,20,335.0,0.0,801.0,953.0,568.0,476.5,466.0,953.0,0.9246734380722046
313,7,1256.0,90.0,1491.0,759.0,1373.5,424.5,235.0,669.0,0.9221745729446411
313,30,0.0,0.0,326.0,813.0,163.0,406.5,326.0,813.0,0.9203349947929382
313,9,1616.0,43.0,1885.0,766.0,1750.5,404.5,269.0,723.0,0.9156705141067505
313,22,1816.0,157.0,1920.0,599.0,1868.0,378.0,104.0,442.0,0.9053459167480469
313,28,1149.0,138.0,1302.0,612.0,1225.5,375.0,153.0,474.0,0.9051752686500549
313,3,1030.0,173.0,1183.0,617.0,1106.5,395.0,153.0,444.0,0.8967333436012268
313,29,0.0,57.0,100.0,758.0,50.0,407.5,100.0,701.0,0.7544399499893188
314,2,773.0,75.0,1050.0,755.0,911.5,415.0,277.0,680.0,0.942167341709137
314,1,1391.0,0.0,1714.0,781.0,1552.5,390.5,323.0,781.0,0.9405314326286316
314,7,1257.0,91.0,1492.0,759.0,1374.5,425.0,235.0,668.0,0.91764235496521
314,20,338.0,0.0,803.0,952.0,570.5,476.0,465.0,952.0,0.9172040224075317
314,30,0.0,0.0,325.0,807.0,162.5,403.5,325.0,807.0,0.9156867265701294
314,9,1616.0,43.0,1882.0,767.0,1749.0,405.0,266.0,724.0,0.9104752540588379
314,22,1818.0,159.0,1920.0,599.0,1869.0,379.0,102.0,440.0,0.9046726822853088
314,28,1148.0,140.0,1302.0,611.0,1225.0,375.5,154.0,471.0,0.9008891582489014
314,3,1029.0,175.0,1182.0,617.0,1105.5,396.0,153.0,442.0,0.8947572112083435
314,29,0.0,54.0,98.0,760.0,49.0,407.0,98.0,706.0,0.748427152633667
315,2,773.0,74.0,1047.0,754.0,910.0,414.0,274.0,680.0,0.9427809715270996
315,1,1389.0,0.0,1713.0,781.0,1551.0,390.5,324.0,781.0,0.9421817064285278
315,30,0.0,0.0,325.0,808.0,162.5,404.0,325.0,808.0,0.9190159440040588
315,20,341.0,0.0,808.0,950.0,574.5,475.0,467.0,950.0,0.9157466292381287
315,7,1258.0,89.0,1494.0,760.0,1376.0,424.5,236.0,671.0,0.9135645627975464
315,9,1614.0,46.0,1878.0,767.0,1746.0,406.5,264.0,721.0,0.9111928939819336
315,22,1818.0,160.0,1920.0,600.0,1869.0,380.0,102.0,440.0,0.9040119051933289
315,28,1147.0,142.0,1304.0,612.0,1225.5,377.0,157.0,470.0,0.8990756869316101
315,3,1028.0,178.0,1180.0,617.0,1104.0,397.5,152.0,439.0,0.8921295404434204
315,29,0.0,55.0,100.0,758.0,50.0,406.5,100.0,703.0,0.7427468299865723
315,34,1718.0,179.0,1871.0,617.0,1794.5,398.0,153.0,438.0,0.5329000949859619
316,2,772.0,74.0,1045.0,753.0,908.5,413.5,273.0,679.0,0.9442917108535767
316,1,1388.0,0.0,1713.0,780.0,1550.5,390.0,325.0,780.0,0.9412814974784851
316,20,348.0,0.0,811.0,955.0,579.5,477.5,463.0,955.0,0.9262340664863586
316,30,0.0,0.0,326.0,809.0,163.0,404.5,326.0,809.0,0.9211522340774536
316,9,1612.0,49.0,1872.0,768.0,1742.0,408.5,260.0,719.0,0.9089869856834412
316,7,1259.0,86.0,1498.0,760.0,1378.5,423.0,239.0,674.0,0.9082832932472229
316,22,1818.0,161.0,1920.0,599.0,1869.0,380.0,102.0,438.0,0.9050137400627136
316,28,1148.0,145.0,1305.0,613.0,1226.5,379.0,157.0,468.0,0.9027701020240784
316,3,1027.0,185.0,1178.0,617.0,1102.5,401.0,151.0,432.0,0.8929019570350647
316,29,0.0,56.0,106.0,759.0,53.0,407.5,106.0,703.0,0.7733287811279297
316,34,1723.0,184.0,1870.0,618.0,1796.5,401.0,147.0,434.0,0.6627756953239441
317,2,771.0,74.0,1045.0,753.0,908.0,413.5,274.0,679.0,0.9437946081161499
317,1,1387.0,0.0,1711.0,780.0,1549.0,390.0,324.0,780.0,0.9408525228500366
317,20,352.0,0.0,814.0,956.0,583.0,478.0,462.0,956.0,0.9324458241462708
317,30,0.0,0.0,326.0,811.0,163.0,405.5,326.0,811.0,0.9196702837944031
317,22,1818.0,162.0,1920.0,598.0,1869.0,380.0,102.0,436.0,0.9099202156066895
317,7,1259.0,83.0,1503.0,760.0,1381.0,421.5,244.0,677.0,0.9097328782081604
317,9,1614.0,53.0,1869.0,768.0,1741.5,410.5,255.0,715.0,0.9066439867019653
317,28,1146.0,147.0,1304.0,613.0,1225.0,380.0,158.0,466.0,0.9057303071022034
317,3,1027.0,186.0,1176.0,616.0,1101.5,401.0,149.0,430.0,0.8976812362670898
317,29,0.0,57.0,104.0,759.0,52.0,408.0,104.0,702.0,0.7759284377098083
317,34,1724.0,189.0,1868.0,620.0,1796.0,404.5,144.0,431.0,0.7203420996665955
318,2,769.0,74.0,1048.0,752.0,908.5,413.0,279.0,678.0,0.9432517886161804
318,1,1386.0,0.0,1710.0,781.0,1548.0,390.5,324.0,781.0,0.9410436153411865
318,20,352.0,0.0,812.0,954.0,582.0,477.0,460.0,954.0,0.9409334659576416
318,30,0.0,0.0,328.0,811.0,164.0,405.5,328.0,811.0,0.9234414100646973
318,9,1614.0,56.0,1867.0,769.0,1740.5,412.5,253.0,713.0,0.9087031483650208
318,7,1260.0,82.0,1505.0,760.0,1382.5,421.0,245.0,678.0,0.9077027440071106
318,22,1818.0,163.0,1920.0,600.0,1869.0,381.5,102.0,437.0,0.9076862335205078
318,28,1142.0,147.0,1304.0,614.0,1223.0,380.5,162.0,467.0,0.9031417369842529
318,3,1025.0,188.0,1176.0,616.0,1100.5,402.0,151.0,428.0,0.8979859352111816
318,29,0.0,56.0,105.0,759.0,52.5,407.5,105.0,703.0,0.7745378613471985
318,34,1724.0,188.0,1868.0,625.0,1796.0,406.5,144.0,437.0,0.7448479533195496
319,2,767.0,74.0,1048.0,752.0,907.5,413.0,281.0,678.0,0.9426658749580383
319,1,1385.0,0.0,1709.0,780.0,1547.0,390.0,324.0,780.0,0.9410251379013062
319,20,356.0,0.0,815.0,953.0,585.5,476.5,459.0,953.0,0.9399071335792542
319,30,0.0,0.0,329.0,804.0,164.5,402.0,329.0,804.0,0.9202855825424194
319,22,1818.0,163.0,1920.0,600.0,1869.0,381.5,102.0,437.0,0.9106230735778809
319,9,1613.0,59.0,1864.0,769.0,1738.5,414.0,251.0,710.0,0.9099228978157043
319,7,1261.0,81.0,1506.0,760.0,1383.5,420.5,245.0,679.0,0.9084131121635437
319,28,1141.0,148.0,1303.0,614.0,1222.0,381.0,162.0,466.0,0.904787003993988
319,3,1023.0,186.0,1175.0,616.0,1099.0,401.0,152.0,430.0,0.8993961811065674
319,34,1722.0,193.0,1866.0,626.0,1794.0,409.5,144.0,433.0,0.7543002367019653
319,29,0.0,56.0,103.0,757.0,51.5,406.5,103.0,701.0,0.751569926738739
320,2,764.0,74.0,1048.0,752.0,906.0,413.0,284.0,678.0,0.943142294883728
320,1,1383.0,0.0,1709.0,779.0,1546.0,389.5,326.0,779.0,0.9413886666297913
320,20,357.0,0.0,816.0,954.0,586.5,477.0,459.0,954.0,0.9394418597221375
320,30,0.0,0.0,328.0,806.0,164.0,403.0,328.0,806.0,0.9213066101074219
320,7,1262.0,79.0,1506.0,759.0,1384.0,419.0,244.0,680.0,0.9125542640686035
320,9,1612.0,63.0,1862.0,769.0,1737.0,416.0,250.0,706.0,0.9091396331787109
320,3,1022.0,190.0,1173.0,614.0,1097.5,402.0,151.0,424.0,0.9090121984481812
320,22,1820.0,164.0,1920.0,600.0,1870.0,382.0,100.0,436.0,0.9068077206611633
320,28,1142.0,148.0,1303.0,613.0,1222.5,380.5,161.0,465.0,0.9060128331184387
320,34,1724.0,195.0,1865.0,629.0,1794.5,412.0,141.0,434.0,0.7358217835426331
320,29,0.0,63.0,98.0,759.0,49.0,411.0,98.0,696.0,0.7095597982406616
320,35,348.0,0.0,590.0,778.0,469.0,389.0,242.0,778.0,0.41625121235847473
321,2,762.0,74.0,1047.0,755.0,904.5,414.5,285.0,681.0,0.944953978061676
321,1,1383.0,0.0,1708.0,779.0,1545.5,389.5,325.0,779.0,0.9426727890968323
321,20,358.0,0.0,815.0,954.0,586.5,477.0,457.0,954.0,0.9376629590988159
321,30,0.0,0.0,329.0,810.0,164.5,405.0,329.0,810.0,0.9197465181350708
321,7,1263.0,77.0,1507.0,758.0,1385.0,417.5,244.0,681.0,0.9160257577896118
321,3,1019.0,188.0,1170.0,614.0,1094.5,401.0,151.0,426.0,0.9105633497238159
321,9,1613.0,68.0,1858.0,769.0,1735.5,418.5,245.0,701.0,0.910455048084259
321,22,1820.0,164.0,1920.0,601.0,1870.0,382.5,100.0,437.0,0.9101366996765137
321,28,1140.0,147.0,1301.0,613.0,1220.5,380.0,161.0,466.0,0.9056040048599243
321,34,1723.0,187.0,1862.0,630.0,1792.5,408.5,139.0,443.0,0.7427500486373901
321,29,0.0,75.0,93.0,755.0,46.5,415.0,93.0,680.0,0.7250705361366272
321,35,348.0,0.0,585.0,775.0,466.5,387.5,237.0,775.0,0.5128864645957947
322,1,1382.0,0.0,1707.0,779.0,1544.5,389.5,325.0,779.0,0.9435366988182068
322,2,762.0,75.0,1048.0,755.0,905.0,415.0,286.0,680.0,0.9433624744415283
322,20,360.0,0.0,815.0,955.0,587.5,477.5,455.0,955.0,0.9380682706832886
322,7,1263.0,75.0,1508.0,759.0,1385.5,417.0,245.0,684.0,0.9159163236618042
322,30,0.0,0.0,330.0,814.0,165.0,407.0,330.0,814.0,0.9133319854736328
322,3,1015.0,186.0,1168.0,613.0,1091.5,399.5,153.0,427.0,0.9089669585227966
322,9,1611.0,70.0,1856.0,769.0,1733.5,419.5,245.0,699.0,0.9071922898292542
322,22,1821.0,164.0,1920.0,602.0,1870.5,383.0,99.0,438.0,0.9061560034751892
322,28,1140.0,147.0,1300.0,613.0,1220.0,380.0,160.0,466.0,0.9055124521255493
322,34,1722.0,190.0,1860.0,630.0,1791.0,410.0,138.0,440.0,0.7347769737243652
322,29,1.0,82.0,79.0,768.0,40.0,425.0,78.0,686.0,0.716611385345459
322,35,350.0,0.0,586.0,779.0,468.0,389.5,236.0,779.0,0.5516003370285034
323,1,1382.0,0.0,1707.0,779.0,1544.5,389.5,325.0,779.0,0.9436036944389343
323,2,765.0,77.0,1048.0,754.0,906.5,415.5,283.0,677.0,0.9367987513542175
323,20,361.0,0.0,811.0,955.0,586.0,477.5,450.0,955.0,0.9362514019012451
323,30,0.0,0.0,330.0,814.0,165.0,407.0,330.0,814.0,0.9164526462554932
323,7,1265.0,73.0,1511.0,759.0,1388.0,416.0,246.0,686.0,0.9161243438720703
323,3,1015.0,186.0,1167.0,614.0,1091.0,400.0,152.0,428.0,0.9079058170318604
323,9,1608.0,73.0,1856.0,769.0,1732.0,421.0,248.0,696.0,0.9062731266021729
323,28,1135.0,145.0,1300.0,615.0,1217.5,380.0,165.0,470.0,0.9062281250953674
323,22,1822.0,164.0,1920.0,603.0,1871.0,383.5,98.0,439.0,0.89848792552948
323,34,1721.0,180.0,1861.0,631.0,1791.0,405.5,140.0,451.0,0.7568172216415405
323,29,0.0,75.0,83.0,763.0,41.5,419.0,83.0,688.0,0.7206435799598694
323,35,351.0,0.0,591.0,788.0,471.0,394.0,240.0,788.0,0.463641494512558
324,2,761.0,80.0,1046.0,752.0,903.5,416.0,285.0,672.0,0.9476568102836609
324,1,1382.0,0.0,1705.0,781.0,1543.5,390.5,323.0,781.0,0.9420137405395508
324,20,362.0,0.0,809.0,953.0,585.5,476.5,447.0,953.0,0.9338175058364868
324,7,1266.0,72.0,1512.0,758.0,1389.0,415.0,246.0,686.0,0.9165647029876709
324,30,0.0,0.0,329.0,811.0,164.5,405.5,329.0,811.0,0.9128722548484802
324,9,1606.0,71.0,1855.0,770.0,1730.5,420.5,249.0,699.0,0.9081209897994995
324,3,1013.0,185.0,1166.0,614.0,1089.5,399.5,153.0,429.0,0.9057186841964722
324,28,1130.0,143.0,1300.0,615.0,1215.0,379.0,170.0,472.0,0.9047427177429199
324,22,1821.0,161.0,1920.0,600.0,1870.5,380.5,99.0,439.0,0.8888399004936218
324,34,1711.0,155.0,1862.0,627.0,1786.5,391.0,151.0,472.0,0.816048264503479
324,29,0.0,77.0,83.0,762.0,41.5,419.5,83.0,685.0,0.7021149396896362
324,35,352.0,16.0,593.0,809.0,472.5,412.5,241.0,793.0,0.5133388638496399
325,2,760.0,83.0,1046.0,754.0,903.0,418.5,286.0,671.0,0.9482431411743164
325,1,1382.0,0.0,1705.0,781.0,1543.5,390.5,323.0,781.0,0.9416282176971436
325,20,363.0,0.0,807.0,952.0,585.0,476.0,444.0,952.0,0.9280647039413452
325,7,1267.0,71.0,1508.0,758.0,1387.5,414.5,241.0,687.0,0.9165359735488892
325,30,0.0,0.0,330.0,808.0,165.0,404.0,330.0,808.0,0.9124561548233032
325,28,1130.0,141.0,1300.0,616.0,1215.0,378.5,170.0,475.0,0.9025993943214417
325,9,1602.0,69.0,1853.0,770.0,1727.5,419.5,251.0,701.0,0.9018401503562927
325,3,1010.0,184.0,1168.0,614.0,1089.0,399.0,158.0,430.0,0.8941657543182373
325,22,1823.0,160.0,1920.0,602.0,1871.5,381.0,97.0,442.0,0.8816866278648376
325,34,1713.0,157.0,1867.0,626.0,1790.0,391.5,154.0,469.0,0.8408738374710083
325,29,0.0,85.0,86.0,753.0,43.0,419.0,86.0,668.0,0.6950709819793701
325,35,352.0,0.0,596.0,791.0,474.0,395.5,244.0,791.0,0.5301048755645752
326,2,761.0,84.0,1046.0,755.0,903.5,419.5,285.0,671.0,0.9494674205780029
326,1,1381.0,0.0,1705.0,781.0,1543.0,390.5,324.0,781.0,0.9419770836830139
326,7,1268.0,70.0,1505.0,758.0,1386.5,414.0,237.0,688.0,0.9167050123214722
326,20,365.0,0.0,806.0,950.0,585.5,475.0,441.0,950.0,0.915336549282074
326,30,0.0,0.0,331.0,807.0,165.5,403.5,331.0,807.0,0.9146636724472046
326,28,1121.0,138.0,1300.0,615.0,1210.5,376.5,179.0,477.0,0.9086015224456787
326,9,1600.0,67.0,1846.0,771.0,1723.0,419.0,246.0,704.0,0.8976491689682007
326,3,1008.0,185.0,1166.0,607.0,1087.0,396.0,158.0,422.0,0.887612521648407
326,22,1825.0,159.0,1920.0,602.0,1872.5,380.5,95.0,443.0,0.8758381605148315
326,34,1712.0,156.0,1871.0,625.0,1791.5,390.5,159.0,469.0,0.8618608117103577
326,29,0.0,86.0,86.0,752.0,43.0,419.0,86.0,666.0,0.6756914854049683
326,35,346.0,0.0,597.0,808.0,471.5,404.0,251.0,808.0,0.5794308185577393
327,2,761.0,86.0,1046.0,753.0,903.5,419.5,285.0,667.0,0.9481211304664612
327,1,1380.0,0.0,1704.0,780.0,1542.0,390.0,324.0,780.0,0.9387075304985046
327,30,0.0,0.0,329.0,803.0,164.5,401.5,329.0,803.0,0.9239540100097656
327,7,1269.0,69.0,1505.0,757.0,1387.0,413.0,236.0,688.0,0.9139413833618164
327,20,368.0,0.0,805.0,945.0,586.5,472.5,437.0,945.0,0.910886824131012
327,28,1117.0,135.0,1300.0,615.0,1208.5,375.0,183.0,480.0,0.9064913392066956
327,9,1595.0,62.0,1844.0,771.0,1719.5,416.5,249.0,709.0,0.8951619863510132
327,3,1008.0,179.0,1165.0,608.0,1086.5,393.5,157.0,429.0,0.8929804563522339
327,22,1823.0,162.0,1920.0,599.0,1871.5,380.5,97.0,437.0,0.8753854632377625
327,34,1709.0,154.0,1875.0,625.0,1792.0,389.5,166.0,471.0,0.8659203052520752
327,29,0.0,77.0,86.0,752.0,43.0,414.5,86.0,675.0,0.6442726850509644
327,35,348.0,0.0,600.0,813.0,474.0,406.5,252.0,813.0,0.5967017412185669
328,2,761.0,88.0,1046.0,751.0,903.5,419.5,285.0,663.0,0.9503283500671387
328,1,1381.0,0.0,1704.0,781.0,1542.5,390.5,323.0,781.0,0.9357867240905762
328,30,0.0,0.0,330.0,806.0,165.0,403.0,330.0,806.0,0.9306740760803223
328,20,371.0,0.0,803.0,945.0,587.0,472.5,432.0,945.0,0.9172133803367615
328,7,1270.0,69.0,1503.0,758.0,1386.5,413.5,233.0,689.0,0.9106972217559814
328,28,1121.0,134.0,1300.0,615.0,1210.5,374.5,179.0,481.0,0.9085656404495239
328,3,1008.0,177.0,1163.0,608.0,1085.5,392.5,155.0,431.0,0.9081929922103882
328,9,1595.0,58.0,1839.0,772.0,1717.0,415.0,244.0,714.0,0.8934087753295898
328,22,1823.0,161.0,1920.0,597.0,1871.5,379.0,97.0,436.0,0.8770740032196045
328,34,1708.0,153.0,1878.0,626.0,1793.0,389.5,170.0,473.0,0.8738992214202881
328,29,0.0,68.0,82.0,757.0,41.0,412.5,82.0,689.0,0.6100993752479553
328,35,344.0,0.0,602.0,831.0,473.0,415.5,258.0,831.0,0.5851178169250488
329,2,761.0,90.0,1043.0,749.0,902.0,419.5,282.0,659.0,0.9474750757217407
329,1,1381.0,0.0,1703.0,780.0,1542.0,390.0,322.0,780.0,0.9358611106872559
329,30,0.0,0.0,329.0,806.0,164.5,403.0,329.0,806.0,0.9274646043777466
329,20,374.0,0.0,802.0,945.0,588.0,472.5,428.0,945.0,0.9153003692626953
329,28,1118.0,132.0,1298.0,615.0,1208.0,373.5,180.0,483.0,0.9121700525283813
329,7,1270.0,69.0,1502.0,760.0,1386.0,414.5,232.0,691.0,0.9115471243858337
329,3,1008.0,177.0,1161.0,608.0,1084.5,392.5,153.0,431.0,0.907077431678772
329,9,1590.0,47.0,1839.0,773.0,1714.5,410.0,249.0,726.0,0.8993142247200012
329,34,1710.0,152.0,1882.0,625.0,1796.0,388.5,172.0,473.0,0.8732040524482727
329,22,1824.0,160.0,1920.0,597.0,1872.0,378.5,96.0,437.0,0.8714397549629211
329,35,349.0,0.0,600.0,842.0,474.5,421.0,251.0,842.0,0.6171069741249084
329,29,0.0,63.0,81.0,757.0,40.5,410.0,81.0,694.0,0.6002949476242065
330,2,760.0,92.0,1036.0,749.0,898.0,420.5,276.0,657.0,0.9436514973640442
330,1,1381.0,0.0,1703.0,780.0,1542.0,390.0,322.0,780.0,0.9338845014572144
330,20,375.0,0.0,802.0,947.0,588.5,473.5,427.0,947.0,0.9209073185920715
330,30,0.0,0.0,328.0,806.0,164.0,403.0,328.0,806.0,0.9207664132118225
330,28,1117.0,129.0,1300.0,614.0,1208.5,371.5,183.0,485.0,0.9072897434234619
330,3,1008.0,175.0,1160.0,608.0,1084.0,391.5,152.0,433.0,0.9072517156600952
330,7,1272.0,69.0,1500.0,760.0,1386.0,414.5,228.0,691.0,0.9069967865943909
330,9,1591.0,48.0,1837.0,770.0,1714.0,409.0,246.0,722.0,0.8996518850326538
330,34,1712.0,152.0,1883.0,624.0,1797.5,388.0,171.0,472.0,0.8795175552368164
330,22,1825.0,159.0,1920.0,596.0,1872.5,377.5,95.0,437.0,0.8691484332084656
330,35,342.0,0.0,600.0,811.0,471.0,405.5,258.0,811.0,0.7226227521896362
330,29,0.0,53.0,82.0,753.0,41.0,403.0,82.0,700.0,0.592955470085144
331,2,761.0,92.0,1031.0,749.0,896.0,420.5,270.0,657.0,0.9429910182952881
331,1,1381.0,0.0,1703.0,782.0,1542.0,391.0,322.0,782.0,0.9292396306991577
331,20,379.0,0.0,802.0,947.0,590.5,473.5,423.0,947.0,0.9254317879676819
331,3,1008.0,175.0,1159.0,608.0,1083.5,391.5,151.0,433.0,0.9091327786445618
331,30,0.0,0.0,326.0,802.0,163.0,401.0,326.0,802.0,0.9085138440132141
331,7,1272.0,71.0,1498.0,761.0,1385.0,416.0,226.0,690.0,0.9049879312515259
331,28,1113.0,130.0,1301.0,615.0,1207.0,372.5,188.0,485.0,0.9035828709602356
331,9,1588.0,45.0,1835.0,769.0,1711.5,407.0,247.0,724.0,0.9031908512115479
331,34,1712.0,151.0,1885.0,624.0,1798.5,387.5,173.0,473.0,0.8840073943138123
331,22,1825.0,159.0,1920.0,593.0,1872.5,376.0,95.0,434.0,0.8728011846542358
331,35,341.0,0.0,594.0,790.0,467.5,395.0,253.0,790.0,0.7980363368988037
331,29,0.0,55.0,83.0,751.0,41.5,403.0,83.0,696.0,0.5801451802253723
331,33,1379.0,113.0,1552.0,628.0,1465.5,370.5,173.0,515.0,0.3790619373321533
332,2,761.0,92.0,1030.0,748.0,895.5,420.0,269.0,656.0,0.9457787871360779
332,20,381.0,0.0,803.0,947.0,592.0,473.5,422.0,947.0,0.9322169423103333
332,1,1381.0,1.0,1703.0,782.0,1542.0,391.5,322.0,781.0,0.9296486377716064
332,3,1008.0,174.0,1157.0,613.0,1082.5,393.5,149.0,439.0,0.9148893356323242
332,9,1586.0,41.0,1834.0,769.0,1710.0,405.0,248.0,728.0,0.9057584404945374
332,7,1273.0,71.0,1498.0,761.0,1385.5,416.0,225.0,690.0,0.9054802656173706
332,28,1114.0,129.0,1298.0,616.0,1206.0,372.5,184.0,487.0,0.9046143293380737
332,30,0.0,0.0,325.0,798.0,162.5,399.0,325.0,798.0,0.8986842632293701
332,34,1714.0,149.0,1886.0,628.0,1800.0,388.5,172.0,479.0,0.891809344291687
332,22,1825.0,157.0,1920.0,592.0,1872.5,374.5,95.0,435.0,0.875220000743866
332,35,348.0,0.0,611.0,808.0,479.5,404.0,263.0,808.0,0.8404703736305237
332,29,1.0,63.0,67.0,775.0,34.0,419.0,66.0,712.0,0.4501951038837433
332,33,1379.0,114.0,1555.0,625.0,1467.0,369.5,176.0,511.0,0.35069844126701355
333,2,760.0,92.0,1031.0,747.0,895.5,419.5,271.0,655.0,0.9461416602134705
333,20,383.0,0.0,804.0,945.0,593.5,472.5,421.0,945.0,0.9341098666191101
333,1,1380.0,2.0,1708.0,784.0,1544.0,393.0,328.0,782.0,0.9291213154792786
333,3,1007.0,174.0,1158.0,614.0,1082.5,394.0,151.0,440.0,0.9134336113929749
333,9,1584.0,37.0,1834.0,769.0,1709.0,403.0,250.0,732.0,0.9082617163658142
333,7,1274.0,71.0,1498.0,761.0,1386.0,416.0,224.0,690.0,0.9066776633262634
333,28,1114.0,128.0,1296.0,616.0,1205.0,372.0,182.0,488.0,0.9041480422019958
333,34,1722.0,146.0,1891.0,626.0,1806.5,386.0,169.0,480.0,0.8907889127731323
333,30,0.0,0.0,321.0,831.0,160.5,415.5,321.0,831.0,0.887222409248352
333,22,1825.0,158.0,1920.0,591.0,1872.5,374.5,95.0,433.0,0.8741446733474731
333,35,341.0,0.0,614.0,821.0,477.5,410.5,273.0,821.0,0.8575366139411926
333,33,1379.0,115.0,1555.0,619.0,1467.0,367.0,176.0,504.0,0.40714091062545776
334,2,760.0,92.0,1030.0,747.0,895.0,419.5,270.0,655.0,0.944636344909668
334,20,385.0,0.0,807.0,945.0,596.0,472.5,422.0,945.0,0.935553789138794
334,1,1382.0,3.0,1709.0,785.0,1545.5,394.0,327.0,782.0,0.9291238188743591
334,9,1585.0,35.0,1834.0,772.0,1709.5,403.5,249.0,737.0,0.909297525882721
334,7,1276.0,72.0,1499.0,761.0,1387.5,416.5,223.0,689.0,0.9088999629020691
334,3,1006.0,176.0,1159.0,611.0,1082.5,393.5,153.0,435.0,0.9076429605484009
334,30,0.0,0.0,321.0,833.0,160.5,416.5,321.0,833.0,0.9036655426025391
334,28,1112.0,127.0,1296.0,617.0,1204.0,372.0,184.0,490.0,0.9026204347610474
334,34,1725.0,146.0,1894.0,620.0,1809.5,383.0,169.0,474.0,0.878104031085968
334,22,1824.0,159.0,1920.0,592.0,1872.0,375.5,96.0,433.0,0.8720211982727051
334,35,337.0,0.0,616.0,826.0,476.5,413.0,279.0,826.0,0.8592103123664856
334,33,1381.0,118.0,1556.0,620.0,1468.5,369.0,175.0,502.0,0.44588810205459595
335,20,385.0,0.0,809.0,943.0,597.0,471.5,424.0,943.0,0.9368700981140137
335,2,764.0,89.0,1031.0,748.0,897.5,418.5,267.0,659.0,0.935001790523529
335,1,1383.0,3.0,1710.0,785.0,1546.5,394.0,327.0,782.0,0.9300140142440796
335,3,1004.0,176.0,1157.0,609.0,1080.5,392.5,153.0,433.0,0.9118280410766602
335,9,1581.0,33.0,1834.0,770.0,1707.5,401.5,253.0,737.0,0.9100295305252075
335,28,1111.0,125.0,1295.0,614.0,1203.0,369.5,184.0,489.0,0.9090419411659241
335,30,0.0,0.0,319.0,832.0,159.5,416.0,319.0,832.0,0.9065604209899902
335,7,1277.0,75.0,1498.0,762.0,1387.5,418.5,221.0,687.0,0.905888020992279
335,34,1725.0,145.0,1898.0,620.0,1811.5,382.5,173.0,475.0,0.8813010454177856
335,22,1824.0,159.0,1920.0,593.0,1872.0,376.0,96.0,434.0,0.8692538142204285
335,35,334.0,0.0,612.0,832.0,473.0,416.0,278.0,832.0,0.8614262342453003
335,33,1382.0,121.0,1554.0,620.0,1468.0,370.5,172.0,499.0,0.44830945134162903
336,20,385.0,0.0,815.0,943.0,600.0,471.5,430.0,943.0,0.937806248664856
336,2,770.0,89.0,1030.0,750.0,900.0,419.5,260.0,661.0,0.9289326071739197
336,1,1384.0,4.0,1710.0,787.0,1547.0,395.5,326.0,783.0,0.9284666180610657
336,28,1110.0,125.0,1295.0,614.0,1202.5,369.5,185.0,489.0,0.9093669652938843
336,9,1580.0,28.0,1835.0,773.0,1707.5,400.5,255.0,745.0,0.9091343283653259
336,3,1004.0,178.0,1156.0,609.0,1080.0,393.5,152.0,431.0,0.9079200625419617
336,30,0.0,0.0,320.0,830.0,160.0,415.0,320.0,830.0,0.9056810140609741
336,7,1278.0,78.0,1499.0,762.0,1388.5,420.0,221.0,684.0,0.9050276875495911
336,34,1727.0,144.0,1900.0,618.0,1813.5,381.0,173.0,474.0,0.8720254898071289
336,35,331.0,0.0,611.0,835.0,471.0,417.5,280.0,835.0,0.8676064610481262
336,22,1824.0,158.0,1920.0,594.0,1872.0,376.0,96.0,436.0,0.863831639289856
336,33,1383.0,122.0,1555.0,617.0,1469.0,369.5,172.0,495.0,0.48229971528053284
337,20,386.0,0.0,822.0,940.0,604.0,470.0,436.0,940.0,0.9388872981071472
337,1,1385.0,4.0,1711.0,788.0,1548.0,396.0,326.0,784.0,0.9283188581466675
337,2,775.0,78.0,1027.0,751.0,901.0,414.5,252.0,673.0,0.9179905652999878
337,9,1577.0,24.0,1836.0,773.0,1706.5,398.5,259.0,749.0,0.9099653959274292
337,28,1107.0,126.0,1295.0,614.0,1201.0,370.0,188.0,488.0,0.906397819519043
337,3,1003.0,178.0,1156.0,607.0,1079.5,392.5,153.0,429.0,0.9039996266365051
337,7,1278.0,80.0,1500.0,763.0,1389.0,421.5,222.0,683.0,0.903026282787323
337,30,0.0,0.0,319.0,829.0,159.5,414.5,319.0,829.0,0.9022620916366577
337,35,329.0,0.0,614.0,841.0,471.5,420.5,285.0,841.0,0.8741798996925354
337,34,1727.0,144.0,1901.0,620.0,1814.0,382.0,174.0,476.0,0.8730252385139465
337,22,1825.0,158.0,1920.0,595.0,1872.5,376.5,95.0,437.0,0.8606802821159363
337,33,1383.0,124.0,1553.0,621.0,1468.0,372.5,170.0,497.0,0.47904345393180847
338,20,389.0,0.0,827.0,939.0,608.0,469.5,438.0,939.0,0.9389411211013794
338,1,1386.0,2.0,1712.0,788.0,1549.0,395.0,326.0,786.0,0.9291043877601624
338,2,773.0,80.0,1027.0,749.0,900.0,414.5,254.0,669.0,0.92201167345047
338,9,1577.0,22.0,1837.0,773.0,1707.0,397.5,260.0,751.0,0.9093939661979675
338,30,0.0,0.0,318.0,829.0,159.0,414.5,318.0,829.0,0.906413197517395
338,28,1106.0,126.0,1295.0,614.0,1200.5,370.0,189.0,488.0,0.9062871336936951
338,3,1003.0,179.0,1154.0,606.0,1078.5,392.5,151.0,427.0,0.9039414525032043
338,7,1279.0,81.0,1500.0,762.0,1389.5,421.5,221.0,681.0,0.9037023782730103
338,35,325.0,0.0,616.0,851.0,470.5,425.5,291.0,851.0,0.8813311457633972
338,34,1727.0,144.0,1902.0,620.0,1814.5,382.0,175.0,476.0,0.8707360029220581
338,22,1826.0,158.0,1920.0,596.0,1873.0,377.0,94.0,438.0,0.8547614216804504
338,33,1385.0,125.0,1551.0,622.0,1468.0,373.5,166.0,497.0,0.4620281457901001
339,20,390.0,0.0,829.0,942.0,609.5,471.0,439.0,942.0,0.9407491087913513
339,1,1383.0,0.0,1715.0,806.0,1549.0,403.0,332.0,806.0,0.9347326159477234
339,2,775.0,79.0,1026.0,749.0,900.5,414.0,251.0,670.0,0.9229503273963928
339,9,1575.0,21.0,1838.0,774.0,1706.5,397.5,263.0,753.0,0.9111837148666382
339,28,1105.0,127.0,1296.0,613.0,1200.5,370.0,191.0,486.0,0.9090380072593689
339,7,1280.0,83.0,1500.0,762.0,1390.0,422.5,220.0,679.0,0.9047039151191711
339,3,1003.0,183.0,1152.0,605.0,1077.5,394.0,149.0,422.0,0.9042628407478333
339,30,0.0,0.0,316.0,830.0,158.0,415.0,316.0,830.0,0.901578426361084
339,35,322.0,0.0,617.0,852.0,469.5,426.0,295.0,852.0,0.8842276334762573
339,34,1729.0,145.0,1903.0,619.0,1816.0,382.0,174.0,474.0,0.8704816102981567
339,22,1827.0,159.0,1920.0,596.0,1873.5,377.5,93.0,437.0,0.8594220280647278
339,33,1387.0,127.0,1548.0,624.0,1467.5,375.5,161.0,497.0,0.49165967106819153
340,20,391.0,0.0,832.0,942.0,611.5,471.0,441.0,942.0,0.9416959285736084
340,1,1384.0,0.0,1716.0,809.0,1550.0,404.5,332.0,809.0,0.9347448945045471
340,2,771.0,78.0,1025.0,749.0,898.0,413.5,254.0,671.0,0.9277074933052063
340,28,1103.0,129.0,1295.0,613.0,1199.0,371.0,192.0,484.0,0.9138147234916687
340,9,1575.0,21.0,1840.0,774.0,1707.5,397.5,265.0,753.0,0.9102504253387451
340,3,1003.0,185.0,1151.0,610.0,1077.0,397.5,148.0,425.0,0.907854437828064
340,7,1279.0,84.0,1500.0,765.0,1389.5,424.5,221.0,681.0,0.9048764109611511
340,30,0.0,0.0,312.0,830.0,156.0,415.0,312.0,830.0,0.9045023918151855
340,35,317.0,0.0,613.0,852.0,465.0,426.0,296.0,852.0,0.8864743709564209
340,34,1732.0,147.0,1905.0,618.0,1818.5,382.5,173.0,471.0,0.8706543445587158
340,22,1828.0,160.0,1920.0,596.0,1874.0,378.0,92.0,436.0,0.8588907122612
340,33,1389.0,125.0,1552.0,621.0,1470.5,373.0,163.0,496.0,0.5450678467750549
341,20,389.0,0.0,834.0,938.0,611.5,469.0,445.0,938.0,0.9434199929237366
341,1,1387.0,0.0,1717.0,809.0,1552.0,404.5,330.0,809.0,0.9338306784629822
341,2,774.0,77.0,1025.0,748.0,899.5,412.5,251.0,671.0,0.9291324615478516
341,9,1576.0,22.0,1841.0,774.0,1708.5,398.0,265.0,752.0,0.9114373326301575
341,3,1004.0,187.0,1151.0,610.0,1077.5,398.5,147.0,423.0,0.9104025959968567
341,28,1109.0,132.0,1295.0,614.0,1202.0,373.0,186.0,482.0,0.9073816537857056
341,7,1280.0,85.0,1499.0,765.0,1389.5,425.0,219.0,680.0,0.9041005373001099
341,30,0.0,0.0,308.0,831.0,154.0,415.5,308.0,831.0,0.9035685062408447
341,35,315.0,0.0,611.0,851.0,463.0,425.5,296.0,851.0,0.8888211846351624
341,34,1736.0,148.0,1908.0,617.0,1822.0,382.5,172.0,469.0,0.8765089511871338
341,22,1828.0,160.0,1920.0,595.0,1874.0,377.5,92.0,435.0,0.8564832210540771
341,33,1390.0,123.0,1553.0,623.0,1471.5,373.0,163.0,500.0,0.5658684372901917
342,20,393.0,0.0,835.0,938.0,614.0,469.0,442.0,938.0,0.9451276659965515
342,1,1389.0,0.0,1717.0,810.0,1553.0,405.0,328.0,810.0,0.9363065361976624
342,2,773.0,76.0,1023.0,748.0,898.0,412.0,250.0,672.0,0.9284959435462952
342,3,1004.0,186.0,1151.0,611.0,1077.5,398.5,147.0,425.0,0.9101647138595581
342,9,1573.0,22.0,1839.0,772.0,1706.0,397.0,266.0,750.0,0.9100467562675476
342,28,1110.0,134.0,1295.0,614.0,1202.5,374.0,185.0,480.0,0.9076516628265381
342,7,1280.0,85.0,1500.0,765.0,1390.0,425.0,220.0,680.0,0.9057865738868713
342,30,0.0,0.0,304.0,830.0,152.0,415.0,304.0,830.0,0.9044134616851807
342,35,313.0,0.0,608.0,850.0,460.5,425.0,295.0,850.0,0.8893225789070129
342,34,1735.0,150.0,1910.0,618.0,1822.5,384.0,175.0,468.0,0.8811903595924377
342,22,1828.0,161.0,1920.0,596.0,1874.0,378.5,92.0,435.0,0.8536432385444641
342,33,1391.0,123.0,1555.0,623.0,1473.0,373.0,164.0,500.0,0.5061403512954712
343,20,394.0,0.0,836.0,937.0,615.0,468.5,442.0,937.0,0.9443635940551758
343,1,1389.0,0.0,1719.0,810.0,1554.0,405.0,330.0,810.0,0.9394777417182922
343,2,779.0,78.0,1021.0,747.0,900.0,412.5,242.0,669.0,0.9304583072662354
343,9,1570.0,21.0,1839.0,776.0,1704.5,398.5,269.0,755.0,0.9149461388587952
343,7,1279.0,85.0,1501.0,765.0,1390.0,425.0,222.0,680.0,0.9089770317077637
343,3,1003.0,186.0,1152.0,614.0,1077.5,400.0,149.0,428.0,0.908703088760376
343,28,1105.0,138.0,1293.0,613.0,1199.0,375.5,188.0,475.0,0.9063169360160828
343,30,0.0,0.0,304.0,831.0,152.0,415.5,304.0,831.0,0.9019469618797302
343,35,310.0,0.0,610.0,851.0,460.0,425.5,300.0,851.0,0.8863820433616638
343,34,1733.0,151.0,1912.0,617.0,1822.5,384.0,179.0,466.0,0.8850666284561157
343,22,1828.0,162.0,1920.0,595.0,1874.0,378.5,92.0,433.0,0.8539857864379883
343,33,1389.0,118.0,1557.0,627.0,1473.0,372.5,168.0,509.0,0.3066859245300293
344,20,394.0,0.0,837.0,937.0,615.5,468.5,443.0,937.0,0.9438700079917908
344,1,1390.0,0.0,1720.0,808.0,1555.0,404.0,330.0,808.0,0.9375349283218384
344,2,780.0,79.0,1018.0,747.0,899.0,413.0,238.0,668.0,0.9328939318656921
344,9,1567.0,27.0,1838.0,775.0,1702.5,401.0,271.0,748.0,0.918989896774292
344,7,1279.0,83.0,1501.0,767.0,1390.0,425.0,222.0,684.0,0.9083738327026367
344,3,1002.0,186.0,1154.0,614.0,1078.0,400.0,152.0,428.0,0.9075158834457397
344,28,1107.0,139.0,1293.0,614.0,1200.0,376.5,186.0,475.0,0.9049581289291382
344,30,0.0,0.0,299.0,831.0,149.5,415.5,299.0,831.0,0.8871408104896545
344,35,306.0,0.0,607.0,852.0,456.5,426.0,301.0,852.0,0.8859021663665771
344,34,1735.0,154.0,1913.0,616.0,1824.0,385.0,178.0,462.0,0.8708636164665222
344,22,1828.0,163.0,1920.0,593.0,1874.0,378.0,92.0,430.0,0.8505538702011108
345,20,395.0,0.0,838.0,938.0,616.5,469.0,443.0,938.0,0.9431084990501404
345,1,1391.0,0.0,1719.0,813.0,1555.0,406.5,328.0,813.0,0.943038284778595
345,2,780.0,80.0,1016.0,747.0,898.0,413.5,236.0,667.0,0.9338468909263611
345,9,1565.0,29.0,1838.0,773.0,1701.5,401.0,273.0,744.0,0.9164587259292603
345,7,1279.0,81.0,1505.0,767.0,1392.0,424.0,226.0,686.0,0.9124607443809509
345,3,1002.0,185.0,1155.0,614.0,1078.5,399.5,153.0,429.0,0.9068909883499146
345,28,1104.0,139.0,1294.0,615.0,1199.0,377.0,190.0,476.0,0.9052403569221497
345,30,0.0,0.0,298.0,831.0,149.0,415.5,298.0,831.0,0.89323490858078
345,35,302.0,0.0,602.0,850.0,452.0,425.0,300.0,850.0,0.8680486083030701
345,34,1735.0,156.0,1914.0,615.0,1824.5,385.5,179.0,459.0,0.8619217276573181
345,22,1827.0,164.0,1920.0,592.0,1873.5,378.0,93.0,428.0,0.8443533182144165
346,20,396.0,0.0,840.0,938.0,618.0,469.0,444.0,938.0,0.9441536068916321
346,1,1391.0,0.0,1720.0,816.0,1555.5,408.0,329.0,816.0,0.9431410431861877
346,2,778.0,81.0,1013.0,747.0,895.5,414.0,235.0,666.0,0.9326086640357971
346,9,1567.0,29.0,1837.0,773.0,1702.0,401.0,270.0,744.0,0.9144720435142517
346,7,1279.0,78.0,1508.0,766.0,1393.5,422.0,229.0,688.0,0.9116495847702026
346,3,1005.0,184.0,1154.0,614.0,1079.5,399.0,149.0,430.0,0.9072375297546387
346,28,1115.0,139.0,1294.0,611.0,1204.5,375.0,179.0,472.0,0.9036598801612854
346,30,0.0,0.0,295.0,832.0,147.5,416.0,295.0,832.0,0.8915051221847534
346,35,299.0,0.0,605.0,851.0,452.0,425.5,306.0,851.0,0.8815032839775085
346,34,1733.0,157.0,1916.0,612.0,1824.5,384.5,183.0,455.0,0.860280454158783
346,22,1827.0,163.0,1920.0,592.0,1873.5,377.5,93.0,429.0,0.8314500451087952
347,20,398.0,0.0,841.0,936.0,619.5,468.0,443.0,936.0,0.9442216157913208
347,1,1391.0,0.0,1721.0,815.0,1556.0,407.5,330.0,815.0,0.9437515139579773
347,2,780.0,82.0,1013.0,746.0,896.5,414.0,233.0,664.0,0.9339815974235535
347,7,1278.0,76.0,1508.0,766.0,1393.0,421.0,230.0,690.0,0.9128725528717041
347,9,1566.0,29.0,1836.0,776.0,1701.0,402.5,270.0,747.0,0.9111731648445129
347,3,1005.0,182.0,1155.0,615.0,1080.0,398.5,150.0,433.0,0.9093295931816101
347,28,1113.0,139.0,1295.0,611.0,1204.0,375.0,182.0,472.0,0.9034309387207031
347,30,0.0,0.0,294.0,832.0,147.0,416.0,294.0,832.0,0.8979244828224182
347,35,297.0,0.0,603.0,851.0,450.0,425.5,306.0,851.0,0.8786371350288391
347,34,1732.0,158.0,1918.0,610.0,1825.0,384.0,186.0,452.0,0.8579534292221069
347,22,1832.0,165.0,1920.0,589.0,1876.0,377.0,88.0,424.0,0.399355947971344
348,20,401.0,0.0,840.0,936.0,620.5,468.0,439.0,936.0,0.9463155269622803
348,1,1391.0,0.0,1721.0,816.0,1556.0,408.0,330.0,816.0,0.9430185556411743
348,2,779.0,84.0,1013.0,745.0,896.0,414.5,234.0,661.0,0.9350110292434692
348,3,1006.0,181.0,1157.0,616.0,1081.5,398.5,151.0,435.0,0.9147294759750366
348,7,1277.0,73.0,1509.0,765.0,1393.0,419.0,232.0,692.0,0.9113732576370239
348,28,1123.0,138.0,1295.0,612.0,1209.0,375.0,172.0,474.0,0.9088442921638489
348,9,1568.0,31.0,1835.0,775.0,1701.5,403.0,267.0,744.0,0.9075254201889038
348,35,295.0,0.0,605.0,852.0,450.0,426.0,310.0,852.0,0.8925955295562744
348,30,0.0,0.0,291.0,832.0,145.5,416.0,291.0,832.0,0.8860152363777161
348,34,1731.0,160.0,1918.0,610.0,1824.5,385.0,187.0,450.0,0.8367904424667358
348,22,1832.0,165.0,1920.0,592.0,1876.0,378.5,88.0,427.0,0.4437369406223297
349,20,406.0,0.0,839.0,935.0,622.5,467.5,433.0,935.0,0.9476435780525208
349,1,1391.0,0.0,1721.0,814.0,1556.0,407.0,330.0,814.0,0.9449964165687561
349,2,779.0,86.0,1011.0,743.0,895.0,414.5,232.0,657.0,0.9360615015029907
349,3,1006.0,180.0,1157.0,616.0,1081.5,398.0,151.0,436.0,0.9192848801612854
349,7,1275.0,72.0,1507.0,764.0,1391.0,418.0,232.0,692.0,0.9127817749977112
349,9,1568.0,30.0,1834.0,778.0,1701.0,404.0,266.0,748.0,0.9044037461280823
349,35,292.0,0.0,604.0,851.0,448.0,425.5,312.0,851.0,0.903376579284668
349,28,1121.0,137.0,1298.0,615.0,1209.5,376.0,177.0,478.0,0.9031062722206116
349,30,1.0,0.0,291.0,832.0,146.0,416.0,290.0,832.0,0.8859992027282715
349,34,1731.0,161.0,1919.0,611.0,1825.0,386.0,188.0,450.0,0.839691162109375
349,22,1833.0,164.0,1920.0,592.0,1876.5,378.0,87.0,428.0,0.4298997223377228
349,29,0.0,0.0,63.0,771.0,31.5,385.5,63.0,771.0,0.3344848155975342
350,20,409.0,0.0,839.0,937.0,624.0,468.5,430.0,937.0,0.9487443566322327
350,1,1391.0,0.0,1721.0,815.0,1556.0,407.5,330.0,815.0,0.9469944834709167
350,2,781.0,88.0,1010.0,745.0,895.5,416.5,229.0,657.0,0.9357953071594238
350,3,1006.0,180.0,1159.0,615.0,1082.5,397.5,153.0,435.0,0.9241129159927368
350,7,1275.0,71.0,1507.0,765.0,1391.0,418.0,232.0,694.0,0.9161231517791748
350,35,290.0,0.0,604.0,851.0,447.0,425.5,314.0,851.0,0.9102916121482849
350,28,1126.0,136.0,1301.0,614.0,1213.5,375.0,175.0,478.0,0.9077587723731995
350,9,1565.0,40.0,1833.0,770.0,1699.0,405.0,268.0,730.0,0.9045895338058472
350,30,2.0,0.0,291.0,833.0,146.5,416.5,289.0,833.0,0.8746967911720276
350,22,1824.0,164.0,1920.0,592.0,1872.0,378.0,96.0,428.0,0.8259232044219971
350,34,1718.0,158.0,1920.0,621.0,1819.0,389.5,202.0,463.0,0.49614983797073364
350,29,0.0,0.0,88.0,766.0,44.0,383.0,88.0,766.0,0.365700900554657
351,20,412.0,0.0,840.0,939.0,626.0,469.5,428.0,939.0,0.9494591951370239
351,1,1392.0,0.0,1721.0,818.0,1556.5,409.0,329.0,818.0,0.9463565349578857
351,2,781.0,90.0,1011.0,747.0,896.0,418.5,230.0,657.0,0.9342985153198242
351,3,1006.0,177.0,1159.0,615.0,1082.5,396.0,153.0,438.0,0.9269906878471375
351,7,1274.0,67.0,1507.0,765.0,1390.5,416.0,233.0,698.0,0.9168395400047302
351,35,288.0,0.0,606.0,851.0,447.0,425.5,318.0,851.0,0.91371750831604
351,9,1569.0,44.0,1832.0,770.0,1700.5,407.0,263.0,726.0,0.9101340770721436
351,28,1125.0,135.0,1306.0,615.0,1215.5,375.0,181.0,480.0,0.9084872603416443
351,30,2.0,0.0,288.0,833.0,145.0,416.5,286.0,833.0,0.8619404435157776
351,34,1743.0,161.0,1919.0,611.0,1831.0,386.0,176.0,450.0,0.8295373916625977
351,29,0.0,0.0,87.0,762.0,43.5,381.0,87.0,762.0,0.4409549832344055
352,20,414.0,0.0,840.0,940.0,627.0,470.0,426.0,940.0,0.9482154846191406
352,1,1391.0,0.0,1721.0,818.0,1556.0,409.0,330.0,818.0,0.9452831149101257
352,2,781.0,91.0,1011.0,749.0,896.0,420.0,230.0,658.0,0.9316967725753784
352,3,1006.0,176.0,1160.0,616.0,1083.0,396.0,154.0,440.0,0.9262706637382507
352,35,285.0,0.0,608.0,852.0,446.5,426.0,323.0,852.0,0.918070375919342
352,7,1274.0,63.0,1506.0,764.0,1390.0,413.5,232.0,701.0,0.9166930913925171
352,9,1571.0,45.0,1831.0,772.0,1701.0,408.5,260.0,727.0,0.911464512348175
352,28,1123.0,134.0,1308.0,614.0,1215.5,374.0,185.0,480.0,0.9085232615470886
352,30,2.0,0.0,290.0,832.0,146.0,416.0,288.0,832.0,0.8746979832649231
352,34,1756.0,156.0,1920.0,618.0,1838.0,387.0,164.0,462.0,0.8590694665908813
352,36,1159.0,106.0,1414.0,669.0,1286.5,387.5,255.0,563.0,0.42999523878097534
352,29,1.0,0.0,93.0,762.0,47.0,381.0,92.0,762.0,0.41990092396736145
353,20,418.0,0.0,841.0,939.0,629.5,469.5,423.0,939.0,0.9487623572349548
353,1,1390.0,0.0,1722.0,818.0,1556.0,409.0,332.0,818.0,0.9408313632011414
353,2,781.0,91.0,1011.0,748.0,896.0,419.5,230.0,657.0,0.9303183555603027
353,3,1006.0,174.0,1160.0,614.0,1083.0,394.0,154.0,440.0,0.9278002381324768
353,35,282.0,0.0,609.0,851.0,445.5,425.5,327.0,851.0,0.9192411303520203
353,7,1274.0,61.0,1508.0,765.0,1391.0,413.0,234.0,704.0,0.916643500328064
353,9,1573.0,46.0,1832.0,772.0,1702.5,409.0,259.0,726.0,0.9115775227546692
353,28,1121.0,135.0,1309.0,614.0,1215.0,374.5,188.0,479.0,0.9096161127090454
353,30,2.0,0.0,289.0,832.0,145.5,416.0,287.0,832.0,0.8848365545272827
353,34,1757.0,154.0,1920.0,617.0,1838.5,385.5,163.0,463.0,0.8687718510627747
353,29,0.0,0.0,99.0,700.0,49.5,350.0,99.0,700.0,0.5625638365745544
354,20,421.0,0.0,845.0,937.0,633.0,468.5,424.0,937.0,0.9493792653083801
354,1,1389.0,0.0,1723.0,812.0,1556.0,406.0,334.0,812.0,0.9413353204727173
354,2,779.0,91.0,1012.0,747.0,895.5,419.0,233.0,656.0,0.9312005639076233
354,3,1006.0,175.0,1160.0,617.0,1083.0,396.0,154.0,442.0,0.9281637072563171
354,35,279.0,0.0,614.0,849.0,446.5,424.5,335.0,849.0,0.9206662178039551
354,7,1274.0,57.0,1509.0,765.0,1391.5,411.0,235.0,708.0,0.9141895771026611
354,28,1122.0,130.0,1310.0,615.0,1216.0,372.5,188.0,485.0,0.9105936288833618
354,9,1574.0,44.0,1830.0,771.0,1702.0,407.5,256.0,727.0,0.9068315625190735
354,30,2.0,0.0,287.0,833.0,144.5,416.5,285.0,833.0,0.882522702217102
354,34,1759.0,153.0,1920.0,617.0,1839.5,385.0,161.0,464.0,0.8754244446754456
354,29,0.0,0.0,100.0,707.0,50.0,353.5,100.0,707.0,0.5143296122550964
355,20,425.0,0.0,849.0,937.0,637.0,468.5,424.0,937.0,0.9490088820457458
355,1,1389.0,0.0,1723.0,811.0,1556.0,405.5,334.0,811.0,0.9404969215393066
355,2,777.0,92.0,1013.0,747.0,895.0,419.5,236.0,655.0,0.9303671717643738
355,3,1006.0,174.0,1158.0,618.0,1082.0,396.0,152.0,444.0,0.9272106289863586
355,35,276.0,0.0,611.0,846.0,443.5,423.0,335.0,846.0,0.9228700399398804
355,28,1123.0,130.0,1313.0,618.0,1218.0,374.0,190.0,488.0,0.9107726216316223
355,7,1273.0,54.0,1512.0,765.0,1392.5,409.5,239.0,711.0,0.9094039797782898
355,9,1575.0,45.0,1831.0,771.0,1703.0,408.0,256.0,726.0,0.9041695594787598
355,30,1.0,0.0,289.0,832.0,145.0,416.0,288.0,832.0,0.8916782736778259
355,34,1758.0,150.0,1920.0,618.0,1839.0,384.0,162.0,468.0,0.8837603330612183
355,29,0.0,0.0,107.0,700.0,53.5,350.0,107.0,700.0,0.5452588200569153
356,20,428.0,0.0,851.0,935.0,639.5,467.5,423.0,935.0,0.9486665725708008
356,1,1389.0,0.0,1723.0,816.0,1556.0,408.0,334.0,816.0,0.9391451478004456
356,2,775.0,92.0,1015.0,746.0,895.0,419.0,240.0,654.0,0.9306541085243225
356,3,1005.0,175.0,1158.0,617.0,1081.5,396.0,153.0,442.0,0.9283063411712646
356,35,275.0,0.0,609.0,846.0,442.0,423.0,334.0,846.0,0.9217797517776489
356,28,1123.0,128.0,1313.0,618.0,1218.0,373.0,190.0,490.0,0.9130553603172302
356,7,1272.0,52.0,1509.0,768.0,1390.5,410.0,237.0,716.0,0.9123706817626953
356,9,1573.0,44.0,1831.0,771.0,1702.0,407.5,258.0,727.0,0.9017387628555298
356,30,1.0,0.0,286.0,831.0,143.5,415.5,285.0,831.0,0.8886586427688599
356,34,1760.0,148.0,1920.0,618.0,1840.0,383.0,160.0,470.0,0.886757493019104
356,29,0.0,0.0,105.0,698.0,52.5,349.0,105.0,698.0,0.4849512577056885
357,20,431.0,0.0,853.0,934.0,642.0,467.0,422.0,934.0,0.9473979473114014
357,1,1388.0,0.0,1724.0,806.0,1556.0,403.0,336.0,806.0,0.9399228096008301
357,2,779.0,92.0,1015.0,746.0,897.0,419.0,236.0,654.0,0.9335110783576965
357,3,1006.0,176.0,1158.0,617.0,1082.0,396.5,152.0,441.0,0.9261473417282104
357,35,273.0,0.0,608.0,849.0,440.5,424.5,335.0,849.0,0.9224631190299988
357,28,1123.0,125.0,1313.0,618.0,1218.0,371.5,190.0,493.0,0.9146295189857483
357,7,1272.0,53.0,1511.0,768.0,1391.5,410.5,239.0,715.0,0.9121932983398438
357,9,1575.0,42.0,1830.0,770.0,1702.5,406.0,255.0,728.0,0.8936479687690735
357,34,1760.0,146.0,1920.0,618.0,1840.0,382.0,160.0,472.0,0.885042667388916
357,30,1.0,0.0,282.0,830.0,141.5,415.0,281.0,830.0,0.8666436076164246
357,29,0.0,0.0,105.0,694.0,52.5,347.0,105.0,694.0,0.5321715474128723
358,20,433.0,0.0,857.0,931.0,645.0,465.5,424.0,931.0,0.9435400366783142
358,1,1386.0,0.0,1724.0,807.0,1555.0,403.5,338.0,807.0,0.9434443116188049
358,2,784.0,92.0,1016.0,744.0,900.0,418.0,232.0,652.0,0.9368120431900024
358,3,1005.0,176.0,1157.0,616.0,1081.0,396.0,152.0,440.0,0.9272480607032776
358,35,272.0,0.0,612.0,853.0,442.0,426.5,340.0,853.0,0.9193836450576782
358,28,1123.0,123.0,1312.0,618.0,1217.5,370.5,189.0,495.0,0.9181076288223267
358,7,1276.0,56.0,1514.0,774.0,1395.0,415.0,238.0,718.0,0.9145013689994812
358,9,1581.0,39.0,1827.0,778.0,1704.0,408.5,246.0,739.0,0.8919791579246521
358,34,1762.0,144.0,1920.0,619.0,1841.0,381.5,158.0,475.0,0.8884043097496033
358,30,2.0,0.0,280.0,831.0,141.0,415.5,278.0,831.0,0.845004141330719
358,29,0.0,0.0,107.0,687.0,53.5,343.5,107.0,687.0,0.657281756401062
359,1,1385.0,0.0,1724.0,809.0,1554.5,404.5,339.0,809.0,0.944616973400116
359,20,435.0,0.0,865.0,930.0,650.0,465.0,430.0,930.0,0.9430192708969116
359,2,784.0,92.0,1017.0,743.0,900.5,417.5,233.0,651.0,0.9371863603591919
359,3,1006.0,178.0,1157.0,616.0,1081.5,397.0,151.0,438.0,0.9273191690444946
359,35,272.0,0.0,607.0,853.0,439.5,426.5,335.0,853.0,0.923166036605835
359,7,1277.0,56.0,1517.0,775.0,1397.0,415.5,240.0,719.0,0.9212806224822998
359,28,1123.0,122.0,1311.0,618.0,1217.0,370.0,188.0,496.0,0.9192870259284973
359,34,1764.0,145.0,1920.0,617.0,1842.0,381.0,156.0,472.0,0.9000031352043152
359,9,1581.0,36.0,1826.0,777.0,1703.5,406.5,245.0,741.0,0.889472484588623
359,30,18.0,0.0,299.0,790.0,158.5,395.0,281.0,790.0,0.8489797115325928
359,29,0.0,0.0,107.0,681.0,53.5,340.5,107.0,681.0,0.6466469764709473
360,1,1383.0,0.0,1723.0,809.0,1553.0,404.5,340.0,809.0,0.9421541094779968
360,20,437.0,0.0,871.0,930.0,654.0,465.0,434.0,930.0,0.9403659105300903
360,2,785.0,90.0,1019.0,742.0,902.0,416.0,234.0,652.0,0.9377434253692627
360,3,1005.0,178.0,1157.0,616.0,1081.0,397.0,152.0,438.0,0.9258958101272583
360,7,1277.0,56.0,1522.0,777.0,1399.5,416.5,245.0,721.0,0.9243867993354797
360,35,273.0,0.0,604.0,853.0,438.5,426.5,331.0,853.0,0.9209555983543396
360,28,1122.0,121.0,1311.0,618.0,1216.5,369.5,189.0,497.0,0.9182616472244263
360,34,1766.0,147.0,1920.0,617.0,1843.0,382.0,154.0,470.0,0.9151014089584351
360,9,1581.0,33.0,1826.0,776.0,1703.5,404.5,245.0,743.0,0.8877745270729065
360,30,26.0,0.0,300.0,777.0,163.0,388.5,274.0,777.0,0.8412760496139526
360,29,0.0,0.0,105.0,672.0,52.5,336.0,105.0,672.0,0.6308532357215881
361,1,1383.0,0.0,1722.0,807.0,1552.5,403.5,339.0,807.0,0.9391276240348816
361,2,786.0,89.0,1021.0,742.0,903.5,415.5,235.0,653.0,0.9371108412742615
361,20,441.0,0.0,876.0,927.0,658.5,463.5,435.0,927.0,0.9337303638458252
361,7,1277.0,57.0,1523.0,779.0,1400.0,418.0,246.0,722.0,0.925674557685852
361,3,1005.0,179.0,1156.0,615.0,1080.5,397.0,151.0,436.0,0.9249259829521179
361,35,273.0,0.0,602.0,852.0,437.5,426.0,329.0,852.0,0.9234609007835388
361,28,1118.0,120.0,1311.0,618.0,1214.5,369.0,193.0,498.0,0.9200917482376099
361,34,1765.0,147.0,1920.0,617.0,1842.5,382.0,155.0,470.0,0.9132961630821228
361,9,1579.0,30.0,1825.0,776.0,1702.0,403.0,246.0,746.0,0.8873552680015564
361,30,0.0,0.0,278.0,818.0,139.0,409.0,278.0,818.0,0.8554381728172302
361,37,1672.0,166.0,1816.0,581.0,1744.0,373.5,144.0,415.0,0.41456854343414307
361,29,0.0,0.0,98.0,691.0,49.0,345.5,98.0,691.0,0.35256078839302063
362,1,1382.0,0.0,1721.0,806.0,1551.5,403.0,339.0,806.0,0.9399967789649963
362,2,787.0,88.0,1023.0,742.0,905.0,415.0,236.0,654.0,0.9344039559364319
362,7,1276.0,58.0,1530.0,783.0,1403.0,420.5,254.0,725.0,0.9283222556114197
362,20,442.0,0.0,879.0,924.0,660.5,462.0,437.0,924.0,0.9269469380378723
362,35,271.0,0.0,599.0,852.0,435.0,426.0,328.0,852.0,0.9258464574813843
362,3,1004.0,181.0,1156.0,616.0,1080.0,398.5,152.0,435.0,0.9209898114204407
362,28,1115.0,120.0,1311.0,618.0,1213.0,369.0,196.0,498.0,0.9201391935348511
362,34,1767.0,148.0,1920.0,617.0,1843.5,382.5,153.0,469.0,0.9123995304107666
362,9,1579.0,26.0,1825.0,776.0,1702.0,401.0,246.0,750.0,0.8868108987808228
362,30,0.0,0.0,276.0,817.0,138.0,408.5,276.0,817.0,0.8690293431282043
362,37,1675.0,167.0,1817.0,583.0,1746.0,375.0,142.0,416.0,0.4499989151954651
363,1,1381.0,0.0,1719.0,807.0,1550.0,403.5,338.0,807.0,0.9372770190238953
363,2,789.0,86.0,1025.0,742.0,907.0,414.0,236.0,656.0,0.9278074502944946
363,7,1277.0,62.0,1532.0,783.0,1404.5,422.5,255.0,721.0,0.926417887210846
363,35,272.0,0.0,598.0,851.0,435.0,425.5,326.0,851.0,0.9237267374992371
363,28,1114.0,120.0,1311.0,617.0,1212.5,368.5,197.0,497.0,0.9217016696929932
363,3,1003.0,181.0,1154.0,616.0,1078.5,398.5,151.0,435.0,0.9192723631858826
363,20,442.0,0.0,885.0,924.0,663.5,462.0,443.0,924.0,0.9132708311080933
363,34,1768.0,149.0,1920.0,615.0,1844.0,382.0,152.0,466.0,0.9114048480987549
363,9,1578.0,21.0,1826.0,777.0,1702.0,399.0,248.0,756.0,0.8892067670822144
363,30,0.0,0.0,273.0,818.0,136.5,409.0,273.0,818.0,0.8739572763442993
363,37,1655.0,146.0,1818.0,610.0,1736.5,378.0,163.0,464.0,0.42482227087020874
363,29,0.0,0.0,94.0,684.0,47.0,342.0,94.0,684.0,0.2807270884513855
364,1,1379.0,0.0,1719.0,808.0,1549.0,404.0,340.0,808.0,0.9391079545021057
364,35,273.0,0.0,592.0,852.0,432.5,426.0,319.0,852.0,0.9253878593444824
364,2,793.0,86.0,1025.0,742.0,909.0,414.0,232.0,656.0,0.9245272874832153
364,28,1116.0,121.0,1309.0,612.0,1212.5,366.5,193.0,491.0,0.9230692982673645
364,3,1001.0,182.0,1153.0,617.0,1077.0,399.5,152.0,435.0,0.9204618334770203
364,7,1279.0,62.0,1534.0,782.0,1406.5,422.0,255.0,720.0,0.9203412532806396
364,34,1769.0,151.0,1920.0,616.0,1844.5,383.5,151.0,465.0,0.9142603278160095
364,20,446.0,0.0,890.0,927.0,668.0,463.5,444.0,927.0,0.885837197303772
364,9,1577.0,18.0,1827.0,776.0,1702.0,397.0,250.0,758.0,0.8853188157081604
364,30,0.0,0.0,273.0,822.0,136.5,411.0,273.0,822.0,0.8659008741378784
364,37,1675.0,168.0,1819.0,589.0,1747.0,378.5,144.0,421.0,0.5088946223258972
364,29,0.0,0.0,98.0,604.0,49.0,302.0,98.0,604.0,0.4629620313644409
364,22,1854.0,157.0,1920.0,600.0,1887.0,378.5,66.0,443.0,0.2946762144565582
365,1,1378.0,0.0,1716.0,811.0,1547.0,405.5,338.0,811.0,0.9321992993354797
365,28,1115.0,123.0,1309.0,613.0,1212.0,368.0,194.0,490.0,0.92620450258255
365,35,273.0,0.0,594.0,852.0,433.5,426.0,321.0,852.0,0.9259985089302063
365,2,789.0,85.0,1026.0,741.0,907.5,413.0,237.0,656.0,0.9237962961196899
365,3,1001.0,183.0,1153.0,616.0,1077.0,399.5,152.0,433.0,0.9232653379440308
365,7,1280.0,63.0,1538.0,768.0,1409.0,415.5,258.0,705.0,0.9180095791816711
365,34,1770.0,154.0,1920.0,619.0,1845.0,386.5,150.0,465.0,0.9160282015800476
365,9,1576.0,14.0,1826.0,776.0,1701.0,395.0,250.0,762.0,0.8829489946365356
365,30,0.0,0.0,269.0,822.0,134.5,411.0,269.0,822.0,0.878666341304779
365,20,457.0,0.0,892.0,925.0,674.5,462.5,435.0,925.0,0.8628361225128174
365,37,1666.0,162.0,1817.0,606.0,1741.5,384.0,151.0,444.0,0.4844369888305664
365,29,0.0,0.0,96.0,651.0,48.0,325.5,96.0,651.0,0.37002435326576233
366,28,1112.0,125.0,1310.0,615.0,1211.0,370.0,198.0,490.0,0.9279699325561523
366,2,786.0,86.0,1026.0,741.0,906.0,413.5,240.0,655.0,0.9247349500656128
366,35,273.0,0.0,596.0,852.0,434.5,426.0,323.0,852.0,0.924187958240509
366,3,1000.0,183.0,1152.0,619.0,1076.0,401.0,152.0,436.0,0.9239354729652405
366,1,1376.0,0.0,1714.0,813.0,1545.0,406.5,338.0,813.0,0.9227858185768127
366,34,1772.0,157.0,1920.0,620.0,1846.0,388.5,148.0,463.0,0.9129410982131958
366,7,1281.0,65.0,1539.0,768.0,1410.0,416.5,258.0,703.0,0.9125428795814514
366,20,459.0,0.0,891.0,925.0,675.0,462.5,432.0,925.0,0.8793505430221558
366,9,1575.0,10.0,1824.0,776.0,1699.5,393.0,249.0,766.0,0.8781075477600098
366,30,0.0,0.0,266.0,837.0,133.0,418.5,266.0,837.0,0.8712635040283203
366,37,1676.0,181.0,1818.0,595.0,1747.0,388.0,142.0,414.0,0.5360989570617676
366,22,1856.0,159.0,1920.0,603.0,1888.0,381.0,64.0,444.0,0.3317781090736389
366,29,0.0,0.0,92.0,672.0,46.0,336.0,92.0,672.0,0.271210253238678
367,28,1111.0,128.0,1310.0,614.0,1210.5,371.0,199.0,486.0,0.9278293251991272
367,2,785.0,88.0,1026.0,741.0,905.5,414.5,241.0,653.0,0.9246742129325867
367,3,999.0,184.0,1151.0,619.0,1075.0,401.5,152.0,435.0,0.9225718975067139
367,1,1375.0,0.0,1712.0,816.0,1543.5,408.0,337.0,816.0,0.9190865755081177
367,35,274.0,0.0,594.0,849.0,434.0,424.5,320.0,849.0,0.916305661201477
367,7,1282.0,67.0,1543.0,768.0,1412.5,417.5,261.0,701.0,0.9111740589141846
367,34,1771.0,161.0,1920.0,620.0,1845.5,390.5,149.0,459.0,0.9024830460548401
367,20,462.0,0.0,891.0,924.0,676.5,462.0,429.0,924.0,0.8909557461738586
367,9,1573.0,9.0,1824.0,776.0,1698.5,392.5,251.0,767.0,0.8817283511161804
367,30,0.0,0.0,265.0,829.0,132.5,414.5,265.0,829.0,0.8794224262237549
367,37,1680.0,183.0,1819.0,594.0,1749.5,388.5,139.0,411.0,0.5065431594848633
367,22,1856.0,160.0,1920.0,606.0,1888.0,383.0,64.0,446.0,0.3671351671218872
367,29,0.0,0.0,93.0,665.0,46.5,332.5,93.0,665.0,0.2915261685848236
368,28,1112.0,129.0,1311.0,614.0,1211.5,371.5,199.0,485.0,0.9272944331169128
368,2,782.0,88.0,1025.0,741.0,903.5,414.5,243.0,653.0,0.9244948029518127
368,3,999.0,184.0,1150.0,619.0,1074.5,401.5,151.0,435.0,0.9231129884719849
368,7,1281.0,69.0,1546.0,769.0,1413.5,419.0,265.0,700.0,0.9099408388137817
368,20,464.0,0.0,894.0,922.0,679.0,461.0,430.0,922.0,0.9095748662948608
368,1,1373.0,0.0,1709.0,818.0,1541.0,409.0,336.0,818.0,0.9085676670074463
368,35,275.0,0.0,587.0,846.0,431.0,423.0,312.0,846.0,0.9049143195152283
368,34,1773.0,162.0,1920.0,620.0,1846.5,391.0,147.0,458.0,0.9000897407531738
368,30,0.0,0.0,263.0,826.0,131.5,413.0,263.0,826.0,0.887611985206604
368,9,1569.0,10.0,1824.0,775.0,1696.5,392.5,255.0,765.0,0.8798370957374573
368,37,1681.0,187.0,1820.0,593.0,1750.5,390.0,139.0,406.0,0.5379219651222229
368,22,1844.0,157.0,1920.0,564.0,1882.0,360.5,76.0,407.0,0.438051700592041
369,28,1111.0,130.0,1313.0,613.0,1212.0,371.5,202.0,483.0,0.9264664649963379
369,2,779.0,88.0,1025.0,741.0,902.0,414.5,246.0,653.0,0.9245980381965637
369,3,998.0,183.0,1149.0,620.0,1073.5,401.5,151.0,437.0,0.9240294098854065
369,20,466.0,0.0,894.0,920.0,680.0,460.0,428.0,920.0,0.9150600433349609
369,7,1282.0,66.0,1547.0,772.0,1414.5,419.0,265.0,706.0,0.9072771668434143
369,30,0.0,0.0,261.0,826.0,130.5,413.0,261.0,826.0,0.9017635583877563
369,1,1374.0,0.0,1706.0,797.0,1540.0,398.5,332.0,797.0,0.9007397294044495
369,35,273.0,0.0,587.0,845.0,430.0,422.5,314.0,845.0,0.8980057835578918
369,34,1773.0,164.0,1920.0,620.0,1846.5,392.0,147.0,456.0,0.8972597718238831
369,9,1566.0,10.0,1824.0,775.0,1695.0,392.5,258.0,765.0,0.8826411366462708
369,38,105.0,49.0,303.0,743.0,204.0,396.0,198.0,694.0,0.8649373054504395
369,37,1682.0,189.0,1820.0,592.0,1751.0,390.5,138.0,403.0,0.5600419044494629
369,22,1845.0,157.0,1920.0,567.0,1882.5,362.0,75.0,410.0,0.40697628259658813
370,28,1110.0,132.0,1315.0,615.0,1212.5,373.5,205.0,483.0,0.9263178110122681
370,3,999.0,181.0,1148.0,619.0,1073.5,400.0,149.0,438.0,0.9248490333557129
370,2,779.0,89.0,1024.0,741.0,901.5,415.0,245.0,652.0,0.9240411520004272
370,20,466.0,0.0,896.0,921.0,681.0,460.5,430.0,921.0,0.9199169874191284
370,7,1287.0,69.0,1549.0,773.0,1418.0,421.0,262.0,704.0,0.8997071981430054
370,30,1.0,0.0,258.0,821.0,129.5,410.5,257.0,821.0,0.8983199000358582
370,1,1372.0,0.0,1705.0,796.0,1538.5,398.0,333.0,796.0,0.8945690989494324
370,35,273.0,0.0,585.0,845.0,429.0,422.5,312.0,845.0,0.8925691246986389
370,34,1772.0,166.0,1920.0,620.0,1846.0,393.0,148.0,454.0,0.8902711868286133
370,9,1564.0,7.0,1823.0,776.0,1693.5,391.5,259.0,769.0,0.8800034523010254
370,38,104.0,52.0,303.0,744.0,203.5,398.0,199.0,692.0,0.8703341484069824
370,37,1683.0,190.0,1820.0,593.0,1751.5,391.5,137.0,403.0,0.5808086395263672
370,29,0.0,0.0,89.0,719.0,44.5,359.5,89.0,719.0,0.264719694852829
371,28,1108.0,133.0,1316.0,616.0,1212.0,374.5,208.0,483.0,0.9253571629524231
371,3,999.0,180.0,1149.0,620.0,1074.0,400.0,150.0,440.0,0.9237662553787231
371,2,777.0,90.0,1023.0,741.0,900.0,415.5,246.0,651.0,0.9237231016159058
371,20,467.0,0.0,897.0,920.0,682.0,460.0,430.0,920.0,0.9229366779327393
371,30,0.0,0.0,255.0,820.0,127.5,410.0,255.0,820.0,0.8983352184295654
371,7,1290.0,69.0,1551.0,774.0,1420.5,421.5,261.0,705.0,0.8964349031448364
371,1,1371.0,0.0,1703.0,795.0,1537.0,397.5,332.0,795.0,0.8912550806999207
371,38,106.0,57.0,302.0,745.0,204.0,401.0,196.0,688.0,0.8823666572570801
371,35,274.0,0.0,588.0,845.0,431.0,422.5,314.0,845.0,0.8819215297698975
371,34,1772.0,167.0,1920.0,620.0,1846.0,393.5,148.0,453.0,0.8811565637588501
371,9,1562.0,8.0,1823.0,776.0,1692.5,392.0,261.0,768.0,0.8767120242118835
371,37,1685.0,188.0,1821.0,592.0,1753.0,390.0,136.0,404.0,0.5965399742126465
371,22,1847.0,159.0,1920.0,572.0,1883.5,365.5,73.0,413.0,0.32294753193855286
371,29,0.0,0.0,91.0,704.0,45.5,352.0,91.0,704.0,0.3213229179382324
372,20,467.0,0.0,899.0,920.0,683.0,460.0,432.0,920.0,0.9258319139480591
372,2,777.0,92.0,1021.0,741.0,899.0,416.5,244.0,649.0,0.9239353537559509
372,3,999.0,177.0,1148.0,620.0,1073.5,398.5,149.0,443.0,0.9222979545593262
372,28,1106.0,133.0,1316.0,617.0,1211.0,375.0,210.0,484.0,0.9219468832015991
372,30,1.0,0.0,252.0,819.0,126.5,409.5,251.0,819.0,0.8975911140441895
372,34,1775.0,167.0,1920.0,620.0,1847.5,393.5,145.0,453.0,0.8874558210372925
372,7,1295.0,69.0,1549.0,775.0,1422.0,422.0,254.0,706.0,0.8865603804588318
372,38,105.0,56.0,302.0,741.0,203.5,398.5,197.0,685.0,0.8824806809425354
372,1,1369.0,0.0,1701.0,794.0,1535.0,397.0,332.0,794.0,0.8742327690124512
372,9,1560.0,10.0,1822.0,776.0,1691.0,393.0,262.0,766.0,0.8689921498298645
372,35,274.0,0.0,590.0,844.0,432.0,422.0,316.0,844.0,0.8682774901390076
372,37,1688.0,192.0,1822.0,588.0,1755.0,390.0,134.0,396.0,0.6528468728065491
372,29,0.0,0.0,92.0,690.0,46.0,345.0,92.0,690.0,0.5093490481376648
372,22,1850.0,159.0,1920.0,571.0,1885.0,365.0,70.0,412.0,0.29378584027290344
373,2,774.0,95.0,1018.0,743.0,896.0,419.0,244.0,648.0,0.9259875416755676
373,20,466.0,0.0,898.0,921.0,682.0,460.5,432.0,921.0,0.923211932182312
373,3,998.0,174.0,1147.0,619.0,1072.5,396.5,149.0,445.0,0.9227994084358215
373,28,1101.0,133.0,1315.0,617.0,1208.0,375.0,214.0,484.0,0.9207445979118347
373,30,0.0,0.0,253.0,812.0,126.5,406.0,253.0,812.0,0.8998881578445435
373,34,1775.0,166.0,1920.0,620.0,1847.5,393.0,145.0,454.0,0.8874388933181763
373,7,1299.0,74.0,1549.0,775.0,1424.0,424.5,250.0,701.0,0.8764386177062988
373,38,104.0,54.0,301.0,742.0,202.5,398.0,197.0,688.0,0.8752828240394592
373,9,1557.0,9.0,1822.0,777.0,1689.5,393.0,265.0,768.0,0.8618572354316711
373,35,274.0,0.0,591.0,844.0,432.5,422.0,317.0,844.0,0.8580610156059265
373,1,1367.0,0.0,1701.0,793.0,1534.0,396.5,334.0,793.0,0.8556707501411438
373,37,1687.0,190.0,1821.0,588.0,1754.0,389.0,134.0,398.0,0.6829765439033508
373,29,0.0,0.0,90.0,688.0,45.0,344.0,90.0,688.0,0.5067723989486694
373,22,1851.0,160.0,1920.0,569.0,1885.5,364.5,69.0,409.0,0.2678704857826233
374,2,771.0,97.0,1017.0,744.0,894.0,420.5,246.0,647.0,0.9262412786483765
374,20,468.0,0.0,898.0,919.0,683.0,459.5,430.0,919.0,0.9232394695281982
374,3,998.0,173.0,1148.0,618.0,1073.0,395.5,150.0,445.0,0.9219200015068054
374,28,1099.0,131.0,1314.0,618.0,1206.5,374.5,215.0,487.0,0.9183971285820007
374,30,0.0,0.0,252.0,810.0,126.0,405.0,252.0,810.0,0.8955003023147583
374,34,1776.0,166.0,1920.0,622.0,1848.0,394.0,144.0,456.0,0.8848145604133606
374,38,103.0,53.0,300.0,743.0,201.5,398.0,197.0,690.0,0.8717404007911682
374,7,1301.0,75.0,1546.0,775.0,1423.5,425.0,245.0,700.0,0.8684757351875305
374,9,1557.0,11.0,1820.0,779.0,1688.5,395.0,263.0,768.0,0.8571223020553589
374,1,1364.0,5.0,1695.0,799.0,1529.5,402.0,331.0,794.0,0.8517398834228516
374,35,275.0,0.0,591.0,844.0,433.0,422.0,316.0,844.0,0.8480738401412964
374,37,1690.0,195.0,1821.0,585.0,1755.5,390.0,131.0,390.0,0.7082309722900391
374,29,0.0,0.0,90.0,691.0,45.0,345.5,90.0,691.0,0.5339462161064148
375,2,772.0,97.0,1015.0,745.0,893.5,421.0,243.0,648.0,0.9292299747467041
375,3,997.0,171.0,1149.0,618.0,1073.0,394.5,152.0,447.0,0.9203220009803772
375,28,1098.0,129.0,1311.0,618.0,1204.5,373.5,213.0,489.0,0.9168927669525146
375,20,467.0,0.0,895.0,919.0,681.0,459.5,428.0,919.0,0.9093930721282959
375,30,0.0,0.0,249.0,810.0,124.5,405.0,249.0,810.0,0.8977295756340027
375,7,1302.0,67.0,1549.0,774.0,1425.5,420.5,247.0,707.0,0.8834267258644104
375,34,1779.0,165.0,1920.0,620.0,1849.5,392.5,141.0,455.0,0.8826007843017578
375,1,1362.0,0.0,1694.0,800.0,1528.0,400.0,332.0,800.0,0.8628125190734863
375,9,1557.0,16.0,1819.0,777.0,1688.0,396.5,262.0,761.0,0.8579050302505493
375,35,274.0,0.0,594.0,844.0,434.0,422.0,320.0,844.0,0.8518156409263611
375,38,100.0,50.0,299.0,742.0,199.5,396.0,199.0,692.0,0.8509529829025269
375,37,1693.0,192.0,1822.0,583.0,1757.5,387.5,129.0,391.0,0.732642412185669
375,29,0.0,0.0,87.0,691.0,43.5,345.5,87.0,691.0,0.3967016339302063
375,22,1854.0,160.0,1920.0,565.0,1887.0,362.5,66.0,405.0,0.2753336727619171
376,2,773.0,97.0,1012.0,745.0,892.5,421.0,239.0,648.0,0.9277508854866028
376,3,997.0,169.0,1147.0,619.0,1072.0,394.0,150.0,450.0,0.9173007607460022
376,28,1096.0,128.0,1309.0,619.0,1202.5,373.5,213.0,491.0,0.9139646291732788
376,20,468.0,0.0,891.0,919.0,679.5,459.5,423.0,919.0,0.900172233581543
376,7,1304.0,63.0,1551.0,773.0,1427.5,418.0,247.0,710.0,0.8906129598617554
376,30,1.0,0.0,253.0,808.0,127.0,404.0,252.0,808.0,0.8850365281105042
376,34,1780.0,164.0,1920.0,619.0,1850.0,391.5,140.0,455.0,0.8828766345977783
376,1,1362.0,0.0,1693.0,804.0,1527.5,402.0,331.0,804.0,0.8749772310256958
376,35,273.0,0.0,594.0,845.0,433.5,422.5,321.0,845.0,0.861202597618103
376,9,1558.0,18.0,1818.0,777.0,1688.0,397.5,260.0,759.0,0.8603581786155701
376,38,99.0,49.0,298.0,742.0,198.5,395.5,199.0,693.0,0.8346287608146667
376,37,1693.0,192.0,1820.0,583.0,1756.5,387.5,127.0,391.0,0.7412552833557129
376,29,0.0,0.0,88.0,698.0,44.0,349.0,88.0,698.0,0.39179497957229614
376,22,1856.0,161.0,1920.0,562.0,1888.0,361.5,64.0,401.0,0.2802926003932953
377,3,996.0,167.0,1148.0,620.0,1072.0,393.5,152.0,453.0,0.927534818649292
377,2,770.0,99.0,1011.0,746.0,890.5,422.5,241.0,647.0,0.9267569780349731
377,28,1094.0,126.0,1308.0,621.0,1201.0,373.5,214.0,495.0,0.9140249490737915
377,20,469.0,0.0,889.0,917.0,679.0,458.5,420.0,917.0,0.8955137133598328
377,7,1305.0,61.0,1552.0,774.0,1428.5,417.5,247.0,713.0,0.891292154788971
377,1,1362.0,0.0,1691.0,807.0,1526.5,403.5,329.0,807.0,0.882489025592804
377,38,85.0,52.0,296.0,748.0,190.5,400.0,211.0,696.0,0.8810662031173706
377,34,1781.0,162.0,1920.0,619.0,1850.5,390.5,139.0,457.0,0.8809083104133606
377,35,270.0,0.0,597.0,847.0,433.5,423.5,327.0,847.0,0.8774757385253906
377,9,1559.0,23.0,1816.0,778.0,1687.5,400.5,257.0,755.0,0.8623772263526917
377,37,1693.0,194.0,1819.0,584.0,1756.0,389.0,126.0,390.0,0.7342812418937683
377,29,0.0,0.0,87.0,688.0,43.5,344.0,87.0,688.0,0.2881820499897003
377,22,1859.0,161.0,1920.0,558.0,1889.5,359.5,61.0,397.0,0.25848281383514404
378,2,768.0,100.0,1009.0,747.0,888.5,423.5,241.0,647.0,0.9270899295806885
378,3,996.0,166.0,1149.0,620.0,1072.5,393.0,153.0,454.0,0.9260883331298828
378,28,1094.0,124.0,1305.0,621.0,1199.5,372.5,211.0,497.0,0.9146841764450073
378,20,470.0,0.0,887.0,916.0,678.5,458.0,417.0,916.0,0.8925230503082275
378,7,1306.0,58.0,1554.0,770.0,1430.0,414.0,248.0,712.0,0.8881689310073853
378,1,1362.0,0.0,1691.0,807.0,1526.5,403.5,329.0,807.0,0.886050820350647
378,35,268.0,0.0,598.0,850.0,433.0,425.0,330.0,850.0,0.88336181640625
378,30,1.0,0.0,253.0,821.0,127.0,410.5,252.0,821.0,0.8810892701148987
378,34,1779.0,160.0,1920.0,619.0,1849.5,389.5,141.0,459.0,0.8764177560806274
378,9,1564.0,27.0,1815.0,778.0,1689.5,402.5,251.0,751.0,0.8675887584686279
378,38,99.0,48.0,297.0,743.0,198.0,395.5,198.0,695.0,0.8233424425125122
378,37,1695.0,191.0,1819.0,584.0,1757.0,387.5,124.0,393.0,0.7439504265785217
378,29,0.0,0.0,86.0,678.0,43.0,339.0,86.0,678.0,0.29662591218948364
378,22,1861.0,160.0,1920.0,556.0,1890.5,358.0,59.0,396.0,0.26078885793685913
379,3,995.0,165.0,1149.0,620.0,1072.0,392.5,154.0,455.0,0.9268929958343506
379,2,766.0,101.0,1006.0,747.0,886.0,424.0,240.0,646.0,0.9263521432876587
379,28,1093.0,122.0,1302.0,621.0,1197.5,371.5,209.0,499.0,0.9191492199897766
379,35,266.0,0.0,600.0,854.0,433.0,427.0,334.0,854.0,0.9068998694419861
379,20,472.0,0.0,886.0,914.0,679.0,457.0,414.0,914.0,0.8969445824623108
379,1,1361.0,0.0,1691.0,806.0,1526.0,403.0,330.0,806.0,0.8922083377838135
379,7,1307.0,54.0,1556.0,766.0,1431.5,410.0,249.0,712.0,0.891469419002533
379,34,1780.0,158.0,1920.0,620.0,1850.0,389.0,140.0,462.0,0.8880818486213684
379,30,1.0,0.0,258.0,817.0,129.5,408.5,257.0,817.0,0.8770534992218018
379,9,1565.0,29.0,1814.0,779.0,1689.5,404.0,249.0,750.0,0.8719047904014587
379,38,98.0,45.0,297.0,744.0,197.5,394.5,199.0,699.0,0.8043488264083862
379,37,1694.0,190.0,1818.0,585.0,1756.0,387.5,124.0,395.0,0.7416499257087708
379,22,1864.0,158.0,1920.0,557.0,1892.0,357.5,56.0,399.0,0.26735520362854004
380,2,765.0,96.0,1001.0,747.0,883.0,421.5,236.0,651.0,0.9283055067062378
380,3,995.0,164.0,1149.0,621.0,1072.0,392.5,154.0,457.0,0.926493227481842
380,28,1095.0,120.0,1299.0,621.0,1197.0,370.5,204.0,501.0,0.9223470687866211
380,35,265.0,0.0,602.0,855.0,433.5,427.5,337.0,855.0,0.9179064035415649
380,20,473.0,0.0,886.0,915.0,679.5,457.5,413.0,915.0,0.9058676362037659
380,1,1360.0,0.0,1690.0,806.0,1525.0,403.0,330.0,806.0,0.9022493958473206
380,34,1781.0,155.0,1920.0,620.0,1850.5,387.5,139.0,465.0,0.8920523524284363
380,7,1308.0,52.0,1555.0,761.0,1431.5,406.5,247.0,709.0,0.8879639506340027
380,9,1567.0,31.0,1813.0,779.0,1690.0,405.0,246.0,748.0,0.871203601360321
380,30,1.0,0.0,262.0,820.0,131.5,410.0,261.0,820.0,0.8710214495658875
380,37,1690.0,185.0,1818.0,587.0,1754.0,386.0,128.0,402.0,0.7323715090751648
380,38,99.0,59.0,297.0,744.0,198.0,401.5,198.0,685.0,0.376976877450943
381,35,265.0,0.0,600.0,855.0,432.5,427.5,335.0,855.0,0.9278240203857422
381,3,995.0,165.0,1148.0,621.0,1071.5,393.0,153.0,456.0,0.9270142316818237
381,2,765.0,98.0,999.0,745.0,882.0,421.5,234.0,647.0,0.926906943321228
381,28,1096.0,119.0,1298.0,621.0,1197.0,370.0,202.0,502.0,0.9245408177375793
381,20,474.0,0.0,888.0,920.0,681.0,460.0,414.0,920.0,0.9095665216445923
381,34,1783.0,152.0,1920.0,620.0,1851.5,386.0,137.0,468.0,0.903693437576294
381,1,1360.0,0.0,1691.0,808.0,1525.5,404.0,331.0,808.0,0.9011589288711548
381,7,1309.0,51.0,1555.0,762.0,1432.0,406.5,246.0,711.0,0.8902610540390015
381,9,1568.0,35.0,1811.0,772.0,1689.5,403.5,243.0,737.0,0.8867802023887634
381,30,0.0,0.0,259.0,834.0,129.5,417.0,259.0,834.0,0.8634233474731445
381,37,1688.0,165.0,1821.0,587.0,1754.5,376.0,133.0,422.0,0.7652345895767212
381,38,99.0,56.0,298.0,749.0,198.5,402.5,199.0,693.0,0.32086488604545593
382,28,1097.0,118.0,1296.0,619.0,1196.5,368.5,199.0,501.0,0.9281216263771057
382,35,264.0,0.0,599.0,856.0,431.5,428.0,335.0,856.0,0.927090585231781
382,3,994.0,168.0,1146.0,620.0,1070.0,394.0,152.0,452.0,0.9250577092170715
382,2,765.0,105.0,996.0,740.0,880.5,422.5,231.0,635.0,0.9212091565132141
382,34,1785.0,150.0,1920.0,619.0,1852.5,384.5,135.0,469.0,0.916519045829773
382,20,475.0,0.0,886.0,917.0,680.5,458.5,411.0,917.0,0.9123271703720093
382,9,1565.0,36.0,1810.0,773.0,1687.5,404.5,245.0,737.0,0.9014198184013367
382,1,1360.0,0.0,1691.0,808.0,1525.5,404.0,331.0,808.0,0.8937715888023376
382,7,1310.0,68.0,1554.0,762.0,1432.0,415.0,244.0,694.0,0.8736395239830017
382,30,1.0,0.0,259.0,816.0,130.0,408.0,258.0,816.0,0.8673012852668762
382,37,1684.0,153.0,1821.0,589.0,1752.5,371.0,137.0,436.0,0.8142171502113342
382,22,1867.0,150.0,1920.0,561.0,1893.5,355.5,53.0,411.0,0.26859545707702637
383,28,1096.0,116.0,1293.0,619.0,1194.5,367.5,197.0,503.0,0.9312819838523865
383,35,262.0,0.0,596.0,856.0,429.0,428.0,334.0,856.0,0.9261424541473389
383,3,994.0,168.0,1144.0,619.0,1069.0,393.5,150.0,451.0,0.9248093366622925
383,20,477.0,0.0,886.0,919.0,681.5,459.5,409.0,919.0,0.9205031394958496
383,34,1785.0,150.0,1920.0,619.0,1852.5,384.5,135.0,469.0,0.9188002943992615
383,2,766.0,108.0,995.0,741.0,880.5,424.5,229.0,633.0,0.9126757979393005
383,9,1564.0,37.0,1809.0,774.0,1686.5,405.5,245.0,737.0,0.9090035557746887
383,1,1358.0,0.0,1691.0,812.0,1524.5,406.0,333.0,812.0,0.8951805830001831
383,30,1.0,0.0,257.0,806.0,129.0,403.0,256.0,806.0,0.8808177709579468
383,7,1311.0,66.0,1554.0,763.0,1432.5,414.5,243.0,697.0,0.8660801649093628
383,37,1680.0,147.0,1820.0,588.0,1750.0,367.5,140.0,441.0,0.8282074332237244
384,28,1097.0,115.0,1290.0,619.0,1193.5,367.0,193.0,504.0,0.9327770471572876
384,35,262.0,0.0,595.0,857.0,428.5,428.5,333.0,857.0,0.9300295114517212
384,34,1786.0,149.0,1920.0,618.0,1853.0,383.5,134.0,469.0,0.9239047169685364
384,20,478.0,0.0,887.0,919.0,682.5,459.5,409.0,919.0,0.9231195449829102
384,3,994.0,173.0,1144.0,616.0,1069.0,394.5,150.0,443.0,0.9226809740066528
384,9,1561.0,37.0,1808.0,777.0,1684.5,407.0,247.0,740.0,0.9139840006828308
384,2,767.0,101.0,992.0,743.0,879.5,422.0,225.0,642.0,0.9042551517486572
384,1,1358.0,0.0,1692.0,813.0,1525.0,406.5,334.0,813.0,0.8885113596916199
384,30,1.0,0.0,257.0,806.0,129.0,403.0,256.0,806.0,0.8829424977302551
384,7,1312.0,62.0,1555.0,766.0,1433.5,414.0,243.0,704.0,0.8516181707382202
384,37,1681.0,149.0,1821.0,587.0,1751.0,368.0,140.0,438.0,0.8215369582176208
385,28,1097.0,115.0,1286.0,619.0,1191.5,367.0,189.0,504.0,0.9343066811561584
385,35,261.0,0.0,589.0,858.0,425.0,429.0,328.0,858.0,0.9336270689964294
385,20,481.0,0.0,889.0,921.0,685.0,460.5,408.0,921.0,0.9291393756866455
385,34,1785.0,149.0,1920.0,619.0,1852.5,384.0,135.0,470.0,0.9236811995506287
385,3,994.0,173.0,1145.0,617.0,1069.5,395.0,151.0,444.0,0.9215553998947144
385,9,1558.0,37.0,1807.0,775.0,1682.5,406.0,249.0,738.0,0.9143688082695007
385,2,765.0,106.0,990.0,738.0,877.5,422.0,225.0,632.0,0.9091916680335999
385,1,1358.0,0.0,1691.0,815.0,1524.5,407.5,333.0,815.0,0.8906014561653137
385,30,0.0,0.0,255.0,833.0,127.5,416.5,255.0,833.0,0.8817669153213501
385,7,1312.0,57.0,1554.0,769.0,1433.0,413.0,242.0,712.0,0.8564187288284302
385,37,1680.0,148.0,1821.0,586.0,1750.5,367.0,141.0,438.0,0.8206258416175842
385,22,1867.0,147.0,1920.0,564.0,1893.5,355.5,53.0,417.0,0.2602005898952484
386,28,1097.0,115.0,1284.0,619.0,1190.5,367.0,187.0,504.0,0.9346306324005127
386,35,259.0,0.0,586.0,859.0,422.5,429.5,327.0,859.0,0.9303300380706787
386,20,481.0,0.0,890.0,902.0,685.5,451.0,409.0,902.0,0.9281429648399353
386,34,1784.0,150.0,1920.0,618.0,1852.0,384.0,136.0,468.0,0.9235476851463318
386,3,993.0,176.0,1145.0,617.0,1069.0,396.5,152.0,441.0,0.920661449432373
386,2,760.0,97.0,989.0,739.0,874.5,418.0,229.0,642.0,0.9179931879043579
386,9,1557.0,37.0,1806.0,775.0,1681.5,406.0,249.0,738.0,0.9125896692276001
386,1,1357.0,0.0,1691.0,814.0,1524.0,407.0,334.0,814.0,0.898003876209259
386,30,0.0,0.0,250.0,836.0,125.0,418.0,250.0,836.0,0.8936516046524048
386,37,1680.0,146.0,1823.0,587.0,1751.5,366.5,143.0,441.0,0.8287683725357056
386,38,84.0,51.0,301.0,731.0,192.5,391.0,217.0,680.0,0.7846127152442932
386,7,1310.0,48.0,1547.0,772.0,1428.5,410.0,237.0,724.0,0.7401190996170044
386,22,1867.0,146.0,1920.0,564.0,1893.5,355.0,53.0,418.0,0.267296701669693
387,28,1097.0,116.0,1280.0,619.0,1188.5,367.5,183.0,503.0,0.9352151155471802
387,20,480.0,0.0,895.0,898.0,687.5,449.0,415.0,898.0,0.9325650334358215
387,35,258.0,0.0,587.0,861.0,422.5,430.5,329.0,861.0,0.9307165145874023
387,3,993.0,178.0,1145.0,617.0,1069.0,397.5,152.0,439.0,0.9198741912841797
387,34,1787.0,151.0,1920.0,619.0,1853.5,385.0,133.0,468.0,0.9188703298568726
387,2,759.0,98.0,988.0,738.0,873.5,418.0,229.0,640.0,0.9151057600975037
387,9,1555.0,35.0,1807.0,775.0,1681.0,405.0,252.0,740.0,0.9089512825012207
387,1,1359.0,0.0,1688.0,809.0,1523.5,404.5,329.0,809.0,0.8983849883079529
387,30,0.0,0.0,250.0,836.0,125.0,418.0,250.0,836.0,0.8972132802009583
387,37,1686.0,151.0,1827.0,581.0,1756.5,366.0,141.0,430.0,0.8294500708580017
387,38,85.0,47.0,299.0,730.0,192.0,388.5,214.0,683.0,0.7745854258537292
387,7,1310.0,50.0,1546.0,774.0,1428.0,412.0,236.0,724.0,0.758791446685791
387,22,1868.0,145.0,1920.0,563.0,1894.0,354.0,52.0,418.0,0.25893890857696533
388,28,1098.0,117.0,1276.0,618.0,1187.0,367.5,178.0,501.0,0.9367245435714722
388,20,481.0,0.0,900.0,899.0,690.5,449.5,419.0,899.0,0.9337286949157715
388,35,255.0,0.0,586.0,860.0,420.5,430.0,331.0,860.0,0.9300984144210815
388,34,1790.0,152.0,1920.0,619.0,1855.0,385.5,130.0,467.0,0.9213219881057739
388,3,994.0,180.0,1141.0,617.0,1067.5,398.5,147.0,437.0,0.9193854928016663
388,2,753.0,94.0,987.0,738.0,870.0,416.0,234.0,644.0,0.9180245995521545
388,30,0.0,0.0,244.0,836.0,122.0,418.0,244.0,836.0,0.9083738923072815
388,1,1358.0,0.0,1689.0,811.0,1523.5,405.5,331.0,811.0,0.9063613414764404
388,9,1554.0,33.0,1806.0,775.0,1680.0,404.0,252.0,742.0,0.9011011123657227
388,37,1690.0,154.0,1828.0,579.0,1759.0,366.5,138.0,425.0,0.8316563367843628
388,38,81.0,41.0,303.0,735.0,192.0,388.0,222.0,694.0,0.7900353074073792
388,7,1310.0,62.0,1550.0,759.0,1430.0,410.5,240.0,697.0,0.6038786768913269
388,22,1866.0,145.0,1920.0,569.0,1893.0,357.0,54.0,424.0,0.26741400361061096
389,28,1097.0,118.0,1273.0,618.0,1185.0,368.0,176.0,500.0,0.9364409446716309
389,20,481.0,0.0,903.0,903.0,692.0,451.5,422.0,903.0,0.9331697821617126
389,35,253.0,0.0,579.0,859.0,416.0,429.5,326.0,859.0,0.9304249286651611
389,34,1793.0,153.0,1920.0,620.0,1856.5,386.5,127.0,467.0,0.9272181987762451
389,3,993.0,181.0,1142.0,618.0,1067.5,399.5,149.0,437.0,0.9188016653060913
389,2,747.0,92.0,986.0,738.0,866.5,415.0,239.0,646.0,0.9135373830795288
389,30,0.0,0.0,242.0,834.0,121.0,417.0,242.0,834.0,0.9125308990478516
389,1,1358.0,3.0,1691.0,811.0,1524.5,407.0,333.0,808.0,0.9076319336891174
389,9,1555.0,31.0,1805.0,775.0,1680.0,403.0,250.0,744.0,0.8916780352592468
389,37,1694.0,155.0,1827.0,586.0,1760.5,370.5,133.0,431.0,0.8167495131492615
389,38,80.0,36.0,315.0,740.0,197.5,388.0,235.0,704.0,0.7788786292076111
389,7,1310.0,61.0,1550.0,760.0,1430.0,410.5,240.0,699.0,0.5821525454521179
389,22,1866.0,145.0,1920.0,568.0,1893.0,356.5,54.0,423.0,0.2959519922733307
390,28,1095.0,120.0,1271.0,620.0,1183.0,370.0,176.0,500.0,0.9349580407142639
390,20,485.0,0.0,903.0,910.0,694.0,455.0,418.0,910.0,0.9347097873687744
390,35,248.0,0.0,573.0,861.0,410.5,430.5,325.0,861.0,0.9273605942726135
390,34,1793.0,154.0,1920.0,620.0,1856.5,387.0,127.0,466.0,0.924319326877594
390,3,993.0,181.0,1141.0,621.0,1067.0,401.0,148.0,440.0,0.9182210564613342
390,30,0.0,0.0,238.0,834.0,119.0,417.0,238.0,834.0,0.9180488586425781
390,1,1358.0,5.0,1691.0,810.0,1524.5,407.5,333.0,805.0,0.9120724201202393
390,2,747.0,91.0,985.0,737.0,866.0,414.0,238.0,646.0,0.9120152592658997
390,9,1553.0,32.0,1805.0,775.0,1679.0,403.5,252.0,743.0,0.8891391754150391
390,37,1697.0,155.0,1829.0,585.0,1763.0,370.0,132.0,430.0,0.8151787519454956
390,38,86.0,29.0,305.0,747.0,195.5,388.0,219.0,718.0,0.7240056395530701
390,7,1310.0,61.0,1550.0,760.0,1430.0,410.5,240.0,699.0,0.5874494910240173
390,22,1865.0,147.0,1920.0,566.0,1892.5,356.5,55.0,419.0,0.30579736828804016
391,35,247.0,0.0,577.0,861.0,412.0,430.5,330.0,861.0,0.935918927192688
391,20,486.0,0.0,904.0,910.0,695.0,455.0,418.0,910.0,0.9330266714096069
391,28,1093.0,121.0,1269.0,620.0,1181.0,370.5,176.0,499.0,0.9322986602783203
391,34,1793.0,155.0,1920.0,619.0,1856.5,387.0,127.0,464.0,0.921725332736969
391,30,0.0,0.0,236.0,836.0,118.0,418.0,236.0,836.0,0.9171693325042725
391,3,992.0,179.0,1140.0,621.0,1066.0,400.0,148.0,442.0,0.9152726531028748
391,2,747.0,91.0,984.0,739.0,865.5,415.0,237.0,648.0,0.9139125347137451
391,1,1359.0,9.0,1693.0,808.0,1526.0,408.5,334.0,799.0,0.9108311533927917
391,9,1554.0,29.0,1807.0,774.0,1680.5,401.5,253.0,745.0,0.8684757947921753
391,37,1699.0,156.0,1831.0,586.0,1765.0,371.0,132.0,430.0,0.8185944557189941
391,7,1309.0,53.0,1548.0,775.0,1428.5,414.0,239.0,722.0,0.7437884211540222
391,38,88.0,26.0,305.0,739.0,196.5,382.5,217.0,713.0,0.7388301491737366
391,22,1865.0,149.0,1920.0,562.0,1892.5,355.5,55.0,413.0,0.3238602876663208
392,35,243.0,0.0,573.0,860.0,408.0,430.0,330.0,860.0,0.9400798678398132
392,20,481.0,0.0,903.0,913.0,692.0,456.5,422.0,913.0,0.933198094367981
392,28,1090.0,122.0,1268.0,620.0,1179.0,371.0,178.0,498.0,0.928101658821106
392,30,0.0,0.0,234.0,839.0,117.0,419.5,234.0,839.0,0.9199612140655518
392,34,1794.0,156.0,1920.0,618.0,1857.0,387.0,126.0,462.0,0.9188658595085144
392,2,746.0,93.0,982.0,739.0,864.0,416.0,236.0,646.0,0.918782651424408
392,3,992.0,179.0,1139.0,622.0,1065.5,400.5,147.0,443.0,0.9141436219215393
392,1,1360.0,9.0,1693.0,805.0,1526.5,407.0,333.0,796.0,0.9080685973167419
392,9,1555.0,26.0,1812.0,778.0,1683.5,402.0,257.0,752.0,0.8647000789642334
392,37,1700.0,158.0,1831.0,586.0,1765.5,372.0,131.0,428.0,0.8180715441703796
392,7,1310.0,56.0,1546.0,774.0,1428.0,415.0,236.0,718.0,0.7517741322517395
392,38,87.0,18.0,316.0,740.0,201.5,379.0,229.0,722.0,0.7305442690849304
392,22,1865.0,150.0,1920.0,559.0,1892.5,354.5,55.0,409.0,0.3134048283100128
393,35,236.0,0.0,570.0,861.0,403.0,430.5,334.0,861.0,0.9385232329368591
393,20,484.0,0.0,905.0,908.0,694.5,454.0,421.0,908.0,0.934137761592865
393,28,1090.0,125.0,1266.0,619.0,1178.0,372.0,176.0,494.0,0.9248426556587219
393,30,0.0,0.0,230.0,838.0,115.0,419.0,230.0,838.0,0.9217866063117981
393,2,744.0,92.0,981.0,742.0,862.5,417.0,237.0,650.0,0.9192019104957581
393,34,1795.0,157.0,1920.0,620.0,1857.5,388.5,125.0,463.0,0.9157729744911194
393,3,992.0,178.0,1136.0,622.0,1064.0,400.0,144.0,444.0,0.9100579023361206
393,1,1361.0,8.0,1694.0,806.0,1527.5,407.0,333.0,798.0,0.9093727469444275
393,9,1556.0,25.0,1814.0,779.0,1685.0,402.0,258.0,754.0,0.864450216293335
393,7,1311.0,65.0,1552.0,771.0,1431.5,418.0,241.0,706.0,0.8583756685256958
393,37,1701.0,158.0,1832.0,586.0,1766.5,372.0,131.0,428.0,0.8223515748977661
393,38,94.0,21.0,312.0,731.0,203.0,376.0,218.0,710.0,0.7060083746910095
393,22,1866.0,148.0,1920.0,559.0,1893.0,353.5,54.0,411.0,0.26607537269592285
394,20,485.0,0.0,905.0,906.0,695.0,453.0,420.0,906.0,0.9377771615982056
394,35,232.0,0.0,565.0,862.0,398.5,431.0,333.0,862.0,0.9321668148040771
394,28,1088.0,126.0,1265.0,619.0,1176.5,372.5,177.0,493.0,0.9215459823608398
394,30,0.0,0.0,228.0,839.0,114.0,419.5,228.0,839.0,0.9212559461593628
394,2,745.0,94.0,980.0,744.0,862.5,419.0,235.0,650.0,0.9203452467918396
394,34,1795.0,158.0,1920.0,620.0,1857.5,389.0,125.0,462.0,0.9147037267684937
394,3,993.0,178.0,1136.0,622.0,1064.5,400.0,143.0,444.0,0.9079254269599915
394,1,1362.0,7.0,1695.0,806.0,1528.5,406.5,333.0,799.0,0.9034706950187683
394,7,1308.0,56.0,1550.0,779.0,1429.0,417.5,242.0,723.0,0.8717716336250305
394,9,1552.0,21.0,1815.0,779.0,1683.5,400.0,263.0,758.0,0.8624389171600342
394,37,1700.0,158.0,1833.0,585.0,1766.5,371.5,133.0,427.0,0.8259947896003723
394,38,72.0,17.0,306.0,750.0,189.0,383.5,234.0,733.0,0.7998027205467224
394,22,1866.0,151.0,1920.0,552.0,1893.0,351.5,54.0,401.0,0.3116688132286072
395,20,485.0,0.0,906.0,905.0,695.5,452.5,421.0,905.0,0.9365236759185791
395,35,231.0,0.0,564.0,863.0,397.5,431.5,333.0,863.0,0.9326242208480835
395,28,1090.0,126.0,1262.0,620.0,1176.0,373.0,172.0,494.0,0.920946478843689
395,2,744.0,94.0,978.0,744.0,861.0,419.0,234.0,650.0,0.9161100387573242
395,30,0.0,0.0,225.0,837.0,112.5,418.5,225.0,837.0,0.9152645468711853
395,34,1797.0,162.0,1920.0,620.0,1858.5,391.0,123.0,458.0,0.915189802646637
395,3,992.0,178.0,1135.0,623.0,1063.5,400.5,143.0,445.0,0.9073670506477356
395,1,1362.0,6.0,1693.0,807.0,1527.5,406.5,331.0,801.0,0.9046688675880432
395,7,1306.0,58.0,1549.0,780.0,1427.5,419.0,243.0,722.0,0.8737952709197998
395,9,1552.0,18.0,1817.0,780.0,1684.5,399.0,265.0,762.0,0.8620120882987976
395,37,1701.0,159.0,1833.0,585.0,1767.0,372.0,132.0,426.0,0.8216918110847473
395,38,73.0,21.0,307.0,748.0,190.0,384.5,234.0,727.0,0.7796445488929749
395,22,1867.0,155.0,1920.0,547.0,1893.5,351.0,53.0,392.0,0.35686826705932617
396,20,486.0,0.0,903.0,906.0,694.5,453.0,417.0,906.0,0.9348073601722717
396,35,228.0,0.0,561.0,864.0,394.5,432.0,333.0,864.0,0.9269019365310669
396,28,1091.0,127.0,1258.0,622.0,1174.5,374.5,167.0,495.0,0.9249293804168701
396,34,1798.0,163.0,1920.0,618.0,1859.0,390.5,122.0,455.0,0.915756106376648
396,2,746.0,96.0,975.0,744.0,860.5,420.0,229.0,648.0,0.9151350855827332
396,30,0.0,0.0,222.0,840.0,111.0,420.0,222.0,840.0,0.9120298624038696
396,1,1362.0,6.0,1695.0,809.0,1528.5,407.5,333.0,803.0,0.9080172777175903
396,3,992.0,176.0,1135.0,622.0,1063.5,399.0,143.0,446.0,0.9026067852973938
396,7,1304.0,58.0,1549.0,782.0,1426.5,420.0,245.0,724.0,0.880299985408783
396,9,1551.0,18.0,1820.0,779.0,1685.5,398.5,269.0,761.0,0.860453724861145
396,37,1701.0,156.0,1832.0,584.0,1766.5,370.0,131.0,428.0,0.824897825717926
396,38,76.0,18.0,309.0,741.0,192.5,379.5,233.0,723.0,0.5939480662345886
396,22,1867.0,157.0,1920.0,548.0,1893.5,352.5,53.0,391.0,0.3780534267425537
397,20,482.0,0.0,899.0,898.0,690.5,449.0,417.0,898.0,0.9313614368438721
397,28,1087.0,127.0,1255.0,624.0,1171.0,375.5,168.0,497.0,0.922836422920227
397,35,228.0,0.0,561.0,866.0,394.5,433.0,333.0,866.0,0.9213945269584656
397,2,747.0,100.0,973.0,743.0,860.0,421.5,226.0,643.0,0.9184275269508362
397,34,1798.0,163.0,1920.0,618.0,1859.0,390.5,122.0,455.0,0.9117742776870728
397,30,0.0,0.0,219.0,837.0,109.5,418.5,219.0,837.0,0.9053555130958557
397,1,1363.0,5.0,1696.0,808.0,1529.5,406.5,333.0,803.0,0.9021896719932556
397,3,989.0,172.0,1135.0,623.0,1062.0,397.5,146.0,451.0,0.9020232558250427
397,7,1303.0,62.0,1548.0,781.0,1425.5,421.5,245.0,719.0,0.884434163570404
397,9,1552.0,13.0,1820.0,779.0,1686.0,396.0,268.0,766.0,0.8654565811157227
397,37,1703.0,155.0,1835.0,584.0,1769.0,369.5,132.0,429.0,0.8250731825828552
397,38,67.0,34.0,295.0,747.0,181.0,390.5,228.0,713.0,0.5861495733261108
397,22,1868.0,158.0,1920.0,547.0,1894.0,352.5,52.0,389.0,0.3842230439186096
398,20,483.0,0.0,898.0,900.0,690.5,450.0,415.0,900.0,0.9319860339164734
398,2,749.0,101.0,971.0,744.0,860.0,422.5,222.0,643.0,0.9217743277549744
398,28,1082.0,128.0,1253.0,624.0,1167.5,376.0,171.0,496.0,0.9181298017501831
398,35,224.0,0.0,561.0,865.0,392.5,432.5,337.0,865.0,0.9167823791503906
398,34,1799.0,163.0,1920.0,618.0,1859.5,390.5,121.0,455.0,0.9126719236373901
398,30,0.0,0.0,214.0,840.0,107.0,420.0,214.0,840.0,0.8992626667022705
398,3,987.0,170.0,1135.0,623.0,1061.0,396.5,148.0,453.0,0.8992211818695068
398,1,1364.0,1.0,1697.0,812.0,1530.5,406.5,333.0,811.0,0.8931354284286499
398,7,1301.0,61.0,1549.0,781.0,1425.0,421.0,248.0,720.0,0.8897083401679993
398,9,1551.0,11.0,1822.0,780.0,1686.5,395.5,271.0,769.0,0.8658879995346069
398,37,1706.0,156.0,1837.0,582.0,1771.5,369.0,131.0,426.0,0.8263245820999146
398,38,61.0,36.0,301.0,748.0,181.0,392.0,240.0,712.0,0.6501294374465942
398,22,1867.0,160.0,1920.0,541.0,1893.5,350.5,53.0,381.0,0.41918131709098816
399,20,483.0,0.0,896.0,900.0,689.5,450.0,413.0,900.0,0.9338330030441284
399,2,751.0,103.0,969.0,744.0,860.0,423.5,218.0,641.0,0.9236122965812683
399,28,1081.0,128.0,1251.0,624.0,1166.0,376.0,170.0,496.0,0.9226439595222473
399,35,213.0,0.0,564.0,864.0,388.5,432.0,351.0,864.0,0.9114660024642944
399,34,1799.0,163.0,1920.0,618.0,1859.5,390.5,121.0,455.0,0.9052838683128357
399,3,987.0,167.0,1133.0,623.0,1060.0,395.0,146.0,456.0,0.8987648487091064
399,30,0.0,0.0,209.0,840.0,104.5,420.0,209.0,840.0,0.8971211910247803
399,7,1299.0,61.0,1547.0,780.0,1423.0,420.5,248.0,719.0,0.894327700138092
399,1,1364.0,0.0,1698.0,814.0,1531.0,407.0,334.0,814.0,0.8899406790733337
399,9,1552.0,7.0,1825.0,780.0,1688.5,393.5,273.0,773.0,0.8716956377029419
399,37,1712.0,154.0,1843.0,585.0,1777.5,369.5,131.0,431.0,0.8275337815284729
399,38,58.0,32.0,299.0,749.0,178.5,390.5,241.0,717.0,0.7148662805557251
399,22,1866.0,160.0,1920.0,541.0,1893.0,350.5,54.0,381.0,0.44532510638237
400,20,485.0,0.0,895.0,907.0,690.0,453.5,410.0,907.0,0.9320998191833496
400,2,752.0,105.0,966.0,744.0,859.0,424.5,214.0,639.0,0.9229226112365723
400,28,1078.0,128.0,1249.0,624.0,1163.5,376.0,171.0,496.0,0.920853316783905
400,35,206.0,0.0,567.0,865.0,386.5,432.5,361.0,865.0,0.9148005247116089
400,34,1799.0,161.0,1920.0,616.0,1859.5,388.5,121.0,455.0,0.9056115746498108
400,7,1296.0,62.0,1545.0,777.0,1420.5,419.5,249.0,715.0,0.8980463147163391
400,3,985.0,165.0,1131.0,623.0,1058.0,394.0,146.0,458.0,0.8969570398330688
400,30,0.0,0.0,204.0,840.0,102.0,420.0,204.0,840.0,0.8891277313232422
400,1,1364.0,0.0,1698.0,814.0,1531.0,407.0,334.0,814.0,0.8875977396965027
400,9,1553.0,7.0,1826.0,780.0,1689.5,393.5,273.0,773.0,0.8751270174980164
400,37,1713.0,153.0,1845.0,584.0,1779.0,368.5,132.0,431.0,0.8316584229469299
400,38,59.0,30.0,302.0,751.0,180.5,390.5,243.0,721.0,0.7332970499992371
400,22,1868.0,158.0,1920.0,541.0,1894.0,349.5,52.0,383.0,0.4357103109359741
401,20,486.0,0.0,898.0,909.0,692.0,454.5,412.0,909.0,0.9374762177467346
401,28,1074.0,128.0,1248.0,623.0,1161.0,375.5,174.0,495.0,0.9173529744148254
401,2,753.0,107.0,966.0,743.0,859.5,425.0,213.0,636.0,0.9141169190406799
401,35,186.0,0.0,570.0,864.0,378.0,432.0,384.0,864.0,0.903350293636322
401,34,1799.0,161.0,1920.0,616.0,1859.5,388.5,121.0,455.0,0.9016579985618591
401,7,1293.0,64.0,1542.0,777.0,1417.5,420.5,249.0,713.0,0.8970446586608887
401,3,983.0,164.0,1130.0,624.0,1056.5,394.0,147.0,460.0,0.8943395018577576
401,30,0.0,0.0,201.0,843.0,100.5,421.5,201.0,843.0,0.8917444944381714
401,9,1552.0,6.0,1826.0,781.0,1689.0,393.5,274.0,775.0,0.8835991621017456
401,1,1365.0,0.0,1701.0,816.0,1533.0,408.0,336.0,816.0,0.8811206221580505
401,38,57.0,13.0,302.0,750.0,179.5,381.5,245.0,737.0,0.8530062437057495
401,37,1715.0,150.0,1847.0,584.0,1781.0,367.0,132.0,434.0,0.838253378868103
401,22,1868.0,159.0,1920.0,542.0,1894.0,350.5,52.0,383.0,0.418022096157074
402,20,486.0,0.0,896.0,909.0,691.0,454.5,410.0,909.0,0.9362979531288147
402,28,1070.0,128.0,1248.0,623.0,1159.0,375.5,178.0,495.0,0.9152549505233765
402,35,196.0,0.0,571.0,866.0,383.5,433.0,375.0,866.0,0.9105595350265503
402,2,755.0,111.0,966.0,742.0,860.5,426.5,211.0,631.0,0.90764319896698
402,34,1800.0,161.0,1920.0,614.0,1860.0,387.5,120.0,453.0,0.9058236479759216
402,7,1290.0,64.0,1539.0,778.0,1414.5,421.0,249.0,714.0,0.8983074426651001
402,3,979.0,162.0,1129.0,624.0,1054.0,393.0,150.0,462.0,0.8962061405181885
402,30,0.0,0.0,196.0,846.0,98.0,423.0,196.0,846.0,0.8840442299842834
402,9,1552.0,7.0,1826.0,780.0,1689.0,393.5,274.0,773.0,0.8830933570861816
402,1,1365.0,0.0,1700.0,816.0,1532.5,408.0,335.0,816.0,0.8807052373886108
402,38,62.0,16.0,299.0,748.0,180.5,382.0,237.0,732.0,0.8649598360061646
402,37,1715.0,149.0,1847.0,584.0,1781.0,366.5,132.0,435.0,0.8382052183151245
402,22,1868.0,159.0,1920.0,539.0,1894.0,349.0,52.0,380.0,0.43040889501571655
403,20,486.0,0.0,894.0,907.0,690.0,453.5,408.0,907.0,0.9356008172035217
403,28,1069.0,128.0,1246.0,623.0,1157.5,375.5,177.0,495.0,0.9142712354660034
403,35,191.0,0.0,571.0,864.0,381.0,432.0,380.0,864.0,0.9114880561828613
403,34,1800.0,156.0,1920.0,614.0,1860.0,385.0,120.0,458.0,0.9082029461860657
403,2,754.0,111.0,967.0,744.0,860.5,427.5,213.0,633.0,0.9069153070449829
403,7,1287.0,57.0,1537.0,778.0,1412.0,417.5,250.0,721.0,0.9008551836013794
403,3,975.0,164.0,1127.0,624.0,1051.0,394.0,152.0,460.0,0.900726854801178
403,30,0.0,0.0,193.0,850.0,96.5,425.0,193.0,850.0,0.8940980434417725
403,9,1554.0,7.0,1826.0,780.0,1690.0,393.5,272.0,773.0,0.8839384913444519
403,1,1362.0,0.0,1709.0,802.0,1535.5,401.0,347.0,802.0,0.8825880289077759
403,38,63.0,13.0,300.0,746.0,181.5,379.5,237.0,733.0,0.8792014718055725
403,37,1716.0,150.0,1847.0,585.0,1781.5,367.5,131.0,435.0,0.8376826643943787
403,22,1869.0,158.0,1920.0,537.0,1894.5,347.5,51.0,379.0,0.41462621092796326
404,20,489.0,0.0,892.0,904.0,690.5,452.0,403.0,904.0,0.9374365210533142
404,34,1800.0,155.0,1920.0,615.0,1860.0,385.0,120.0,460.0,0.9135018587112427
404,28,1066.0,128.0,1246.0,622.0,1156.0,375.0,180.0,494.0,0.9129859209060669
404,3,974.0,166.0,1126.0,624.0,1050.0,395.0,152.0,458.0,0.9020635485649109
404,35,183.0,0.0,572.0,863.0,377.5,431.5,389.0,863.0,0.9016692042350769
404,7,1285.0,65.0,1529.0,777.0,1407.0,421.0,244.0,712.0,0.9005715847015381
404,2,753.0,113.0,968.0,744.0,860.5,428.5,215.0,631.0,0.8936814665794373
404,30,0.0,0.0,190.0,850.0,95.0,425.0,190.0,850.0,0.8854678273200989
404,9,1554.0,8.0,1825.0,781.0,1689.5,394.5,271.0,773.0,0.8852879405021667
404,1,1362.0,0.0,1706.0,801.0,1534.0,400.5,344.0,801.0,0.8849024176597595
404,38,66.0,12.0,296.0,744.0,181.0,378.0,230.0,732.0,0.8759757280349731
404,37,1715.0,148.0,1847.0,585.0,1781.0,366.5,132.0,437.0,0.839734673500061
404,22,1871.0,155.0,1920.0,536.0,1895.5,345.5,49.0,381.0,0.40218913555145264
405,20,494.0,0.0,895.0,902.0,694.5,451.0,401.0,902.0,0.9401932954788208
405,34,1802.0,152.0,1920.0,615.0,1861.0,383.5,118.0,463.0,0.9144347906112671
405,28,1065.0,127.0,1246.0,623.0,1155.5,375.0,181.0,496.0,0.9123945236206055
405,7,1282.0,62.0,1522.0,779.0,1402.0,420.5,240.0,717.0,0.9030988812446594
405,3,974.0,169.0,1123.0,623.0,1048.5,396.0,149.0,454.0,0.9021294116973877
405,35,172.0,0.0,578.0,864.0,375.0,432.0,406.0,864.0,0.9010665416717529
405,30,0.0,0.0,189.0,847.0,94.5,423.5,189.0,847.0,0.8910305500030518
405,1,1362.0,0.0,1706.0,801.0,1534.0,400.5,344.0,801.0,0.8898221254348755
405,9,1555.0,8.0,1827.0,782.0,1691.0,395.0,272.0,774.0,0.8864795565605164
405,2,751.0,107.0,967.0,736.0,859.0,421.5,216.0,629.0,0.8857112526893616
405,38,64.0,10.0,295.0,746.0,179.5,378.0,231.0,736.0,0.8747902512550354
405,37,1715.0,146.0,1847.0,585.0,1781.0,365.5,132.0,439.0,0.8439526557922363
405,22,1871.0,151.0,1920.0,536.0,1895.5,343.5,49.0,385.0,0.3652748465538025
406,20,497.0,0.0,892.0,900.0,694.5,450.0,395.0,900.0,0.9416124224662781
406,34,1803.0,152.0,1920.0,614.0,1861.5,383.0,117.0,462.0,0.9190636277198792
406,35,169.0,0.0,575.0,865.0,372.0,432.5,406.0,865.0,0.913203239440918
406,28,1066.0,124.0,1243.0,620.0,1154.5,372.0,177.0,496.0,0.9116227626800537
406,3,973.0,175.0,1120.0,619.0,1046.5,397.0,147.0,444.0,0.9067673087120056
406,7,1280.0,51.0,1517.0,777.0,1398.5,414.0,237.0,726.0,0.8996567130088806
406,1,1362.0,0.0,1706.0,802.0,1534.0,401.0,344.0,802.0,0.89757239818573
406,30,0.0,0.0,188.0,849.0,94.0,424.5,188.0,849.0,0.8905159831047058
406,38,65.0,8.0,289.0,747.0,177.0,377.5,224.0,739.0,0.8854597806930542
406,9,1557.0,10.0,1826.0,784.0,1691.5,397.0,269.0,774.0,0.884280800819397
406,2,758.0,115.0,967.0,733.0,862.5,424.0,209.0,618.0,0.8782416582107544
406,37,1713.0,145.0,1846.0,584.0,1779.5,364.5,133.0,439.0,0.846539318561554
406,22,1870.0,150.0,1920.0,541.0,1895.0,345.5,50.0,391.0,0.36806684732437134
407,20,501.0,0.0,893.0,899.0,697.0,449.5,392.0,899.0,0.9423641562461853
407,35,176.0,0.0,571.0,864.0,373.5,432.0,395.0,864.0,0.9282693266868591
407,34,1804.0,151.0,1920.0,614.0,1862.0,382.5,116.0,463.0,0.9204777479171753
407,3,971.0,179.0,1118.0,619.0,1044.5,399.0,147.0,440.0,0.9139810800552368
407,28,1061.0,122.0,1243.0,623.0,1152.0,372.5,182.0,501.0,0.9118953347206116
407,1,1359.0,0.0,1705.0,803.0,1532.0,401.5,346.0,803.0,0.9065722823143005
407,7,1278.0,48.0,1513.0,777.0,1395.5,412.5,235.0,729.0,0.9025431871414185
407,30,0.0,0.0,185.0,851.0,92.5,425.5,185.0,851.0,0.8984376192092896
407,38,62.0,6.0,290.0,747.0,176.0,376.5,228.0,741.0,0.892756462097168
407,9,1562.0,21.0,1824.0,776.0,1693.0,398.5,262.0,755.0,0.8837287425994873
407,2,755.0,114.0,966.0,731.0,860.5,422.5,211.0,617.0,0.8785911202430725
407,37,1707.0,146.0,1847.0,584.0,1777.0,365.0,140.0,438.0,0.8471002578735352
407,22,1870.0,149.0,1920.0,543.0,1895.0,346.0,50.0,394.0,0.3596254885196686
408,20,503.0,0.0,903.0,900.0,703.0,450.0,400.0,900.0,0.9411388635635376
408,35,176.0,0.0,574.0,865.0,375.0,432.5,398.0,865.0,0.9305506348609924
408,3,970.0,181.0,1117.0,619.0,1043.5,400.0,147.0,438.0,0.9190702438354492
408,34,1804.0,150.0,1920.0,614.0,1862.0,382.0,116.0,464.0,0.9188868999481201
408,28,1058.0,121.0,1241.0,623.0,1149.5,372.0,183.0,502.0,0.913628101348877
408,1,1359.0,0.0,1705.0,804.0,1532.0,402.0,346.0,804.0,0.909512996673584
408,7,1275.0,47.0,1508.0,778.0,1391.5,412.5,233.0,731.0,0.9053764343261719
408,38,63.0,3.0,286.0,745.0,174.5,374.0,223.0,742.0,0.89947909116745
408,30,0.0,0.0,182.0,852.0,91.0,426.0,182.0,852.0,0.8960115909576416
408,9,1564.0,22.0,1824.0,775.0,1694.0,398.5,260.0,753.0,0.8920455574989319
408,2,751.0,111.0,963.0,731.0,857.0,421.0,212.0,620.0,0.8703047633171082
408,37,1708.0,145.0,1845.0,584.0,1776.5,364.5,137.0,439.0,0.8440947532653809
408,22,1870.0,148.0,1920.0,542.0,1895.0,345.0,50.0,394.0,0.3386538624763489
409,20,507.0,0.0,904.0,898.0,705.5,449.0,397.0,898.0,0.940255880355835
409,35,175.0,0.0,569.0,865.0,372.0,432.5,394.0,865.0,0.9362798929214478
409,3,966.0,187.0,1115.0,619.0,1040.5,403.0,149.0,432.0,0.9247954487800598
409,28,1062.0,119.0,1240.0,621.0,1151.0,370.0,178.0,502.0,0.9191675186157227
409,1,1359.0,0.0,1705.0,803.0,1532.0,401.5,346.0,803.0,0.9190384745597839
409,34,1804.0,149.0,1920.0,614.0,1862.0,381.5,116.0,465.0,0.9152998924255371
409,7,1269.0,45.0,1507.0,778.0,1388.0,411.5,238.0,733.0,0.9071279168128967
409,9,1567.0,24.0,1826.0,776.0,1696.5,400.0,259.0,752.0,0.9025862812995911
409,30,0.0,0.0,179.0,856.0,89.5,428.0,179.0,856.0,0.8960171341896057
409,38,65.0,3.0,286.0,745.0,175.5,374.0,221.0,742.0,0.8948591947555542
409,2,754.0,121.0,963.0,740.0,858.5,430.5,209.0,619.0,0.8653174042701721
409,37,1709.0,146.0,1845.0,583.0,1777.0,364.5,136.0,437.0,0.8396881222724915
409,22,1872.0,146.0,1920.0,538.0,1896.0,342.0,48.0,392.0,0.28719770908355713
410,35,175.0,0.0,566.0,864.0,370.5,432.0,391.0,864.0,0.9410291910171509
410,20,511.0,0.0,903.0,897.0,707.0,448.5,392.0,897.0,0.9393930435180664
410,3,961.0,187.0,1116.0,619.0,1038.5,403.0,155.0,432.0,0.9247509837150574
410,1,1358.0,0.0,1704.0,802.0,1531.0,401.0,346.0,802.0,0.9232490658760071
410,28,1060.0,119.0,1238.0,621.0,1149.0,370.0,178.0,502.0,0.9218786954879761
410,34,1807.0,152.0,1920.0,612.0,1863.5,382.0,113.0,460.0,0.9150522351264954
410,7,1268.0,44.0,1505.0,777.0,1386.5,410.5,237.0,733.0,0.9106531739234924
410,9,1569.0,27.0,1827.0,779.0,1698.0,403.0,258.0,752.0,0.9086558818817139
410,38,63.0,2.0,286.0,746.0,174.5,374.0,223.0,744.0,0.8900482058525085
410,30,0.0,0.0,175.0,855.0,87.5,427.5,175.0,855.0,0.8875538110733032
410,37,1708.0,147.0,1844.0,584.0,1776.0,365.5,136.0,437.0,0.8515973091125488
410,2,752.0,130.0,960.0,739.0,856.0,434.5,208.0,609.0,0.8406260013580322
410,22,1873.0,148.0,1920.0,534.0,1896.5,341.0,47.0,386.0,0.25572091341018677
411,35,174.0,0.0,561.0,864.0,367.5,432.0,387.0,864.0,0.9431042671203613
411,20,513.0,0.0,906.0,897.0,709.5,448.5,393.0,897.0,0.935360312461853
411,1,1356.0,0.0,1702.0,802.0,1529.0,401.0,346.0,802.0,0.9257155656814575
411,3,959.0,188.0,1115.0,620.0,1037.0,404.0,156.0,432.0,0.9229201674461365
411,28,1055.0,117.0,1239.0,620.0,1147.0,368.5,184.0,503.0,0.9223795533180237
411,34,1808.0,154.0,1920.0,612.0,1864.0,383.0,112.0,458.0,0.9168351292610168
411,9,1570.0,28.0,1828.0,783.0,1699.0,405.5,258.0,755.0,0.9111313819885254
411,7,1266.0,41.0,1506.0,778.0,1386.0,409.5,240.0,737.0,0.9107624888420105
411,30,0.0,0.0,173.0,855.0,86.5,427.5,173.0,855.0,0.8922808766365051
411,38,65.0,2.0,282.0,745.0,173.5,373.5,217.0,743.0,0.8853607773780823
411,37,1707.0,150.0,1843.0,586.0,1775.0,368.0,136.0,436.0,0.8455911874771118
411,2,751.0,138.0,955.0,737.0,853.0,437.5,204.0,599.0,0.8413445949554443
412,35,174.0,0.0,562.0,864.0,368.0,432.0,388.0,864.0,0.9441404938697815
412,20,514.0,0.0,908.0,897.0,711.0,448.5,394.0,897.0,0.9339903593063354
412,1,1355.0,0.0,1702.0,804.0,1528.5,402.0,347.0,804.0,0.9283108115196228
412,28,1054.0,116.0,1238.0,619.0,1146.0,367.5,184.0,503.0,0.9221205115318298
412,3,958.0,189.0,1115.0,621.0,1036.5,405.0,157.0,432.0,0.9197344779968262
412,9,1572.0,26.0,1829.0,786.0,1700.5,406.0,257.0,760.0,0.9128676056861877
412,34,1808.0,162.0,1920.0,609.0,1864.0,385.5,112.0,447.0,0.9106237292289734
412,7,1265.0,37.0,1506.0,779.0,1385.5,408.0,241.0,742.0,0.9095704555511475
412,30,0.0,0.0,172.0,855.0,86.0,427.5,172.0,855.0,0.8954579830169678
412,38,63.0,2.0,280.0,746.0,171.5,374.0,217.0,744.0,0.8841309547424316
412,37,1713.0,154.0,1842.0,581.0,1777.5,367.5,129.0,427.0,0.8368495106697083
412,2,762.0,161.0,949.0,728.0,855.5,444.5,187.0,567.0,0.8147431015968323
413,35,172.0,0.0,557.0,864.0,364.5,432.0,385.0,864.0,0.946952223777771
413,20,515.0,0.0,910.0,898.0,712.5,449.0,395.0,898.0,0.9373539686203003
413,1,1355.0,0.0,1701.0,805.0,1528.0,402.5,346.0,805.0,0.9317121505737305
413,28,1052.0,116.0,1238.0,620.0,1145.0,368.0,186.0,504.0,0.9227074384689331
413,3,957.0,188.0,1116.0,621.0,1036.5,404.5,159.0,433.0,0.9176845550537109
413,9,1574.0,27.0,1832.0,786.0,1703.0,406.5,258.0,759.0,0.9137280583381653
413,7,1266.0,36.0,1506.0,782.0,1386.0,409.0,240.0,746.0,0.9095625281333923
413,34,1808.0,157.0,1920.0,610.0,1864.0,383.5,112.0,453.0,0.9095526933670044
413,30,0.0,0.0,170.0,852.0,85.0,426.0,170.0,852.0,0.8933997750282288
413,38,63.0,1.0,279.0,746.0,171.0,373.5,216.0,745.0,0.8893771767616272
413,37,1716.0,155.0,1844.0,584.0,1780.0,369.5,128.0,429.0,0.8312724828720093
413,2,764.0,161.0,946.0,727.0,855.0,444.0,182.0,566.0,0.8215101361274719
414,35,170.0,0.0,554.0,864.0,362.0,432.0,384.0,864.0,0.9456959962844849
414,1,1356.0,0.0,1700.0,806.0,1528.0,403.0,344.0,806.0,0.9372299313545227
414,20,515.0,0.0,910.0,898.0,712.5,449.0,395.0,898.0,0.9346497654914856
414,28,1047.0,116.0,1239.0,623.0,1143.0,369.5,192.0,507.0,0.9254633188247681
414,3,955.0,188.0,1116.0,622.0,1035.5,405.0,161.0,434.0,0.9189870953559875
414,9,1578.0,27.0,1835.0,791.0,1706.5,409.0,257.0,764.0,0.9127767086029053
414,7,1264.0,35.0,1507.0,783.0,1385.5,409.0,243.0,748.0,0.9105006456375122
414,34,1806.0,160.0,1920.0,611.0,1863.0,385.5,114.0,451.0,0.9051935076713562
414,30,0.0,0.0,170.0,850.0,85.0,425.0,170.0,850.0,0.8998534679412842
414,38,61.0,2.0,281.0,745.0,171.0,373.5,220.0,743.0,0.885244607925415
414,2,760.0,162.0,944.0,728.0,852.0,445.0,184.0,566.0,0.843557596206665
414,37,1724.0,174.0,1845.0,583.0,1784.5,378.5,121.0,409.0,0.7341965436935425
415,35,168.0,0.0,551.0,864.0,359.5,432.0,383.0,864.0,0.9461095333099365
415,1,1354.0,0.0,1700.0,807.0,1527.0,403.5,346.0,807.0,0.938565194606781
415,20,514.0,0.0,924.0,900.0,719.0,450.0,410.0,900.0,0.9316098690032959
415,28,1048.0,116.0,1238.0,623.0,1143.0,369.5,190.0,507.0,0.9216760993003845
415,3,951.0,188.0,1116.0,624.0,1033.5,406.0,165.0,436.0,0.9196999669075012
415,9,1578.0,26.0,1836.0,795.0,1707.0,410.5,258.0,769.0,0.9164804220199585
415,7,1263.0,35.0,1505.0,781.0,1384.0,408.0,242.0,746.0,0.9097303748130798
415,34,1807.0,162.0,1920.0,613.0,1863.5,387.5,113.0,451.0,0.9093661904335022
415,30,0.0,0.0,168.0,847.0,84.0,423.5,168.0,847.0,0.8984034061431885
415,38,62.0,3.0,279.0,743.0,170.5,373.0,217.0,740.0,0.8875970840454102
415,2,751.0,165.0,942.0,728.0,846.5,446.5,191.0,563.0,0.8442986011505127
415,37,1725.0,177.0,1846.0,584.0,1785.5,380.5,121.0,407.0,0.5870185494422913
416,35,167.0,0.0,550.0,866.0,358.5,433.0,383.0,866.0,0.9467213749885559
416,1,1353.0,0.0,1698.0,807.0,1525.5,403.5,345.0,807.0,0.9401049613952637
416,20,515.0,0.0,929.0,900.0,722.0,450.0,414.0,900.0,0.9294049143791199
416,3,947.0,187.0,1113.0,624.0,1030.0,405.5,166.0,437.0,0.9214556217193604
416,28,1050.0,117.0,1237.0,622.0,1143.5,369.5,187.0,505.0,0.9159577488899231
416,7,1261.0,35.0,1505.0,780.0,1383.0,407.5,244.0,745.0,0.9107423424720764
416,9,1580.0,26.0,1839.0,794.0,1709.5,410.0,259.0,768.0,0.910710871219635
416,34,1807.0,166.0,1920.0,614.0,1863.5,390.0,113.0,448.0,0.9031774401664734
416,30,0.0,0.0,166.0,845.0,83.0,422.5,166.0,845.0,0.8994712829589844
416,38,60.0,3.0,278.0,744.0,169.0,373.5,218.0,741.0,0.8880248069763184
416,2,740.0,159.0,935.0,730.0,837.5,444.5,195.0,571.0,0.8192237019538879
416,37,1725.0,192.0,1845.0,583.0,1785.0,387.5,120.0,391.0,0.5674617290496826
417,1,1352.0,0.0,1696.0,809.0,1524.0,404.5,344.0,809.0,0.9428813457489014
417,35,161.0,0.0,545.0,866.0,353.0,433.0,384.0,866.0,0.9382066130638123
417,20,515.0,0.0,927.0,900.0,721.0,450.0,412.0,900.0,0.9297158718109131
417,3,945.0,187.0,1110.0,623.0,1027.5,405.0,165.0,436.0,0.9268770813941956
417,28,1051.0,118.0,1236.0,622.0,1143.5,370.0,185.0,504.0,0.9167137742042542
417,9,1579.0,24.0,1844.0,793.0,1711.5,408.5,265.0,769.0,0.9121817350387573
417,7,1261.0,35.0,1505.0,784.0,1383.0,409.5,244.0,749.0,0.9107630848884583
417,30,0.0,0.0,165.0,845.0,82.5,422.5,165.0,845.0,0.8974299430847168
417,38,57.0,2.0,279.0,745.0,168.0,373.5,222.0,743.0,0.8924897909164429
417,34,1805.0,167.0,1920.0,615.0,1862.5,391.0,115.0,448.0,0.8897152543067932
417,2,738.0,161.0,935.0,732.0,836.5,446.5,197.0,571.0,0.8485095500946045
417,37,1724.0,191.0,1847.0,583.0,1785.5,387.0,123.0,392.0,0.5566293001174927
418,1,1350.0,0.0,1695.0,811.0,1522.5,405.5,345.0,811.0,0.9452716112136841
418,3,941.0,185.0,1106.0,625.0,1023.5,405.0,165.0,440.0,0.9300852417945862
418,20,515.0,0.0,927.0,898.0,721.0,449.0,412.0,898.0,0.9184450507164001
418,28,1050.0,120.0,1235.0,623.0,1142.5,371.5,185.0,503.0,0.9171556830406189
418,35,163.0,0.0,539.0,863.0,351.0,431.5,376.0,863.0,0.914359986782074
418,7,1261.0,36.0,1505.0,784.0,1383.0,410.0,244.0,748.0,0.9120457172393799
418,9,1582.0,22.0,1847.0,794.0,1714.5,408.0,265.0,772.0,0.9103478789329529
418,30,0.0,0.0,162.0,848.0,81.0,424.0,162.0,848.0,0.89938884973526
418,38,51.0,3.0,277.0,745.0,164.0,374.0,226.0,742.0,0.8965795040130615
418,34,1807.0,171.0,1920.0,615.0,1863.5,393.0,113.0,444.0,0.8871074914932251
418,2,730.0,172.0,933.0,731.0,831.5,451.5,203.0,559.0,0.8338996171951294
418,37,1722.0,194.0,1847.0,582.0,1784.5,388.0,125.0,388.0,0.5316571593284607
419,1,1348.0,0.0,1693.0,811.0,1520.5,405.5,345.0,811.0,0.9467592835426331
419,3,939.0,183.0,1104.0,624.0,1021.5,403.5,165.0,441.0,0.9308001399040222
419,28,1049.0,121.0,1234.0,620.0,1141.5,370.5,185.0,499.0,0.9171899557113647
419,7,1260.0,37.0,1504.0,782.0,1382.0,409.5,244.0,745.0,0.912322998046875
419,20,517.0,0.0,928.0,897.0,722.5,448.5,411.0,897.0,0.9114817976951599
419,9,1581.0,18.0,1849.0,795.0,1715.0,406.5,268.0,777.0,0.9080517292022705
419,38,46.0,3.0,275.0,747.0,160.5,375.0,229.0,744.0,0.9026184678077698
419,35,163.0,0.0,536.0,863.0,349.5,431.5,373.0,863.0,0.9011685848236084
419,30,0.0,0.0,160.0,846.0,80.0,423.0,160.0,846.0,0.8982855081558228
419,34,1808.0,172.0,1920.0,615.0,1864.0,393.5,112.0,443.0,0.8790625929832458
419,2,724.0,168.0,930.0,730.0,827.0,449.0,206.0,562.0,0.8260394930839539
419,37,1719.0,188.0,1848.0,583.0,1783.5,385.5,129.0,395.0,0.5701138377189636
420,1,1342.0,0.0,1686.0,820.0,1514.0,410.0,344.0,820.0,0.9470145106315613
420,3,936.0,181.0,1099.0,621.0,1017.5,401.0,163.0,440.0,0.9199202656745911
420,28,1049.0,122.0,1232.0,622.0,1140.5,372.0,183.0,500.0,0.9178868532180786
420,20,519.0,0.0,925.0,897.0,722.0,448.5,406.0,897.0,0.9110252857208252
420,9,1586.0,22.0,1851.0,791.0,1718.5,406.5,265.0,769.0,0.909113347530365
420,7,1259.0,40.0,1506.0,782.0,1382.5,411.0,247.0,742.0,0.9088094234466553
420,38,42.0,3.0,276.0,747.0,159.0,375.0,234.0,744.0,0.9066951274871826
420,35,159.0,0.0,534.0,874.0,346.5,437.0,375.0,874.0,0.9019474387168884
420,30,0.0,0.0,159.0,850.0,79.5,425.0,159.0,850.0,0.8918734192848206
420,34,1807.0,174.0,1920.0,617.0,1863.5,395.5,113.0,443.0,0.8814681172370911
420,2,723.0,171.0,928.0,731.0,825.5,451.0,205.0,560.0,0.8405681848526001
420,37,1708.0,173.0,1852.0,586.0,1780.0,379.5,144.0,413.0,0.4619515836238861
421,1,1342.0,0.0,1687.0,812.0,1514.5,406.0,345.0,812.0,0.9457427859306335
421,28,1051.0,123.0,1229.0,622.0,1140.0,372.5,178.0,499.0,0.9231271147727966
421,9,1586.0,18.0,1854.0,791.0,1720.0,404.5,268.0,773.0,0.9133126735687256
421,38,40.0,4.0,272.0,748.0,156.0,376.0,232.0,744.0,0.9117851257324219
421,35,164.0,0.0,531.0,869.0,347.5,434.5,367.0,869.0,0.9106261730194092
421,7,1257.0,42.0,1505.0,782.0,1381.0,412.0,248.0,740.0,0.9083095788955688
421,3,933.0,179.0,1092.0,620.0,1012.5,399.5,159.0,441.0,0.9022566080093384
421,20,519.0,0.0,922.0,896.0,720.5,448.0,403.0,896.0,0.8987972140312195
421,30,0.0,0.0,159.0,853.0,79.5,426.5,159.0,853.0,0.8894948959350586
421,34,1808.0,176.0,1920.0,617.0,1864.0,396.5,112.0,441.0,0.8886466026306152
421,2,720.0,175.0,925.0,731.0,822.5,453.0,205.0,556.0,0.8466169238090515
421,37,1703.0,165.0,1855.0,589.0,1779.0,377.0,152.0,424.0,0.41417887806892395
422,1,1334.0,0.0,1682.0,823.0,1508.0,411.5,348.0,823.0,0.94327712059021
422,35,164.0,0.0,529.0,870.0,346.5,435.0,365.0,870.0,0.9242833256721497
422,28,1049.0,123.0,1227.0,623.0,1138.0,373.0,178.0,500.0,0.922548770904541
422,9,1586.0,16.0,1857.0,790.0,1721.5,403.0,271.0,774.0,0.91395103931427
422,7,1260.0,45.0,1507.0,789.0,1383.5,417.0,247.0,744.0,0.9122797250747681
422,38,40.0,5.0,271.0,748.0,155.5,376.5,231.0,743.0,0.9085396528244019
422,20,519.0,0.0,921.0,898.0,720.0,449.0,402.0,898.0,0.8919720649719238
422,30,0.0,0.0,156.0,851.0,78.0,425.5,156.0,851.0,0.8842216730117798
422,34,1810.0,175.0,1920.0,618.0,1865.0,396.5,110.0,443.0,0.8819633722305298
422,2,714.0,171.0,926.0,731.0,820.0,451.0,212.0,560.0,0.8461472988128662
422,3,931.0,170.0,1087.0,620.0,1009.0,395.0,156.0,450.0,0.8410196900367737
422,37,1700.0,162.0,1858.0,588.0,1779.0,375.0,158.0,426.0,0.4056335389614105
423,1,1332.0,0.0,1677.0,828.0,1504.5,414.0,345.0,828.0,0.9394498467445374
423,28,1048.0,125.0,1224.0,625.0,1136.0,375.0,176.0,500.0,0.919204831123352
423,35,163.0,0.0,528.0,871.0,345.5,435.5,365.0,871.0,0.9155208468437195
423,9,1584.0,12.0,1861.0,790.0,1722.5,401.0,277.0,778.0,0.9137607216835022
423,7,1259.0,49.0,1508.0,788.0,1383.5,418.5,249.0,739.0,0.9070412516593933
423,38,38.0,6.0,271.0,747.0,154.5,376.5,233.0,741.0,0.9070093631744385
423,3,925.0,178.0,1080.0,620.0,1002.5,399.0,155.0,442.0,0.8897881507873535
423,30,0.0,0.0,154.0,860.0,77.0,430.0,154.0,860.0,0.877756655216217
423,20,516.0,0.0,920.0,899.0,718.0,449.5,404.0,899.0,0.8693339228630066
423,34,1813.0,175.0,1920.0,618.0,1866.5,396.5,107.0,443.0,0.8546102046966553
423,2,707.0,170.0,923.0,733.0,815.0,451.5,216.0,563.0,0.8353742361068726
423,37,1701.0,161.0,1859.0,590.0,1780.0,375.5,158.0,429.0,0.45510604977607727
424,1,1330.0,0.0,1674.0,826.0,1502.0,413.0,344.0,826.0,0.9387103319168091
424,9,1587.0,11.0,1865.0,790.0,1726.0,400.5,278.0,779.0,0.915962278842926
424,28,1046.0,126.0,1220.0,626.0,1133.0,376.0,174.0,500.0,0.9132065176963806
424,7,1259.0,54.0,1508.0,787.0,1383.5,420.5,249.0,733.0,0.9100958704948425
424,3,923.0,174.0,1074.0,622.0,998.5,398.0,151.0,448.0,0.908645749092102
424,38,38.0,7.0,267.0,747.0,152.5,377.0,229.0,740.0,0.9071980714797974
424,35,165.0,0.0,527.0,867.0,346.0,433.5,362.0,867.0,0.8956974148750305
424,30,0.0,0.0,153.0,864.0,76.5,432.0,153.0,864.0,0.8700318336486816
424,20,516.0,0.0,919.0,895.0,717.5,447.5,403.0,895.0,0.8670657873153687
424,34,1814.0,176.0,1920.0,619.0,1867.0,397.5,106.0,443.0,0.8258793354034424
424,2,696.0,163.0,921.0,734.0,808.5,448.5,225.0,571.0,0.8044369220733643
424,37,1699.0,162.0,1861.0,591.0,1780.0,376.5,162.0,429.0,0.48056647181510925
425,1,1328.0,0.0,1671.0,827.0,1499.5,413.5,343.0,827.0,0.9327337741851807
425,9,1585.0,10.0,1870.0,790.0,1727.5,400.0,285.0,780.0,0.9167518019676208
425,3,921.0,170.0,1069.0,622.0,995.0,396.0,148.0,452.0,0.9146142601966858
425,7,1256.0,55.0,1506.0,786.0,1381.0,420.5,250.0,731.0,0.9083398580551147
425,28,1043.0,127.0,1217.0,626.0,1130.0,376.5,174.0,499.0,0.9076333045959473
425,38,34.0,8.0,267.0,749.0,150.5,378.5,233.0,741.0,0.901737630367279
425,35,166.0,0.0,525.0,866.0,345.5,433.0,359.0,866.0,0.8852756023406982
425,20,517.0,0.0,916.0,895.0,716.5,447.5,399.0,895.0,0.8715097904205322
425,30,0.0,0.0,151.0,854.0,75.5,427.0,151.0,854.0,0.8488345742225647
425,34,1814.0,176.0,1920.0,615.0,1867.0,395.5,106.0,439.0,0.827688455581665
425,2,693.0,156.0,919.0,735.0,806.0,445.5,226.0,579.0,0.7922536134719849
425,37,1700.0,163.0,1863.0,588.0,1781.5,375.5,163.0,425.0,0.4608490467071533
426,1,1326.0,0.0,1667.0,824.0,1496.5,412.0,341.0,824.0,0.926893949508667
426,9,1585.0,7.0,1874.0,791.0,1729.5,399.0,289.0,784.0,0.9161620736122131
426,3,917.0,170.0,1065.0,621.0,991.0,395.5,148.0,451.0,0.9122947454452515
426,7,1255.0,54.0,1506.0,787.0,1380.5,420.5,251.0,733.0,0.9093600511550903
426,28,1041.0,128.0,1213.0,627.0,1127.0,377.5,172.0,499.0,0.9056347012519836
426,38,31.0,9.0,265.0,750.0,148.0,379.5,234.0,741.0,0.8990085124969482
426,20,517.0,0.0,915.0,897.0,716.0,448.5,398.0,897.0,0.8881510496139526
426,35,166.0,0.0,524.0,865.0,345.0,432.5,358.0,865.0,0.8853885531425476
426,30,0.0,0.0,145.0,793.0,72.5,396.5,145.0,793.0,0.8580174446105957
426,34,1816.0,171.0,1920.0,615.0,1868.0,393.0,104.0,444.0,0.8336973786354065
426,2,692.0,159.0,916.0,735.0,804.0,447.0,224.0,576.0,0.7998510599136353
426,37,1698.0,171.0,1862.0,585.0,1780.0,378.0,164.0,414.0,0.460521399974823
427,9,1584.0,3.0,1876.0,790.0,1730.0,396.5,292.0,787.0,0.9162151217460632
427,1,1325.0,0.0,1664.0,820.0,1494.5,410.0,339.0,820.0,0.9134179949760437
427,3,912.0,171.0,1065.0,620.0,988.5,395.5,153.0,449.0,0.9129171967506409
427,7,1255.0,54.0,1506.0,787.0,1380.5,420.5,251.0,733.0,0.90960294008255
427,28,1036.0,127.0,1209.0,626.0,1122.5,376.5,173.0,499.0,0.9018418788909912
427,20,518.0,0.0,912.0,899.0,715.0,449.5,394.0,899.0,0.9007276296615601
427,38,31.0,9.0,263.0,751.0,147.0,380.0,232.0,742.0,0.8946969509124756
427,35,167.0,0.0,524.0,866.0,345.5,433.0,357.0,866.0,0.8810926675796509
427,30,0.0,0.0,142.0,798.0,71.0,399.0,142.0,798.0,0.856144368648529
427,34,1818.0,170.0,1920.0,613.0,1869.0,391.5,102.0,443.0,0.847173810005188
427,2,685.0,138.0,914.0,739.0,799.5,438.5,229.0,601.0,0.7773187160491943
427,37,1716.0,180.0,1859.0,577.0,1787.5,378.5,143.0,397.0,0.500917375087738
428,9,1589.0,0.0,1878.0,789.0,1733.5,394.5,289.0,789.0,0.9143227338790894
428,3,911.0,170.0,1063.0,621.0,987.0,395.5,152.0,451.0,0.9124101996421814
428,7,1255.0,59.0,1506.0,787.0,1380.5,423.0,251.0,728.0,0.906363308429718
428,1,1319.0,0.0,1660.0,805.0,1489.5,402.5,341.0,805.0,0.903269350528717
428,28,1038.0,124.0,1205.0,625.0,1121.5,374.5,167.0,501.0,0.9030695557594299
428,20,518.0,0.0,912.0,899.0,715.0,449.5,394.0,899.0,0.9002830386161804
428,38,28.0,10.0,264.0,752.0,146.0,381.0,236.0,742.0,0.887434720993042
428,35,167.0,0.0,523.0,866.0,345.0,433.0,356.0,866.0,0.8796579241752625
428,30,0.0,0.0,139.0,792.0,69.5,396.0,139.0,792.0,0.8529951572418213
428,34,1821.0,168.0,1920.0,613.0,1870.5,390.5,99.0,445.0,0.8421514630317688
428,2,686.0,135.0,912.0,741.0,799.0,438.0,226.0,606.0,0.7549370527267456
428,37,1721.0,182.0,1857.0,575.0,1789.0,378.5,136.0,393.0,0.5001742839813232
429,20,523.0,0.0,906.0,891.0,714.5,445.5,383.0,891.0,0.9150456786155701
429,3,908.0,170.0,1061.0,620.0,984.5,395.0,153.0,450.0,0.9122341871261597
429,9,1587.0,0.0,1881.0,787.0,1734.0,393.5,294.0,787.0,0.9097499847412109
429,28,1037.0,124.0,1201.0,624.0,1119.0,374.0,164.0,500.0,0.9062635898590088
429,7,1255.0,63.0,1504.0,787.0,1379.5,425.0,249.0,724.0,0.9044635891914368
429,1,1316.0,0.0,1659.0,806.0,1487.5,403.0,343.0,806.0,0.9023902416229248
429,35,167.0,0.0,523.0,868.0,345.0,434.0,356.0,868.0,0.8860730528831482
429,38,26.0,8.0,263.0,753.0,144.5,380.5,237.0,745.0,0.8776333928108215
429,30,0.0,0.0,137.0,791.0,68.5,395.5,137.0,791.0,0.8502962589263916
429,34,1823.0,165.0,1920.0,609.0,1871.5,387.0,97.0,444.0,0.8496426939964294
429,2,680.0,115.0,910.0,742.0,795.0,428.5,230.0,627.0,0.6290757060050964
429,37,1724.0,180.0,1858.0,570.0,1791.0,375.0,134.0,390.0,0.48297953605651855
430,20,525.0,0.0,905.0,889.0,715.0,444.5,380.0,889.0,0.9159190058708191
430,3,904.0,172.0,1057.0,621.0,980.5,396.5,153.0,449.0,0.9117016792297363
430,28,1038.0,123.0,1199.0,624.0,1118.5,373.5,161.0,501.0,0.9089662432670593
430,1,1314.0,0.0,1658.0,805.0,1486.0,402.5,344.0,805.0,0.9056602716445923
430,9,1588.0,0.0,1883.0,786.0,1735.5,393.0,295.0,786.0,0.9035919308662415
430,7,1256.0,71.0,1502.0,788.0,1379.0,429.5,246.0,717.0,0.9022151827812195
430,35,167.0,0.0,522.0,869.0,344.5,434.5,355.0,869.0,0.8867450952529907
430,38,20.0,13.0,261.0,756.0,140.5,384.5,241.0,743.0,0.8771117925643921
430,34,1826.0,163.0,1920.0,609.0,1873.0,386.0,94.0,446.0,0.8456676602363586
430,30,0.0,0.0,137.0,793.0,68.5,396.5,137.0,793.0,0.8409786224365234
430,2,679.0,104.0,908.0,742.0,793.5,423.0,229.0,638.0,0.6220532655715942
430,37,1725.0,176.0,1859.0,569.0,1792.0,372.5,134.0,393.0,0.5185102820396423
430,39,327.0,90.0,520.0,622.0,423.5,356.0,193.0,532.0,0.475510835647583
431,20,526.0,0.0,903.0,888.0,714.5,444.0,377.0,888.0,0.9262691140174866
431,28,1037.0,122.0,1197.0,625.0,1117.0,373.5,160.0,503.0,0.9139984250068665
431,3,901.0,177.0,1053.0,619.0,977.0,398.0,152.0,442.0,0.9115314483642578
431,1,1313.0,0.0,1655.0,805.0,1484.0,402.5,342.0,805.0,0.9015535116195679
431,7,1257.0,74.0,1501.0,789.0,1379.0,431.5,244.0,715.0,0.8972763419151306
431,9,1585.0,0.0,1884.0,785.0,1734.5,392.5,299.0,785.0,0.8939250111579895
431,35,168.0,0.0,521.0,873.0,344.5,436.5,353.0,873.0,0.8875919580459595
431,38,15.0,11.0,260.0,757.0,137.5,384.0,245.0,746.0,0.8824951648712158
431,34,1828.0,162.0,1920.0,610.0,1874.0,386.0,92.0,448.0,0.8420332074165344
431,30,1.0,0.0,136.0,779.0,68.5,389.5,135.0,779.0,0.8338978290557861
431,37,1725.0,177.0,1862.0,573.0,1793.5,375.0,137.0,396.0,0.6075413823127747
431,39,337.0,106.0,518.0,608.0,427.5,357.0,181.0,502.0,0.577603816986084
431,2,674.0,85.0,905.0,747.0,789.5,416.0,231.0,662.0,0.5161679983139038
432,20,526.0,0.0,902.0,887.0,714.0,443.5,376.0,887.0,0.9264497756958008
432,28,1036.0,119.0,1195.0,624.0,1115.5,371.5,159.0,505.0,0.9186291098594666
432,3,898.0,178.0,1052.0,620.0,975.0,399.0,154.0,442.0,0.9119603037834167
432,1,1309.0,0.0,1654.0,804.0,1481.5,402.0,345.0,804.0,0.896154522895813
432,35,165.0,0.0,521.0,877.0,343.0,438.5,356.0,877.0,0.8951267004013062
432,38,12.0,0.0,262.0,769.0,137.0,384.5,250.0,769.0,0.8931359052658081
432,9,1585.0,0.0,1885.0,786.0,1735.0,393.0,300.0,786.0,0.8929113745689392
432,7,1258.0,75.0,1501.0,789.0,1379.5,432.0,243.0,714.0,0.8846405744552612
432,34,1831.0,161.0,1920.0,609.0,1875.5,385.0,89.0,448.0,0.8420932292938232
432,37,1725.0,177.0,1862.0,574.0,1793.5,375.5,137.0,397.0,0.6283552050590515
432,39,346.0,121.0,517.0,604.0,431.5,362.5,171.0,483.0,0.6255675554275513
432,2,677.0,96.0,904.0,736.0,790.5,416.0,227.0,640.0,0.6120955944061279
432,30,0.0,0.0,134.0,821.0,67.0,410.5,134.0,821.0,0.5011502504348755
433,20,527.0,0.0,904.0,886.0,715.5,443.0,377.0,886.0,0.9274041056632996
433,28,1033.0,118.0,1194.0,623.0,1113.5,370.5,161.0,505.0,0.9229273796081543
433,3,892.0,175.0,1052.0,622.0,972.0,398.5,160.0,447.0,0.908428430557251
433,1,1308.0,0.0,1653.0,805.0,1480.5,402.5,345.0,805.0,0.900549054145813
433,38,12.0,0.0,262.0,769.0,137.0,384.5,250.0,769.0,0.8980547785758972
433,35,164.0,0.0,522.0,878.0,343.0,439.0,358.0,878.0,0.8935103416442871
433,9,1585.0,0.0,1885.0,785.0,1735.0,392.5,300.0,785.0,0.890001654624939
433,7,1258.0,73.0,1498.0,792.0,1378.0,432.5,240.0,719.0,0.8795274496078491
433,34,1833.0,161.0,1920.0,610.0,1876.5,385.5,87.0,449.0,0.8414321541786194
433,37,1724.0,183.0,1861.0,577.0,1792.5,380.0,137.0,394.0,0.6270565390586853
433,39,352.0,132.0,520.0,603.0,436.0,367.5,168.0,471.0,0.5628334879875183
433,2,670.0,105.0,901.0,738.0,785.5,421.5,231.0,633.0,0.5111340880393982
433,30,0.0,0.0,134.0,810.0,67.0,405.0,134.0,810.0,0.5006005764007568
434,20,526.0,0.0,907.0,887.0,716.5,443.5,381.0,887.0,0.9424890875816345
434,28,1029.0,117.0,1192.0,624.0,1110.5,370.5,163.0,507.0,0.9204135537147522
434,1,1307.0,0.0,1652.0,807.0,1479.5,403.5,345.0,807.0,0.9060954451560974
434,38,11.0,0.0,260.0,769.0,135.5,384.5,249.0,769.0,0.9058879017829895
434,35,163.0,0.0,520.0,872.0,341.5,436.0,357.0,872.0,0.8966140747070312
434,3,888.0,173.0,1050.0,621.0,969.0,397.0,162.0,448.0,0.8955941796302795
434,7,1257.0,69.0,1496.0,795.0,1376.5,432.0,239.0,726.0,0.8842397928237915
434,9,1584.0,0.0,1887.0,786.0,1735.5,393.0,303.0,786.0,0.8802431225776672
434,34,1832.0,161.0,1920.0,610.0,1876.0,385.5,88.0,449.0,0.8407557010650635
434,37,1725.0,181.0,1860.0,578.0,1792.5,379.5,135.0,397.0,0.6078807711601257
434,39,370.0,151.0,524.0,603.0,447.0,377.0,154.0,452.0,0.5347906947135925
434,30,0.0,0.0,134.0,809.0,67.0,404.5,134.0,809.0,0.48522284626960754
435,20,526.0,0.0,907.0,887.0,716.5,443.5,381.0,887.0,0.9454494118690491
435,28,1023.0,115.0,1190.0,624.0,1106.5,369.5,167.0,509.0,0.9102703332901001
435,38,9.0,0.0,259.0,765.0,134.0,382.5,250.0,765.0,0.9099630117416382
435,1,1306.0,0.0,1651.0,808.0,1478.5,404.0,345.0,808.0,0.909563422203064
435,35,162.0,0.0,519.0,873.0,340.5,436.5,357.0,873.0,0.9012875556945801
435,9,1586.0,0.0,1887.0,785.0,1736.5,392.5,301.0,785.0,0.8788933753967285
435,7,1256.0,71.0,1493.0,795.0,1374.5,433.0,237.0,724.0,0.878067672252655
435,3,883.0,176.0,1046.0,622.0,964.5,399.0,163.0,446.0,0.8773571252822876
435,34,1831.0,161.0,1920.0,609.0,1875.5,385.0,89.0,448.0,0.844154953956604
435,37,1722.0,184.0,1859.0,578.0,1790.5,381.0,137.0,394.0,0.5931340456008911
435,39,373.0,155.0,525.0,609.0,449.0,382.0,152.0,454.0,0.5793089866638184
435,40,1577.0,114.0,1732.0,604.0,1654.5,359.0,155.0,490.0,0.5459990501403809
435,30,0.0,0.0,135.0,921.0,67.5,460.5,135.0,921.0,0.2629725933074951
436,20,527.0,0.0,909.0,885.0,718.0,442.5,382.0,885.0,0.9476762413978577
436,28,1015.0,112.0,1188.0,625.0,1101.5,368.5,173.0,513.0,0.921151340007782
436,38,8.0,0.0,258.0,767.0,133.0,383.5,250.0,767.0,0.9117960929870605
436,1,1304.0,0.0,1651.0,808.0,1477.5,404.0,347.0,808.0,0.9114893078804016
436,35,159.0,0.0,523.0,876.0,341.0,438.0,364.0,876.0,0.9049742221832275
436,3,885.0,179.0,1044.0,624.0,964.5,401.5,159.0,445.0,0.879873514175415
436,9,1585.0,0.0,1887.0,786.0,1736.0,393.0,302.0,786.0,0.8793066143989563
436,7,1255.0,66.0,1493.0,792.0,1374.0,429.0,238.0,726.0,0.8789461851119995
436,34,1830.0,162.0,1920.0,610.0,1875.0,386.0,90.0,448.0,0.8467528223991394
436,39,377.0,166.0,526.0,607.0,451.5,386.5,149.0,441.0,0.6358634829521179
436,40,1577.0,116.0,1735.0,604.0,1656.0,360.0,158.0,488.0,0.5967928171157837
436,37,1721.0,186.0,1859.0,578.0,1790.0,382.0,138.0,392.0,0.5690087080001831
436,30,0.0,0.0,137.0,913.0,68.5,456.5,137.0,913.0,0.2574578821659088
437,20,527.0,0.0,912.0,886.0,719.5,443.0,385.0,886.0,0.9465159773826599
437,28,1012.0,112.0,1185.0,623.0,1098.5,367.5,173.0,511.0,0.9249289035797119
437,38,9.0,0.0,254.0,763.0,131.5,381.5,245.0,763.0,0.9174195528030396
437,1,1302.0,0.0,1649.0,809.0,1475.5,404.5,347.0,809.0,0.9100110530853271
437,35,158.0,0.0,525.0,876.0,341.5,438.0,367.0,876.0,0.8982641100883484
437,3,885.0,184.0,1039.0,623.0,962.0,403.5,154.0,439.0,0.88298499584198
437,7,1253.0,60.0,1490.0,792.0,1371.5,426.0,237.0,732.0,0.8810952305793762
437,9,1585.0,0.0,1889.0,787.0,1737.0,393.5,304.0,787.0,0.8752684593200684
437,34,1829.0,163.0,1920.0,610.0,1874.5,386.5,91.0,447.0,0.8459794521331787
437,39,374.0,172.0,528.0,618.0,451.0,395.0,154.0,446.0,0.6457918882369995
437,40,1576.0,121.0,1734.0,602.0,1655.0,361.5,158.0,481.0,0.6077439785003662
437,37,1722.0,194.0,1857.0,577.0,1789.5,385.5,135.0,383.0,0.5749735832214355
438,20,528.0,0.0,914.0,879.0,721.0,439.5,386.0,879.0,0.9457688331604004
438,28,1009.0,108.0,1184.0,628.0,1096.5,368.0,175.0,520.0,0.9252610802650452
438,38,9.0,0.0,252.0,761.0,130.5,380.5,243.0,761.0,0.9188103079795837
438,1,1300.0,0.0,1650.0,811.0,1475.0,405.5,350.0,811.0,0.9136545062065125
438,35,158.0,0.0,525.0,876.0,341.5,438.0,367.0,876.0,0.9021263122558594
438,3,885.0,177.0,1036.0,632.0,960.5,404.5,151.0,455.0,0.8858474493026733
438,7,1252.0,52.0,1490.0,790.0,1371.0,421.0,238.0,738.0,0.8843583464622498
438,9,1587.0,5.0,1887.0,789.0,1737.0,397.0,300.0,784.0,0.8781917691230774
438,34,1828.0,163.0,1920.0,611.0,1874.0,387.0,92.0,448.0,0.8504505753517151
438,39,370.0,163.0,528.0,627.0,449.0,395.0,158.0,464.0,0.6308561563491821
438,40,1576.0,130.0,1735.0,603.0,1655.5,366.5,159.0,473.0,0.6120246052742004
438,37,1723.0,201.0,1858.0,576.0,1790.5,388.5,135.0,375.0,0.5613490343093872
438,30,0.0,0.0,134.0,917.0,67.0,458.5,134.0,917.0,0.3384983241558075
439,20,529.0,0.0,918.0,876.0,723.5,438.0,389.0,876.0,0.9467051029205322
439,28,1004.0,106.0,1182.0,629.0,1093.0,367.5,178.0,523.0,0.9284559488296509
439,38,8.0,0.0,250.0,758.0,129.0,379.0,242.0,758.0,0.9239689707756042
439,1,1299.0,0.0,1647.0,811.0,1473.0,405.5,348.0,811.0,0.9079586863517761
439,35,156.0,0.0,525.0,877.0,340.5,438.5,369.0,877.0,0.9003376960754395
439,3,878.0,176.0,1030.0,628.0,954.0,402.0,152.0,452.0,0.8790483474731445
439,7,1253.0,48.0,1487.0,789.0,1370.0,418.5,234.0,741.0,0.8734076023101807
439,9,1590.0,9.0,1887.0,790.0,1738.5,399.5,297.0,781.0,0.8725516200065613
439,34,1826.0,163.0,1920.0,614.0,1873.0,388.5,94.0,451.0,0.8344460129737854
439,39,367.0,168.0,533.0,620.0,450.0,394.0,166.0,452.0,0.664233386516571
439,40,1574.0,138.0,1735.0,605.0,1654.5,371.5,161.0,467.0,0.6187610626220703
439,37,1722.0,197.0,1858.0,576.0,1790.0,386.5,136.0,379.0,0.5642930865287781
439,30,0.0,0.0,134.0,915.0,67.0,457.5,134.0,915.0,0.2999363839626312
440,20,529.0,0.0,921.0,877.0,725.0,438.5,392.0,877.0,0.9478980898857117
440,28,1001.0,106.0,1180.0,628.0,1090.5,367.0,179.0,522.0,0.9262559413909912
440,38,8.0,0.0,249.0,759.0,128.5,379.5,241.0,759.0,0.9238259792327881
440,1,1297.0,0.0,1646.0,811.0,1471.5,405.5,349.0,811.0,0.9083912372589111
440,35,154.0,0.0,524.0,876.0,339.0,438.0,370.0,876.0,0.9054001569747925
440,3,871.0,175.0,1026.0,629.0,948.5,402.0,155.0,454.0,0.895462155342102
440,9,1586.0,8.0,1884.0,791.0,1735.0,399.5,298.0,783.0,0.8739400506019592
440,7,1252.0,43.0,1486.0,790.0,1369.0,416.5,234.0,747.0,0.8738195896148682
440,34,1829.0,168.0,1920.0,603.0,1874.5,385.5,91.0,435.0,0.8151475191116333
440,39,366.0,162.0,532.0,615.0,449.0,388.5,166.0,453.0,0.7228436470031738
440,40,1571.0,136.0,1737.0,606.0,1654.0,371.0,166.0,470.0,0.6256930232048035
440,37,1720.0,195.0,1857.0,575.0,1788.5,385.0,137.0,380.0,0.570112407207489
441,20,529.0,0.0,924.0,876.0,726.5,438.0,395.0,876.0,0.9480665326118469
441,28,993.0,106.0,1180.0,628.0,1086.5,367.0,187.0,522.0,0.9293451905250549
441,38,6.0,0.0,247.0,759.0,126.5,379.5,241.0,759.0,0.9239546060562134
441,1,1294.0,0.0,1645.0,812.0,1469.5,406.0,351.0,812.0,0.9144155383110046
441,35,152.0,0.0,522.0,875.0,337.0,437.5,370.0,875.0,0.9088287949562073
441,3,863.0,175.0,1022.0,630.0,942.5,402.5,159.0,455.0,0.9002453684806824
441,9,1582.0,11.0,1883.0,791.0,1732.5,401.0,301.0,780.0,0.8754187226295471
441,7,1252.0,40.0,1485.0,788.0,1368.5,414.0,233.0,748.0,0.8750744462013245
441,34,1829.0,172.0,1920.0,601.0,1874.5,386.5,91.0,429.0,0.7725878357887268
441,39,365.0,161.0,533.0,617.0,449.0,389.0,168.0,456.0,0.7534376382827759
441,40,1572.0,137.0,1738.0,606.0,1655.0,371.5,166.0,469.0,0.6410982012748718
441,37,1719.0,183.0,1859.0,575.0,1789.0,379.0,140.0,392.0,0.5827281475067139
442,20,528.0,0.0,925.0,875.0,726.5,437.5,397.0,875.0,0.9477065205574036
442,28,989.0,106.0,1176.0,627.0,1082.5,366.5,187.0,521.0,0.92972332239151
442,38,6.0,0.0,243.0,759.0,124.5,379.5,237.0,759.0,0.924883246421814
442,1,1293.0,0.0,1645.0,813.0,1469.0,406.5,352.0,813.0,0.9157102108001709
442,35,150.0,0.0,518.0,876.0,334.0,438.0,368.0,876.0,0.9040724635124207
442,3,857.0,176.0,1017.0,631.0,937.0,403.5,160.0,455.0,0.9026271104812622
442,7,1254.0,39.0,1484.0,789.0,1369.0,414.0,230.0,750.0,0.8723739981651306
442,9,1581.0,13.0,1882.0,793.0,1731.5,403.0,301.0,780.0,0.8722113966941833
442,34,1830.0,169.0,1920.0,615.0,1875.0,392.0,90.0,446.0,0.7822436094284058
442,39,369.0,157.0,533.0,618.0,451.0,387.5,164.0,461.0,0.7699010372161865
442,40,1576.0,142.0,1740.0,606.0,1658.0,374.0,164.0,464.0,0.6575090289115906
442,37,1717.0,179.0,1857.0,575.0,1787.0,377.0,140.0,396.0,0.5520493984222412
443,20,528.0,0.0,926.0,875.0,727.0,437.5,398.0,875.0,0.9480451941490173
443,28,985.0,107.0,1174.0,627.0,1079.5,367.0,189.0,520.0,0.9305989146232605
443,38,6.0,0.0,240.0,760.0,123.0,380.0,234.0,760.0,0.923134982585907
443,1,1292.0,0.0,1645.0,814.0,1468.5,407.0,353.0,814.0,0.9168969392776489
443,3,855.0,175.0,1013.0,629.0,934.0,402.0,158.0,454.0,0.9006165266036987
443,35,147.0,0.0,518.0,873.0,332.5,436.5,371.0,873.0,0.889136016368866
443,7,1253.0,36.0,1483.0,789.0,1368.0,412.5,230.0,753.0,0.8752330541610718
443,9,1583.0,17.0,1878.0,793.0,1730.5,405.0,295.0,776.0,0.8692018389701843
443,34,1831.0,172.0,1920.0,616.0,1875.5,394.0,89.0,444.0,0.750991702079773
443,39,377.0,165.0,539.0,618.0,458.0,391.5,162.0,453.0,0.7500017881393433
443,40,1574.0,136.0,1744.0,605.0,1659.0,370.5,170.0,469.0,0.6623056530952454
443,37,1716.0,173.0,1856.0,574.0,1786.0,373.5,140.0,401.0,0.5539785027503967
444,20,529.0,0.0,927.0,874.0,728.0,437.0,398.0,874.0,0.9469730257987976
444,28,979.0,108.0,1171.0,628.0,1075.0,368.0,192.0,520.0,0.9351088404655457
444,38,4.0,0.0,238.0,762.0,121.0,381.0,234.0,762.0,0.9242485761642456
444,1,1293.0,0.0,1645.0,816.0,1469.0,408.0,352.0,816.0,0.9156202077865601
444,35,149.0,0.0,516.0,874.0,332.5,437.0,367.0,874.0,0.8969445824623108
444,3,850.0,170.0,1011.0,630.0,930.5,400.0,161.0,460.0,0.891283392906189
444,7,1253.0,38.0,1482.0,789.0,1367.5,413.5,229.0,751.0,0.876974880695343
444,9,1582.0,18.0,1876.0,792.0,1729.0,405.0,294.0,774.0,0.8722966313362122
444,34,1831.0,173.0,1920.0,615.0,1875.5,394.0,89.0,442.0,0.783554196357727
444,39,382.0,166.0,538.0,614.0,460.0,390.0,156.0,448.0,0.7502636313438416
444,40,1576.0,137.0,1744.0,603.0,1660.0,370.0,168.0,466.0,0.6726866960525513
444,37,1714.0,168.0,1856.0,573.0,1785.0,370.5,142.0,405.0,0.5450389385223389
445,20,532.0,0.0,927.0,874.0,729.5,437.0,395.0,874.0,0.9366381168365479
445,28,963.0,109.0,1169.0,629.0,1066.0,369.0,206.0,520.0,0.9310561418533325
445,38,3.0,0.0,237.0,759.0,120.0,379.5,234.0,759.0,0.9258682131767273
445,1,1302.0,0.0,1640.0,823.0,1471.0,411.5,338.0,823.0,0.905159592628479
445,35,145.0,0.0,518.0,876.0,331.5,438.0,373.0,876.0,0.894722044467926
445,3,848.0,169.0,1010.0,630.0,929.0,399.5,162.0,461.0,0.8857213854789734
445,7,1253.0,38.0,1484.0,787.0,1368.5,412.5,231.0,749.0,0.8746384978294373
445,9,1583.0,19.0,1873.0,795.0,1728.0,407.0,290.0,776.0,0.8745695352554321
445,39,383.0,160.0,538.0,612.0,460.5,386.0,155.0,452.0,0.7795022130012512
445,34,1831.0,174.0,1920.0,615.0,1875.5,394.5,89.0,441.0,0.7610284090042114
445,40,1577.0,139.0,1743.0,607.0,1660.0,373.0,166.0,468.0,0.6373103260993958
445,37,1704.0,159.0,1859.0,581.0,1781.5,370.0,155.0,422.0,0.5460823178291321
446,20,530.0,0.0,927.0,874.0,728.5,437.0,397.0,874.0,0.9349788427352905
446,28,956.0,110.0,1164.0,629.0,1060.0,369.5,208.0,519.0,0.9275631308555603
446,38,2.0,0.0,236.0,760.0,119.0,380.0,234.0,760.0,0.925559937953949
446,1,1303.0,0.0,1638.0,822.0,1470.5,411.0,335.0,822.0,0.909446120262146
446,35,143.0,0.0,521.0,878.0,332.0,439.0,378.0,878.0,0.8987157940864563
446,9,1587.0,18.0,1869.0,797.0,1728.0,407.5,282.0,779.0,0.8840481042861938
446,7,1253.0,37.0,1484.0,787.0,1368.5,412.0,231.0,750.0,0.8774926066398621
446,3,846.0,167.0,1005.0,630.0,925.5,398.5,159.0,463.0,0.8743417263031006
446,34,1834.0,177.0,1920.0,614.0,1877.0,395.5,86.0,437.0,0.7900905609130859
446,39,385.0,167.0,546.0,607.0,465.5,387.0,161.0,440.0,0.77360999584198
446,40,1580.0,147.0,1739.0,608.0,1659.5,377.5,159.0,461.0,0.567035973072052
446,37,1715.0,179.0,1857.0,577.0,1786.0,378.0,142.0,398.0,0.506701648235321
447,28,947.0,111.0,1161.0,629.0,1054.0,370.0,214.0,518.0,0.930232584476471
447,20,532.0,0.0,927.0,873.0,729.5,436.5,395.0,873.0,0.9228449463844299
447,38,1.0,0.0,232.0,758.0,116.5,379.0,231.0,758.0,0.9218641519546509
447,1,1304.0,0.0,1639.0,823.0,1471.5,411.5,335.0,823.0,0.9084514379501343
447,9,1585.0,17.0,1868.0,799.0,1726.5,408.0,283.0,782.0,0.8885886669158936
447,7,1251.0,39.0,1486.0,789.0,1368.5,414.0,235.0,750.0,0.880104660987854
447,3,838.0,169.0,1000.0,629.0,919.0,399.0,162.0,460.0,0.8750933408737183
447,35,131.0,0.0,520.0,877.0,325.5,438.5,389.0,877.0,0.8733992576599121
447,34,1834.0,176.0,1920.0,611.0,1877.0,393.5,86.0,435.0,0.8190867304801941
447,39,390.0,163.0,537.0,611.0,463.5,387.0,147.0,448.0,0.7247281074523926
447,41,1477.0,146.0,1632.0,598.0,1554.5,372.0,155.0,452.0,0.6237565279006958
447,40,1582.0,136.0,1739.0,606.0,1660.5,371.0,157.0,470.0,0.584372341632843
447,37,1713.0,177.0,1859.0,577.0,1786.0,377.0,146.0,400.0,0.5562070608139038
448,28,943.0,114.0,1159.0,629.0,1051.0,371.5,216.0,515.0,0.9334437251091003
448,20,533.0,0.0,926.0,873.0,729.5,436.5,393.0,873.0,0.9234126806259155
448,38,1.0,0.0,230.0,761.0,115.5,380.5,229.0,761.0,0.9193577766418457
448,1,1304.0,0.0,1639.0,822.0,1471.5,411.0,335.0,822.0,0.9084644913673401
448,9,1584.0,18.0,1864.0,799.0,1724.0,408.5,280.0,781.0,0.8907963633537292
448,7,1250.0,41.0,1485.0,789.0,1367.5,415.0,235.0,748.0,0.8820860385894775
448,3,832.0,168.0,998.0,628.0,915.0,398.0,166.0,460.0,0.8759849667549133
448,35,116.0,0.0,520.0,878.0,318.0,439.0,404.0,878.0,0.8456481695175171
448,34,1837.0,177.0,1920.0,612.0,1878.5,394.5,83.0,435.0,0.8385303020477295
448,39,393.0,166.0,538.0,607.0,465.5,386.5,145.0,441.0,0.7113323211669922
448,37,1715.0,172.0,1862.0,577.0,1788.5,374.5,147.0,405.0,0.6182531714439392
448,41,1475.0,149.0,1632.0,598.0,1553.5,373.5,157.0,449.0,0.5937138199806213
448,40,1583.0,137.0,1738.0,608.0,1660.5,372.5,155.0,471.0,0.5059253573417664
448,42,525.0,18.0,743.0,745.0,634.0,381.5,218.0,727.0,0.38787201046943665
449,28,941.0,116.0,1156.0,629.0,1048.5,372.5,215.0,513.0,0.933272123336792
449,38,1.0,0.0,227.0,760.0,114.0,380.0,226.0,760.0,0.9171708226203918
449,20,535.0,0.0,925.0,874.0,730.0,437.0,390.0,874.0,0.9122598171234131
449,1,1305.0,0.0,1638.0,818.0,1471.5,409.0,333.0,818.0,0.9063829779624939
449,9,1584.0,15.0,1863.0,800.0,1723.5,407.5,279.0,785.0,0.8920280337333679
449,7,1249.0,42.0,1484.0,789.0,1366.5,415.5,235.0,747.0,0.8812739849090576
449,3,827.0,167.0,999.0,629.0,913.0,398.0,172.0,462.0,0.8684099316596985
449,35,95.0,0.0,522.0,897.0,308.5,448.5,427.0,897.0,0.8502182960510254
449,34,1837.0,178.0,1920.0,612.0,1878.5,395.0,83.0,434.0,0.8473738431930542
449,37,1722.0,173.0,1863.0,577.0,1792.5,375.0,141.0,404.0,0.6666576266288757
449,39,346.0,155.0,535.0,648.0,440.5,401.5,189.0,493.0,0.5983268022537231
449,41,1474.0,149.0,1631.0,599.0,1552.5,374.0,157.0,450.0,0.5959345698356628
449,40,1582.0,129.0,1737.0,610.0,1659.5,369.5,155.0,481.0,0.45407772064208984
449,42,531.0,81.0,742.0,749.0,636.5,415.0,211.0,668.0,0.3058185577392578
450,28,936.0,119.0,1154.0,630.0,1045.0,374.5,218.0,511.0,0.9344498515129089
450,38,1.0,0.0,228.0,760.0,114.5,380.0,227.0,760.0,0.9141871929168701
450,1,1306.0,0.0,1638.0,817.0,1472.0,408.5,332.0,817.0,0.906518816947937
450,9,1582.0,13.0,1858.0,800.0,1720.0,406.5,276.0,787.0,0.9021969437599182
450,20,540.0,0.0,923.0,874.0,731.5,437.0,383.0,874.0,0.9020599126815796
450,7,1248.0,35.0,1494.0,800.0,1371.0,417.5,246.0,765.0,0.886885404586792
450,3,825.0,165.0,999.0,628.0,912.0,396.5,174.0,463.0,0.8552655577659607
450,35,106.0,0.0,519.0,899.0,312.5,449.5,413.0,899.0,0.8475216627120972
450,34,1838.0,177.0,1920.0,613.0,1879.0,395.0,82.0,436.0,0.8455324172973633
450,37,1739.0,186.0,1865.0,576.0,1802.0,381.0,126.0,390.0,0.7152276039123535
450,42,529.0,99.0,748.0,733.0,638.5,416.0,219.0,634.0,0.604135274887085
450,41,1470.0,144.0,1631.0,600.0,1550.5,372.0,161.0,456.0,0.5906029939651489
450,39,294.0,128.0,521.0,710.0,407.5,419.0,227.0,582.0,0.4592648446559906
450,40,1583.0,124.0,1735.0,611.0,1659.0,367.5,152.0,487.0,0.3013356924057007
451,28,937.0,122.0,1153.0,631.0,1045.0,376.5,216.0,509.0,0.9365053176879883
451,20,543.0,0.0,923.0,873.0,733.0,436.5,380.0,873.0,0.9167989492416382
451,38,2.0,0.0,225.0,757.0,113.5,378.5,223.0,757.0,0.9059339761734009
451,1,1306.0,0.0,1640.0,814.0,1473.0,407.0,334.0,814.0,0.9043744802474976
451,9,1581.0,11.0,1857.0,800.0,1719.0,405.5,276.0,789.0,0.902612566947937
451,7,1247.0,38.0,1493.0,797.0,1370.0,417.5,246.0,759.0,0.8851786255836487
451,3,821.0,164.0,990.0,628.0,905.5,396.0,169.0,464.0,0.8694356083869934
451,35,107.0,0.0,514.0,900.0,310.5,450.0,407.0,900.0,0.8563028573989868
451,34,1839.0,177.0,1920.0,611.0,1879.5,394.0,81.0,434.0,0.8470854759216309
451,42,519.0,124.0,723.0,716.0,621.0,420.0,204.0,592.0,0.7757882475852966
451,37,1740.0,179.0,1865.0,578.0,1802.5,378.5,125.0,399.0,0.7308961749076843
451,39,344.0,150.0,547.0,680.0,445.5,415.0,203.0,530.0,0.6268085837364197
451,41,1469.0,151.0,1632.0,602.0,1550.5,376.5,163.0,451.0,0.5848842859268188
452,28,944.0,123.0,1152.0,631.0,1048.0,377.0,208.0,508.0,0.9365262985229492
452,20,545.0,0.0,924.0,872.0,734.5,436.0,379.0,872.0,0.921957790851593
452,38,3.0,0.0,221.0,756.0,112.0,378.0,218.0,756.0,0.9049798250198364
452,9,1578.0,8.0,1856.0,801.0,1717.0,404.5,278.0,793.0,0.9038474559783936
452,1,1307.0,0.0,1639.0,812.0,1473.0,406.0,332.0,812.0,0.9033521413803101
452,7,1246.0,43.0,1493.0,793.0,1369.5,418.0,247.0,750.0,0.8889952898025513
452,35,119.0,0.0,513.0,883.0,316.0,441.5,394.0,883.0,0.886905312538147
452,3,815.0,156.0,986.0,628.0,900.5,392.0,171.0,472.0,0.8751624226570129
452,34,1839.0,175.0,1920.0,610.0,1879.5,392.5,81.0,435.0,0.8507688641548157
452,42,510.0,125.0,726.0,720.0,618.0,422.5,216.0,595.0,0.8152055740356445
452,37,1744.0,174.0,1866.0,577.0,1805.0,375.5,122.0,403.0,0.7404630780220032
452,39,334.0,146.0,539.0,690.0,436.5,418.0,205.0,544.0,0.6214399337768555
452,41,1464.0,142.0,1633.0,602.0,1548.5,372.0,169.0,460.0,0.538997232913971
452,2,696.0,72.0,982.0,732.0,839.0,402.0,286.0,660.0,0.5198249816894531
453,28,945.0,121.0,1151.0,632.0,1048.0,376.5,206.0,511.0,0.9362776875495911
453,20,546.0,0.0,923.0,871.0,734.5,435.5,377.0,871.0,0.9312651753425598
453,35,120.0,0.0,510.0,887.0,315.0,443.5,390.0,887.0,0.909106433391571
453,38,3.0,1.0,218.0,755.0,110.5,378.0,215.0,754.0,0.9048965573310852
453,9,1577.0,7.0,1856.0,800.0,1716.5,403.5,279.0,793.0,0.9038724899291992
453,1,1308.0,0.0,1639.0,812.0,1473.5,406.0,331.0,812.0,0.9010605216026306
453,7,1246.0,45.0,1493.0,794.0,1369.5,419.5,247.0,749.0,0.8941993713378906
453,3,809.0,153.0,979.0,628.0,894.0,390.5,170.0,475.0,0.8828810453414917
453,34,1840.0,173.0,1920.0,609.0,1880.0,391.0,80.0,436.0,0.8580028414726257
453,42,506.0,127.0,720.0,726.0,613.0,426.5,214.0,599.0,0.8255253434181213
453,37,1743.0,166.0,1866.0,578.0,1804.5,372.0,123.0,412.0,0.7579233646392822
453,39,321.0,138.0,532.0,708.0,426.5,423.0,211.0,570.0,0.6217477917671204
453,41,1463.0,138.0,1633.0,604.0,1548.0,371.0,170.0,466.0,0.5397549271583557
454,28,944.0,121.0,1151.0,633.0,1047.5,377.0,207.0,512.0,0.9363844990730286
454,20,547.0,0.0,921.0,873.0,734.0,436.5,374.0,873.0,0.9305911660194397
454,35,121.0,0.0,510.0,884.0,315.5,442.0,389.0,884.0,0.9072440266609192
454,9,1577.0,2.0,1857.0,801.0,1717.0,401.5,280.0,799.0,0.9047024250030518
454,38,3.0,2.0,218.0,755.0,110.5,378.5,215.0,753.0,0.9014407992362976
454,1,1309.0,0.0,1641.0,813.0,1475.0,406.5,332.0,813.0,0.8973192572593689
454,7,1244.0,49.0,1489.0,794.0,1366.5,421.5,245.0,745.0,0.8904837965965271
454,3,802.0,152.0,974.0,627.0,888.0,389.5,172.0,475.0,0.8804376125335693
454,34,1839.0,171.0,1920.0,610.0,1879.5,390.5,81.0,439.0,0.853979229927063
454,42,489.0,124.0,714.0,739.0,601.5,431.5,225.0,615.0,0.8452837467193604
454,37,1743.0,168.0,1866.0,579.0,1804.5,373.5,123.0,411.0,0.7764654755592346
454,41,1462.0,143.0,1636.0,603.0,1549.0,373.0,174.0,460.0,0.5592526197433472
454,39,292.0,116.0,516.0,735.0,404.0,425.5,224.0,619.0,0.5357451438903809
455,28,940.0,118.0,1150.0,633.0,1045.0,375.5,210.0,515.0,0.9375804662704468
455,20,549.0,0.0,919.0,876.0,734.0,438.0,370.0,876.0,0.9295608401298523
455,35,118.0,0.0,507.0,884.0,312.5,442.0,389.0,884.0,0.9089586138725281
455,9,1577.0,6.0,1857.0,803.0,1717.0,404.5,280.0,797.0,0.907731294631958
455,38,4.0,0.0,214.0,758.0,109.0,379.0,210.0,758.0,0.9013144373893738
455,1,1310.0,0.0,1643.0,812.0,1476.5,406.0,333.0,812.0,0.8892748355865479
455,7,1242.0,55.0,1488.0,796.0,1365.0,425.5,246.0,741.0,0.8856626749038696
455,3,796.0,156.0,971.0,627.0,883.5,391.5,175.0,471.0,0.8711676001548767
455,34,1839.0,169.0,1920.0,612.0,1879.5,390.5,81.0,443.0,0.8562183380126953
455,42,474.0,129.0,693.0,729.0,583.5,429.0,219.0,600.0,0.8448317050933838
455,37,1743.0,167.0,1866.0,578.0,1804.5,372.5,123.0,411.0,0.7884955406188965
455,41,1460.0,159.0,1637.0,602.0,1548.5,380.5,177.0,443.0,0.4922434091567993
455,39,276.0,100.0,507.0,756.0,391.5,428.0,231.0,656.0,0.45742541551589966
456,28,938.0,117.0,1147.0,633.0,1042.5,375.0,209.0,516.0,0.9363023042678833
456,20,552.0,0.0,921.0,875.0,736.5,437.5,369.0,875.0,0.9336967468261719
456,9,1578.0,2.0,1857.0,802.0,1717.5,402.0,279.0,800.0,0.9108850359916687
456,35,105.0,0.0,507.0,889.0,306.0,444.5,402.0,889.0,0.9100684523582458
456,38,3.0,0.0,215.0,760.0,109.0,380.0,212.0,760.0,0.8976486921310425
456,7,1240.0,58.0,1485.0,796.0,1362.5,427.0,245.0,738.0,0.8864019513130188
456,1,1311.0,0.0,1645.0,809.0,1478.0,404.5,334.0,809.0,0.8819666504859924
456,34,1839.0,168.0,1920.0,613.0,1879.5,390.5,81.0,445.0,0.8593047857284546
456,3,784.0,160.0,969.0,630.0,876.5,395.0,185.0,470.0,0.8489898443222046
456,42,476.0,133.0,681.0,728.0,578.5,430.5,205.0,595.0,0.8361744284629822
456,37,1744.0,172.0,1866.0,579.0,1805.0,375.5,122.0,407.0,0.7710738778114319
456,41,1461.0,151.0,1638.0,603.0,1549.5,377.0,177.0,452.0,0.5300816893577576
456,39,281.0,105.0,506.0,756.0,393.5,430.5,225.0,651.0,0.474267840385437
457,20,552.0,0.0,924.0,877.0,738.0,438.5,372.0,877.0,0.939120888710022
457,28,934.0,116.0,1146.0,634.0,1040.0,375.0,212.0,518.0,0.9387362599372864
457,9,1576.0,0.0,1857.0,803.0,1716.5,401.5,281.0,803.0,0.9126330614089966
457,35,105.0,0.0,502.0,892.0,303.5,446.0,397.0,892.0,0.9091796875
457,38,3.0,0.0,210.0,759.0,106.5,379.5,207.0,759.0,0.8996380567550659
457,1,1309.0,0.0,1646.0,811.0,1477.5,405.5,337.0,811.0,0.8849586844444275
457,7,1238.0,62.0,1483.0,797.0,1360.5,429.5,245.0,735.0,0.8849384784698486
457,34,1840.0,167.0,1920.0,612.0,1880.0,389.5,80.0,445.0,0.8624399900436401
457,42,474.0,130.0,676.0,729.0,575.0,429.5,202.0,599.0,0.8593167662620544
457,3,773.0,163.0,969.0,633.0,871.0,398.0,196.0,470.0,0.8455104827880859
457,37,1740.0,163.0,1866.0,579.0,1803.0,371.0,126.0,416.0,0.7701022624969482
457,41,1459.0,151.0,1641.0,603.0,1550.0,377.0,182.0,452.0,0.5054670572280884
457,39,281.0,118.0,499.0,753.0,390.0,435.5,218.0,635.0,0.49284976720809937
458,20,553.0,0.0,928.0,877.0,740.5,438.5,375.0,877.0,0.9401713609695435
458,28,930.0,116.0,1143.0,635.0,1036.5,375.5,213.0,519.0,0.9337059259414673
458,35,103.0,0.0,499.0,891.0,301.0,445.5,396.0,891.0,0.9237173795700073
458,9,1575.0,0.0,1856.0,803.0,1715.5,401.5,281.0,803.0,0.914406418800354
458,38,3.0,0.0,213.0,763.0,108.0,381.5,210.0,763.0,0.9044575691223145
458,7,1237.0,62.0,1483.0,797.0,1360.0,429.5,246.0,735.0,0.8865302801132202
458,1,1306.0,0.0,1653.0,824.0,1479.5,412.0,347.0,824.0,0.8841034770011902
458,42,470.0,127.0,681.0,732.0,575.5,429.5,211.0,605.0,0.873779296875
458,34,1841.0,167.0,1920.0,612.0,1880.5,389.5,79.0,445.0,0.8691613078117371
458,3,777.0,158.0,972.0,634.0,874.5,396.0,195.0,476.0,0.8197221159934998
458,37,1737.0,162.0,1866.0,580.0,1801.5,371.0,129.0,418.0,0.7869442701339722
458,39,286.0,114.0,494.0,759.0,390.0,436.5,208.0,645.0,0.5712892413139343
458,41,1455.0,150.0,1644.0,604.0,1549.5,377.0,189.0,454.0,0.36231619119644165
459,20,552.0,0.0,930.0,884.0,741.0,442.0,378.0,884.0,0.9345710277557373
459,28,924.0,117.0,1136.0,634.0,1030.0,375.5,212.0,517.0,0.9316633343696594
459,9,1574.0,0.0,1857.0,803.0,1715.5,401.5,283.0,803.0,0.9155928492546082
459,35,99.0,0.0,495.0,888.0,297.0,444.0,396.0,888.0,0.9153109788894653
459,38,2.0,0.0,212.0,763.0,107.0,381.5,210.0,763.0,0.8980557918548584
459,42,466.0,124.0,682.0,732.0,574.0,428.0,216.0,608.0,0.8918468356132507
459,1,1307.0,0.0,1651.0,823.0,1479.0,411.5,344.0,823.0,0.8903149366378784
459,7,1237.0,59.0,1480.0,797.0,1358.5,428.0,243.0,738.0,0.8889436721801758
459,34,1841.0,167.0,1920.0,612.0,1880.5,389.5,79.0,445.0,0.8659582734107971
459,37,1737.0,164.0,1865.0,579.0,1801.0,371.5,128.0,415.0,0.7808297276496887
459,3,785.0,152.0,975.0,636.0,880.0,394.0,190.0,484.0,0.7628869414329529
459,39,286.0,112.0,492.0,751.0,389.0,431.5,206.0,639.0,0.7077359557151794
459,41,1456.0,151.0,1643.0,602.0,1549.5,376.5,187.0,451.0,0.45577272772789
460,20,554.0,0.0,936.0,885.0,745.0,442.5,382.0,885.0,0.93337082862854
460,28,914.0,114.0,1129.0,634.0,1021.5,374.0,215.0,520.0,0.9271453022956848
460,35,97.0,0.0,495.0,888.0,296.0,444.0,398.0,888.0,0.9142425060272217
460,9,1570.0,0.0,1857.0,802.0,1713.5,401.0,287.0,802.0,0.9141848087310791
460,38,2.0,0.0,215.0,769.0,108.5,384.5,213.0,769.0,0.8990466594696045
460,7,1237.0,52.0,1481.0,798.0,1359.0,425.0,244.0,746.0,0.8936657905578613
460,1,1306.0,0.0,1649.0,824.0,1477.5,412.0,343.0,824.0,0.8899021148681641
460,42,451.0,121.0,657.0,726.0,554.0,423.5,206.0,605.0,0.8790658116340637
460,34,1841.0,166.0,1920.0,612.0,1880.5,389.0,79.0,446.0,0.865519106388092
460,37,1737.0,163.0,1866.0,580.0,1801.5,371.5,129.0,417.0,0.7851637005805969
460,30,0.0,0.0,100.0,725.0,50.0,362.5,100.0,725.0,0.7638401985168457
460,39,288.0,115.0,495.0,745.0,391.5,430.0,207.0,630.0,0.6883861422538757
460,41,1464.0,154.0,1643.0,599.0,1553.5,376.5,179.0,445.0,0.4788490831851959
461,20,560.0,0.0,938.0,882.0,749.0,441.0,378.0,882.0,0.9324666857719421
461,28,913.0,111.0,1120.0,633.0,1016.5,372.0,207.0,522.0,0.9266387820243835
461,9,1568.0,0.0,1859.0,802.0,1713.5,401.0,291.0,802.0,0.9160876274108887
461,35,97.0,0.0,497.0,885.0,297.0,442.5,400.0,885.0,0.9124412536621094
461,38,0.0,0.0,211.0,772.0,105.5,386.0,211.0,772.0,0.8993798494338989
461,1,1307.0,0.0,1648.0,824.0,1477.5,412.0,341.0,824.0,0.8983258008956909
461,7,1237.0,47.0,1480.0,798.0,1358.5,422.5,243.0,751.0,0.8973386883735657
461,42,441.0,121.0,645.0,725.0,543.0,423.0,204.0,604.0,0.8783296346664429
461,34,1841.0,165.0,1920.0,613.0,1880.5,389.0,79.0,448.0,0.8589081168174744
461,37,1737.0,158.0,1866.0,578.0,1801.5,368.0,129.0,420.0,0.7750450372695923
461,30,0.0,0.0,94.0,725.0,47.0,362.5,94.0,725.0,0.7215457558631897
461,39,288.0,115.0,496.0,750.0,392.0,432.5,208.0,635.0,0.7167465686798096
461,41,1463.0,152.0,1641.0,597.0,1552.0,374.5,178.0,445.0,0.6350283026695251
462,20,565.0,0.0,952.0,870.0,758.5,435.0,387.0,870.0,0.9314427971839905
462,28,909.0,109.0,1109.0,633.0,1009.0,371.0,200.0,524.0,0.9207888841629028
462,9,1569.0,0.0,1859.0,801.0,1714.0,400.5,290.0,801.0,0.9154416918754578
462,1,1307.0,0.0,1646.0,823.0,1476.5,411.5,339.0,823.0,0.9092985987663269
462,7,1236.0,45.0,1478.0,797.0,1357.0,421.0,242.0,752.0,0.9052926898002625
462,38,0.0,0.0,212.0,778.0,106.0,389.0,212.0,778.0,0.9016346335411072
462,35,93.0,0.0,495.0,880.0,294.0,440.0,402.0,880.0,0.8905749320983887
462,42,436.0,120.0,639.0,728.0,537.5,424.0,203.0,608.0,0.879172146320343
462,34,1843.0,165.0,1920.0,613.0,1881.5,389.0,77.0,448.0,0.8557118773460388
462,37,1734.0,158.0,1867.0,578.0,1800.5,368.0,133.0,420.0,0.7685778737068176
462,39,283.0,107.0,497.0,753.0,390.0,430.0,214.0,646.0,0.7296690344810486
462,41,1462.0,146.0,1640.0,596.0,1551.0,371.0,178.0,450.0,0.7000059485435486
462,30,0.0,0.0,89.0,723.0,44.5,361.5,89.0,723.0,0.6396731734275818
463,20,570.0,0.0,954.0,869.0,762.0,434.5,384.0,869.0,0.9318702816963196
463,28,899.0,107.0,1099.0,631.0,999.0,369.0,200.0,524.0,0.9175328016281128
463,9,1569.0,0.0,1861.0,801.0,1715.0,400.5,292.0,801.0,0.9146470427513123
463,1,1305.0,0.0,1643.0,823.0,1474.0,411.5,338.0,823.0,0.9108384251594543
463,7,1234.0,44.0,1476.0,797.0,1355.0,420.5,242.0,753.0,0.9057413935661316
463,38,0.0,0.0,211.0,774.0,105.5,387.0,211.0,774.0,0.8991266489028931
463,35,88.0,0.0,492.0,878.0,290.0,439.0,404.0,878.0,0.8687133193016052
463,34,1845.0,166.0,1920.0,613.0,1882.5,389.5,75.0,447.0,0.8569573163986206
463,42,441.0,116.0,628.0,731.0,534.5,423.5,187.0,615.0,0.8526265025138855
463,37,1731.0,161.0,1867.0,579.0,1799.0,370.0,136.0,418.0,0.7496523261070251
463,39,278.0,96.0,496.0,757.0,387.0,426.5,218.0,661.0,0.7373949885368347
463,41,1459.0,144.0,1639.0,596.0,1549.0,370.0,180.0,452.0,0.7125073075294495
463,30,0.0,0.0,92.0,723.0,46.0,361.5,92.0,723.0,0.7093367576599121
464,20,577.0,0.0,951.0,866.0,764.0,433.0,374.0,866.0,0.9276342988014221
464,28,900.0,103.0,1090.0,635.0,995.0,369.0,190.0,532.0,0.9219872355461121
464,1,1303.0,0.0,1643.0,825.0,1473.0,412.5,340.0,825.0,0.9176914095878601
464,9,1566.0,0.0,1861.0,801.0,1713.5,400.5,295.0,801.0,0.9131788015365601
464,7,1232.0,41.0,1476.0,797.0,1354.0,419.0,244.0,756.0,0.9069250226020813
464,38,0.0,0.0,210.0,775.0,105.0,387.5,210.0,775.0,0.9062115550041199
464,35,90.0,0.0,493.0,895.0,291.5,447.5,403.0,895.0,0.8642821907997131
464,42,435.0,117.0,627.0,728.0,531.0,422.5,192.0,611.0,0.8639470934867859
464,34,1846.0,167.0,1920.0,612.0,1883.0,389.5,74.0,445.0,0.8595625162124634
464,39,277.0,93.0,497.0,760.0,387.0,426.5,220.0,667.0,0.7497723698616028
464,37,1732.0,162.0,1868.0,578.0,1800.0,370.0,136.0,416.0,0.7429088354110718
464,30,0.0,0.0,91.0,730.0,45.5,365.0,91.0,730.0,0.6622507572174072
464,41,1454.0,136.0,1643.0,594.0,1548.5,365.0,189.0,458.0,0.6006564497947693
465,20,583.0,0.0,953.0,865.0,768.0,432.5,370.0,865.0,0.9306342005729675
465,1,1300.0,0.0,1642.0,827.0,1471.0,413.5,342.0,827.0,0.9219281077384949
465,28,898.0,102.0,1079.0,633.0,988.5,367.5,181.0,531.0,0.913547158241272
465,9,1565.0,0.0,1860.0,800.0,1712.5,400.0,295.0,800.0,0.9118101596832275
465,38,0.0,0.0,206.0,775.0,103.0,387.5,206.0,775.0,0.9071570634841919
465,7,1231.0,37.0,1478.0,798.0,1354.5,417.5,247.0,761.0,0.9045093655586243
465,42,428.0,119.0,620.0,730.0,524.0,424.5,192.0,611.0,0.9014818072319031
465,35,88.0,0.0,492.0,896.0,290.0,448.0,404.0,896.0,0.8711052536964417
465,34,1847.0,170.0,1920.0,611.0,1883.5,390.5,73.0,441.0,0.8502923250198364
465,39,283.0,85.0,498.0,757.0,390.5,421.0,215.0,672.0,0.7630727887153625
465,37,1734.0,172.0,1869.0,578.0,1801.5,375.0,135.0,406.0,0.7202020287513733
465,41,1453.0,135.0,1642.0,594.0,1547.5,364.5,189.0,459.0,0.6022253632545471
465,30,0.0,0.0,90.0,744.0,45.0,372.0,90.0,744.0,0.5718235373497009
465,3,768.0,103.0,954.0,634.0,861.0,368.5,186.0,531.0,0.39451390504837036
466,20,586.0,0.0,972.0,864.0,779.0,432.0,386.0,864.0,0.9360002875328064
466,1,1299.0,0.0,1641.0,829.0,1470.0,414.5,342.0,829.0,0.9248690009117126
466,9,1564.0,0.0,1860.0,800.0,1712.0,400.0,296.0,800.0,0.9157992601394653
466,38,0.0,0.0,209.0,775.0,104.5,387.5,209.0,775.0,0.9109353423118591
466,7,1230.0,34.0,1479.0,803.0,1354.5,418.5,249.0,769.0,0.9079225659370422
466,42,422.0,121.0,619.0,729.0,520.5,425.0,197.0,608.0,0.9067063331604004
466,28,889.0,101.0,1071.0,632.0,980.0,366.5,182.0,531.0,0.9001461267471313
466,35,84.0,0.0,496.0,894.0,290.0,447.0,412.0,894.0,0.8633654117584229
466,34,1848.0,169.0,1920.0,610.0,1884.0,389.5,72.0,441.0,0.8458648920059204
466,39,283.0,80.0,499.0,763.0,391.0,421.5,216.0,683.0,0.8181814551353455
466,37,1733.0,170.0,1869.0,578.0,1801.0,374.0,136.0,408.0,0.723703145980835
466,41,1450.0,125.0,1644.0,594.0,1547.0,359.5,194.0,469.0,0.5624608993530273
466,30,1.0,0.0,80.0,765.0,40.5,382.5,79.0,765.0,0.4275772273540497
467,20,590.0,0.0,979.0,863.0,784.5,431.5,389.0,863.0,0.9417088031768799
467,1,1297.0,0.0,1642.0,832.0,1469.5,416.0,345.0,832.0,0.9254078269004822
467,9,1562.0,0.0,1860.0,800.0,1711.0,400.0,298.0,800.0,0.9178912043571472
467,38,0.0,0.0,206.0,774.0,103.0,387.0,206.0,774.0,0.9057731032371521
467,28,878.0,101.0,1067.0,632.0,972.5,366.5,189.0,531.0,0.9016751050949097
467,7,1229.0,25.0,1482.0,809.0,1355.5,417.0,253.0,784.0,0.9007238745689392
467,42,414.0,143.0,620.0,729.0,517.0,436.0,206.0,586.0,0.8912502527236938
467,35,83.0,0.0,503.0,897.0,293.0,448.5,420.0,897.0,0.8449273109436035
467,34,1851.0,169.0,1920.0,610.0,1885.5,389.5,69.0,441.0,0.8432822227478027
467,39,282.0,75.0,503.0,768.0,392.5,421.5,221.0,693.0,0.8167133927345276
467,37,1735.0,168.0,1870.0,575.0,1802.5,371.5,135.0,407.0,0.7223740220069885
467,30,0.0,0.0,89.0,758.0,44.5,379.0,89.0,758.0,0.6163263916969299
467,41,1453.0,123.0,1645.0,593.0,1549.0,358.0,192.0,470.0,0.5697903633117676
468,20,593.0,0.0,984.0,864.0,788.5,432.0,391.0,864.0,0.9419435262680054
468,1,1295.0,0.0,1642.0,831.0,1468.5,415.5,347.0,831.0,0.9263824224472046
468,9,1562.0,0.0,1856.0,801.0,1709.0,400.5,294.0,801.0,0.9160789847373962
468,38,0.0,0.0,204.0,774.0,102.0,387.0,204.0,774.0,0.9048567414283752
468,7,1227.0,20.0,1485.0,814.0,1356.0,417.0,258.0,794.0,0.8952651619911194
468,42,403.0,143.0,622.0,729.0,512.5,436.0,219.0,586.0,0.8924695253372192
468,28,853.0,103.0,1060.0,632.0,956.5,367.5,207.0,529.0,0.8826131224632263
468,34,1854.0,177.0,1920.0,609.0,1887.0,393.0,66.0,432.0,0.8597321510314941
468,35,81.0,0.0,505.0,894.0,293.0,447.0,424.0,894.0,0.8460627198219299
468,39,284.0,69.0,506.0,768.0,395.0,418.5,222.0,699.0,0.808266282081604
468,37,1735.0,179.0,1869.0,574.0,1802.0,376.5,134.0,395.0,0.7036048173904419
468,41,1462.0,119.0,1644.0,592.0,1553.0,355.5,182.0,473.0,0.63820481300354
468,30,0.0,0.0,87.0,760.0,43.5,380.0,87.0,760.0,0.6091069579124451
469,20,601.0,0.0,987.0,868.0,794.0,434.0,386.0,868.0,0.9492126703262329
469,1,1295.0,0.0,1641.0,830.0,1468.0,415.0,346.0,830.0,0.9223041534423828
469,9,1561.0,0.0,1854.0,802.0,1707.5,401.0,293.0,802.0,0.9143489003181458
469,38,0.0,0.0,202.0,775.0,101.0,387.5,202.0,775.0,0.8997495770454407
469,28,831.0,104.0,1054.0,632.0,942.5,368.0,223.0,528.0,0.8965224027633667
469,7,1226.0,18.0,1488.0,812.0,1357.0,415.0,262.0,794.0,0.8842913508415222
469,42,395.0,140.0,615.0,729.0,505.0,434.5,220.0,589.0,0.8823398947715759
469,35,80.0,0.0,505.0,895.0,292.5,447.5,425.0,895.0,0.863235592842102
469,34,1857.0,178.0,1920.0,608.0,1888.5,393.0,63.0,430.0,0.8587046265602112
469,39,283.0,65.0,506.0,762.0,394.5,413.5,223.0,697.0,0.8122664093971252
469,37,1739.0,170.0,1870.0,573.0,1804.5,371.5,131.0,403.0,0.6939246654510498
469,41,1465.0,113.0,1645.0,594.0,1555.0,353.5,180.0,481.0,0.684984564781189
469,30,0.0,0.0,86.0,763.0,43.0,381.5,86.0,763.0,0.5599143505096436
470,20,601.0,0.0,989.0,866.0,795.0,433.0,388.0,866.0,0.9478164911270142
470,1,1295.0,0.0,1638.0,810.0,1466.5,405.0,343.0,810.0,0.9213786125183105
470,9,1561.0,0.0,1854.0,802.0,1707.5,401.0,293.0,802.0,0.9112542271614075
470,38,0.0,0.0,200.0,775.0,100.0,387.5,200.0,775.0,0.8990074396133423
470,35,79.0,0.0,500.0,891.0,289.5,445.5,421.0,891.0,0.8824162483215332
470,28,834.0,105.0,1051.0,627.0,942.5,366.0,217.0,522.0,0.88104248046875
470,7,1227.0,22.0,1491.0,792.0,1359.0,407.0,264.0,770.0,0.8800979852676392
470,42,405.0,163.0,610.0,727.0,507.5,445.0,205.0,564.0,0.8581979870796204
470,34,1856.0,180.0,1920.0,607.0,1888.0,393.5,64.0,427.0,0.8565211296081543
470,39,286.0,69.0,502.0,755.0,394.0,412.0,216.0,686.0,0.8027961254119873
470,37,1740.0,166.0,1871.0,573.0,1805.5,369.5,131.0,407.0,0.7168679237365723
470,41,1473.0,126.0,1641.0,593.0,1557.0,359.5,168.0,467.0,0.6929998993873596
470,30,0.0,0.0,87.0,766.0,43.5,383.0,87.0,766.0,0.570248544216156
471,20,603.0,0.0,997.0,863.0,800.0,431.5,394.0,863.0,0.9444010853767395
471,1,1294.0,0.0,1636.0,812.0,1465.0,406.0,342.0,812.0,0.9209930896759033
471,9,1560.0,0.0,1854.0,803.0,1707.0,401.5,294.0,803.0,0.9113561511039734
471,38,0.0,0.0,198.0,777.0,99.0,388.5,198.0,777.0,0.897072434425354
471,28,847.0,107.0,1045.0,632.0,946.0,369.5,198.0,525.0,0.8861771821975708
471,35,79.0,0.0,497.0,891.0,288.0,445.5,418.0,891.0,0.8784074187278748
471,42,412.0,166.0,604.0,725.0,508.0,445.5,192.0,559.0,0.8471203446388245
471,34,1857.0,182.0,1920.0,607.0,1888.5,394.5,63.0,425.0,0.838249921798706
471,7,1229.0,20.0,1487.0,792.0,1358.0,406.0,258.0,772.0,0.8125750422477722
471,39,275.0,73.0,502.0,755.0,388.5,414.0,227.0,682.0,0.7825320959091187
471,41,1479.0,126.0,1642.0,592.0,1560.5,359.0,163.0,466.0,0.7253690361976624
471,37,1743.0,176.0,1870.0,574.0,1806.5,375.0,127.0,398.0,0.7178894281387329
471,30,0.0,0.0,86.0,767.0,43.0,383.5,86.0,767.0,0.5320552587509155
472,20,605.0,0.0,1003.0,865.0,804.0,432.5,398.0,865.0,0.9462006688117981
472,1,1292.0,0.0,1634.0,813.0,1463.0,406.5,342.0,813.0,0.9201003909111023
472,9,1558.0,11.0,1852.0,799.0,1705.0,405.0,294.0,788.0,0.9155523777008057
472,38,0.0,0.0,198.0,779.0,99.0,389.5,198.0,779.0,0.8949771523475647
472,35,78.0,0.0,496.0,892.0,287.0,446.0,418.0,892.0,0.8778588771820068
472,28,854.0,105.0,1041.0,628.0,947.5,366.5,187.0,523.0,0.8482523560523987
472,34,1859.0,188.0,1920.0,602.0,1889.5,395.0,61.0,414.0,0.8309832215309143
472,42,407.0,162.0,603.0,725.0,505.0,443.5,196.0,563.0,0.8294740915298462
472,7,1231.0,25.0,1483.0,789.0,1357.0,407.0,252.0,764.0,0.8104691505432129
472,39,275.0,70.0,502.0,757.0,388.5,413.5,227.0,687.0,0.7859145402908325
472,41,1477.0,127.0,1639.0,592.0,1558.0,359.5,162.0,465.0,0.7404969930648804
472,37,1746.0,188.0,1869.0,571.0,1807.5,379.5,123.0,383.0,0.6938421130180359
472,30,0.0,0.0,84.0,769.0,42.0,384.5,84.0,769.0,0.518547534942627
473,20,607.0,0.0,1006.0,864.0,806.5,432.0,399.0,864.0,0.945112943649292
473,1,1290.0,0.0,1632.0,817.0,1461.0,408.5,342.0,817.0,0.920984148979187
473,9,1560.0,14.0,1851.0,798.0,1705.5,406.0,291.0,784.0,0.9150235056877136
473,38,0.0,0.0,198.0,781.0,99.0,390.5,198.0,781.0,0.8952646255493164
473,35,77.0,0.0,494.0,891.0,285.5,445.5,417.0,891.0,0.8804998993873596
473,42,398.0,151.0,604.0,728.0,501.0,439.5,206.0,577.0,0.8282210230827332
473,34,1859.0,192.0,1920.0,604.0,1889.5,398.0,61.0,412.0,0.8271689414978027
473,28,823.0,88.0,1035.0,633.0,929.0,360.5,212.0,545.0,0.8183897733688354
473,39,278.0,62.0,501.0,757.0,389.5,409.5,223.0,695.0,0.7692806720733643
473,41,1484.0,127.0,1639.0,593.0,1561.5,360.0,155.0,466.0,0.7386472821235657
473,37,1749.0,193.0,1870.0,570.0,1809.5,381.5,121.0,377.0,0.7007799744606018
473,30,0.0,0.0,84.0,769.0,42.0,384.5,84.0,769.0,0.4900548756122589
474,20,607.0,0.0,1006.0,864.0,806.5,432.0,399.0,864.0,0.9432126879692078
474,1,1289.0,0.0,1629.0,818.0,1459.0,409.0,340.0,818.0,0.9182174801826477
474,9,1562.0,14.0,1850.0,801.0,1706.0,407.5,288.0,787.0,0.9166126847267151
474,38,0.0,0.0,201.0,765.0,100.5,382.5,201.0,765.0,0.8953473567962646
474,35,75.0,0.0,493.0,892.0,284.0,446.0,418.0,892.0,0.8856366276741028
474,28,828.0,92.0,1030.0,635.0,929.0,363.5,202.0,543.0,0.8239710330963135
474,42,397.0,155.0,601.0,730.0,499.0,442.5,204.0,575.0,0.811855137348175
474,34,1860.0,194.0,1920.0,603.0,1890.0,398.5,60.0,409.0,0.8010793924331665
474,41,1484.0,131.0,1634.0,592.0,1559.0,361.5,150.0,461.0,0.7500539422035217
474,39,280.0,61.0,494.0,757.0,387.0,409.0,214.0,696.0,0.7394938468933105
474,37,1750.0,208.0,1870.0,567.0,1810.0,387.5,120.0,359.0,0.6736036539077759
474,30,1.0,0.0,74.0,802.0,37.5,401.0,73.0,802.0,0.5116468071937561
475,20,608.0,0.0,1003.0,865.0,805.5,432.5,395.0,865.0,0.947066605091095
475,9,1561.0,15.0,1850.0,802.0,1705.5,408.5,289.0,787.0,0.9195080399513245
475,1,1287.0,0.0,1626.0,818.0,1456.5,409.0,339.0,818.0,0.9153814911842346
475,38,0.0,0.0,200.0,763.0,100.0,381.5,200.0,763.0,0.8968676328659058
475,35,74.0,0.0,491.0,889.0,282.5,444.5,417.0,889.0,0.8910762667655945
475,28,844.0,124.0,1028.0,632.0,936.0,378.0,184.0,508.0,0.8427503705024719
475,34,1860.0,196.0,1920.0,600.0,1890.0,398.0,60.0,404.0,0.7993749380111694
475,42,394.0,158.0,598.0,732.0,496.0,445.0,204.0,574.0,0.7960233092308044
475,41,1486.0,139.0,1630.0,591.0,1558.0,365.0,144.0,452.0,0.7785784602165222
475,39,277.0,73.0,493.0,756.0,385.0,414.5,216.0,683.0,0.7712388038635254
475,37,1748.0,204.0,1871.0,570.0,1809.5,387.0,123.0,366.0,0.6944848299026489
475,30,1.0,0.0,73.0,802.0,37.0,401.0,72.0,802.0,0.5095030665397644
476,20,609.0,0.0,1006.0,864.0,807.5,432.0,397.0,864.0,0.946090579032898
476,9,1562.0,4.0,1851.0,807.0,1706.5,405.5,289.0,803.0,0.9221875667572021
476,1,1285.0,0.0,1622.0,817.0,1453.5,408.5,337.0,817.0,0.9092835783958435
476,35,74.0,0.0,490.0,892.0,282.0,446.0,416.0,892.0,0.9016246795654297
476,38,0.0,0.0,199.0,765.0,99.5,382.5,199.0,765.0,0.8975145816802979
476,28,836.0,137.0,1025.0,632.0,930.5,384.5,189.0,495.0,0.8389163613319397
476,41,1488.0,145.0,1627.0,590.0,1557.5,367.5,139.0,445.0,0.7868975400924683
476,34,1861.0,199.0,1920.0,597.0,1890.5,398.0,59.0,398.0,0.7725558876991272
476,42,341.0,160.0,595.0,736.0,468.0,448.0,254.0,576.0,0.7518780827522278
476,37,1753.0,220.0,1869.0,570.0,1811.0,395.0,116.0,350.0,0.6915948390960693
476,39,281.0,73.0,497.0,757.0,389.0,415.0,216.0,684.0,0.68393474817276
476,30,1.0,0.0,69.0,800.0,35.0,400.0,68.0,800.0,0.49351269006729126
477,20,611.0,0.0,1008.0,865.0,809.5,432.5,397.0,865.0,0.9439533352851868
477,9,1562.0,9.0,1852.0,806.0,1707.0,407.5,290.0,797.0,0.9266179203987122
477,35,74.0,0.0,487.0,891.0,280.5,445.5,413.0,891.0,0.9097878932952881
477,7,1232.0,29.0,1498.0,810.0,1365.0,419.5,266.0,781.0,0.9044414162635803
477,38,0.0,0.0,200.0,765.0,100.0,382.5,200.0,765.0,0.8981974720954895
477,42,333.0,161.0,590.0,736.0,461.5,448.5,257.0,575.0,0.8567549586296082
477,41,1486.0,154.0,1624.0,588.0,1555.0,371.0,138.0,434.0,0.803307831287384
477,28,804.0,120.0,1022.0,636.0,913.0,378.0,218.0,516.0,0.7829077243804932
477,34,1861.0,198.0,1920.0,601.0,1890.5,399.5,59.0,403.0,0.7485441565513611
477,37,1750.0,211.0,1873.0,573.0,1811.5,392.0,123.0,362.0,0.691942572593689
477,30,1.0,0.0,69.0,799.0,35.0,399.5,68.0,799.0,0.5245102047920227
477,39,278.0,75.0,489.0,758.0,383.5,416.5,211.0,683.0,0.5093950629234314
478,20,612.0,0.0,1006.0,864.0,809.0,432.0,394.0,864.0,0.9434608221054077
478,9,1561.0,20.0,1855.0,802.0,1708.0,411.0,294.0,782.0,0.9322233200073242
478,35,75.0,0.0,479.0,897.0,277.0,448.5,404.0,897.0,0.9159314632415771
478,7,1232.0,28.0,1494.0,810.0,1363.0,419.0,262.0,782.0,0.9043329358100891
478,38,0.0,0.0,199.0,765.0,99.5,382.5,199.0,765.0,0.8933317065238953
478,41,1480.0,159.0,1622.0,587.0,1551.0,373.0,142.0,428.0,0.8150766491889954
478,42,318.0,136.0,584.0,748.0,451.0,442.0,266.0,612.0,0.7823241353034973
478,37,1752.0,220.0,1870.0,573.0,1811.0,396.5,118.0,353.0,0.7154898047447205
478,28,799.0,110.0,1019.0,640.0,909.0,375.0,220.0,530.0,0.7152242064476013
478,34,1861.0,185.0,1920.0,619.0,1890.5,402.0,59.0,434.0,0.7068027853965759
478,30,1.0,0.0,70.0,797.0,35.5,398.5,69.0,797.0,0.517448365688324
479,20,614.0,0.0,1007.0,862.0,810.5,431.0,393.0,862.0,0.9406076073646545
479,9,1560.0,20.0,1857.0,803.0,1708.5,411.5,297.0,783.0,0.9329398274421692
479,35,72.0,0.0,478.0,898.0,275.0,449.0,406.0,898.0,0.9191499352455139
479,7,1233.0,32.0,1488.0,808.0,1360.5,420.0,255.0,776.0,0.894773006439209
479,38,0.0,1.0,200.0,765.0,100.0,383.0,200.0,764.0,0.8917614221572876
479,42,314.0,125.0,574.0,753.0,444.0,439.0,260.0,628.0,0.8342263102531433
479,41,1478.0,160.0,1621.0,589.0,1549.5,374.5,143.0,429.0,0.8198955059051514
479,43,429.0,183.0,593.0,601.0,511.0,392.0,164.0,418.0,0.7898534536361694
479,37,1752.0,215.0,1873.0,580.0,1812.5,397.5,121.0,365.0,0.7353803515434265
479,34,1862.0,177.0,1920.0,628.0,1891.0,402.5,58.0,451.0,0.6851837038993835
479,28,794.0,89.0,1018.0,645.0,906.0,367.0,224.0,556.0,0.5100542902946472
479,30,1.0,0.0,72.0,801.0,36.5,400.5,71.0,801.0,0.4961322247982025
480,20,616.0,0.0,1009.0,862.0,812.5,431.0,393.0,862.0,0.9428089261054993
480,9,1557.0,21.0,1860.0,803.0,1708.5,412.0,303.0,782.0,0.9319857954978943
480,35,71.0,0.0,479.0,900.0,275.0,450.0,408.0,900.0,0.9192337989807129
480,38,0.0,2.0,201.0,768.0,100.5,385.0,201.0,766.0,0.8951724171638489
480,7,1236.0,42.0,1484.0,803.0,1360.0,422.5,248.0,761.0,0.8752747774124146
480,42,316.0,129.0,562.0,753.0,439.0,441.0,246.0,624.0,0.8251441717147827
480,41,1481.0,171.0,1619.0,590.0,1550.0,380.5,138.0,419.0,0.8144025802612305
480,43,430.0,183.0,598.0,597.0,514.0,390.0,168.0,414.0,0.7831577658653259
480,37,1750.0,219.0,1873.0,582.0,1811.5,400.5,123.0,363.0,0.7409257888793945
480,34,1863.0,162.0,1920.0,658.0,1891.5,410.0,57.0,496.0,0.6543561816215515
480,28,785.0,51.0,1010.0,641.0,897.5,346.0,225.0,590.0,0.5307942032814026
480,30,1.0,0.0,70.0,803.0,35.5,401.5,69.0,803.0,0.5038508772850037
481,20,620.0,0.0,1009.0,862.0,814.5,431.0,389.0,862.0,0.9347658157348633
481,9,1556.0,20.0,1860.0,803.0,1708.0,411.5,304.0,783.0,0.9293122291564941
481,35,67.0,0.0,478.0,903.0,272.5,451.5,411.0,903.0,0.917698860168457
481,38,0.0,3.0,199.0,769.0,99.5,386.0,199.0,766.0,0.8943787813186646
481,1,1271.0,0.0,1613.0,828.0,1442.0,414.0,342.0,828.0,0.8589150309562683
481,43,430.0,186.0,594.0,599.0,512.0,392.5,164.0,413.0,0.7926608920097351
481,41,1484.0,182.0,1618.0,592.0,1551.0,387.0,134.0,410.0,0.7924709320068359
481,42,297.0,88.0,520.0,760.0,408.5,424.0,223.0,672.0,0.7689294815063477
481,37,1750.0,226.0,1872.0,577.0,1811.0,401.5,122.0,351.0,0.7456738352775574
481,34,1863.0,165.0,1920.0,638.0,1891.5,401.5,57.0,473.0,0.6832736730575562
481,30,1.0,0.0,71.0,797.0,36.0,398.5,70.0,797.0,0.4854927361011505
481,28,763.0,6.0,1008.0,636.0,885.5,321.0,245.0,630.0,0.4400734603404999
481,7,1238.0,84.0,1458.0,803.0,1348.0,443.5,220.0,719.0,0.2947979271411896
482,20,623.0,0.0,1009.0,863.0,816.0,431.5,386.0,863.0,0.937264084815979
482,9,1555.0,19.0,1861.0,803.0,1708.0,411.0,306.0,784.0,0.9313929677009583
482,35,64.0,0.0,478.0,899.0,271.0,449.5,414.0,899.0,0.9165281057357788
482,38,0.0,5.0,196.0,768.0,98.0,386.5,196.0,763.0,0.8929681181907654
482,1,1268.0,0.0,1608.0,829.0,1438.0,414.5,340.0,829.0,0.8558313250541687
482,43,433.0,189.0,598.0,601.0,515.5,395.0,165.0,412.0,0.818439245223999
482,42,299.0,91.0,507.0,758.0,403.0,424.5,208.0,667.0,0.802559494972229
482,41,1478.0,181.0,1615.0,601.0,1546.5,391.0,137.0,420.0,0.7938995957374573
482,37,1748.0,221.0,1869.0,577.0,1808.5,399.0,121.0,356.0,0.7168058753013611
482,34,1865.0,162.0,1920.0,639.0,1892.5,400.5,55.0,477.0,0.665199339389801
482,30,1.0,0.0,74.0,797.0,37.5,398.5,73.0,797.0,0.45503655076026917
482,7,1240.0,84.0,1457.0,804.0,1348.5,444.0,217.0,720.0,0.281343549489975
483,20,630.0,0.0,1005.0,864.0,817.5,432.0,375.0,864.0,0.9369970560073853
483,9,1554.0,17.0,1860.0,802.0,1707.0,409.5,306.0,785.0,0.9334707856178284
483,35,68.0,0.0,478.0,897.0,273.0,448.5,410.0,897.0,0.9186356663703918
483,38,0.0,6.0,196.0,768.0,98.0,387.0,196.0,762.0,0.8946034908294678
483,1,1268.0,0.0,1606.0,831.0,1437.0,415.5,338.0,831.0,0.8662843108177185
483,43,432.0,191.0,596.0,605.0,514.0,398.0,164.0,414.0,0.8383240699768066
483,42,297.0,95.0,503.0,759.0,400.0,427.0,206.0,664.0,0.8029153347015381
483,41,1473.0,175.0,1614.0,605.0,1543.5,390.0,141.0,430.0,0.7960838079452515
483,37,1750.0,221.0,1869.0,576.0,1809.5,398.5,119.0,355.0,0.7060816287994385
483,34,1865.0,162.0,1920.0,632.0,1892.5,397.0,55.0,470.0,0.6580895781517029
483,7,1243.0,109.0,1458.0,804.0,1350.5,456.5,215.0,695.0,0.5153585076332092
483,30,1.0,0.0,74.0,795.0,37.5,397.5,73.0,795.0,0.43203070759773254
484,20,633.0,0.0,1004.0,863.0,818.5,431.5,371.0,863.0,0.9394087791442871
484,9,1550.0,13.0,1859.0,807.0,1704.5,410.0,309.0,794.0,0.9362350702285767
484,35,69.0,0.0,477.0,897.0,273.0,448.5,408.0,897.0,0.9211461544036865
484,38,0.0,6.0,194.0,768.0,97.0,387.0,194.0,762.0,0.8955777883529663
484,1,1265.0,0.0,1605.0,831.0,1435.0,415.5,340.0,831.0,0.8686726093292236
484,43,433.0,191.0,599.0,620.0,516.0,405.5,166.0,429.0,0.8465733528137207
484,41,1474.0,178.0,1613.0,604.0,1543.5,391.0,139.0,426.0,0.7885434627532959
484,39,293.0,104.0,487.0,760.0,390.0,432.0,194.0,656.0,0.7849939465522766
484,37,1750.0,217.0,1867.0,576.0,1808.5,396.5,117.0,359.0,0.7052791714668274
484,34,1865.0,159.0,1920.0,631.0,1892.5,395.0,55.0,472.0,0.6761540770530701
484,30,1.0,0.0,73.0,795.0,37.0,397.5,72.0,795.0,0.4548453688621521
484,7,1245.0,107.0,1456.0,805.0,1350.5,456.0,211.0,698.0,0.41431406140327454
485,20,633.0,0.0,1002.0,865.0,817.5,432.5,369.0,865.0,0.9377980828285217
485,9,1547.0,9.0,1861.0,808.0,1704.0,408.5,314.0,799.0,0.9377923011779785
485,35,71.0,0.0,476.0,897.0,273.5,448.5,405.0,897.0,0.9287483096122742
485,38,0.0,6.0,193.0,768.0,96.5,387.0,193.0,762.0,0.900843620300293
485,1,1264.0,0.0,1603.0,831.0,1433.5,415.5,339.0,831.0,0.8739437460899353
485,43,433.0,192.0,598.0,614.0,515.5,403.0,165.0,422.0,0.8519496917724609
485,39,279.0,94.0,482.0,766.0,380.5,430.0,203.0,672.0,0.7905825972557068
485,41,1481.0,189.0,1612.0,602.0,1546.5,395.5,131.0,413.0,0.7771876454353333
485,37,1748.0,226.0,1866.0,577.0,1807.0,401.5,118.0,351.0,0.7009188532829285
485,34,1863.0,158.0,1920.0,638.0,1891.5,398.0,57.0,480.0,0.6692361831665039
485,30,1.0,0.0,73.0,799.0,37.0,399.5,72.0,799.0,0.44035446643829346
485,7,1245.0,94.0,1456.0,806.0,1350.5,450.0,211.0,712.0,0.2789197564125061
486,20,633.0,0.0,1007.0,862.0,820.0,431.0,374.0,862.0,0.9325706362724304
486,9,1546.0,5.0,1860.0,808.0,1703.0,406.5,314.0,803.0,0.93229740858078
486,35,72.0,0.0,475.0,900.0,273.5,450.0,403.0,900.0,0.929230809211731
486,38,0.0,6.0,191.0,767.0,95.5,386.5,191.0,761.0,0.8992298245429993
486,1,1254.0,0.0,1603.0,848.0,1428.5,424.0,349.0,848.0,0.8793289661407471
486,43,435.0,191.0,598.0,614.0,516.5,402.5,163.0,423.0,0.8547142744064331
486,39,277.0,96.0,481.0,768.0,379.0,432.0,204.0,672.0,0.7670676708221436
486,41,1485.0,190.0,1612.0,599.0,1548.5,394.5,127.0,409.0,0.7581340670585632
486,37,1748.0,234.0,1866.0,575.0,1807.0,404.5,118.0,341.0,0.7076948881149292
486,34,1862.0,160.0,1920.0,635.0,1891.0,397.5,58.0,475.0,0.6928297281265259
486,30,1.0,0.0,71.0,801.0,36.0,400.5,70.0,801.0,0.47220510244369507
486,3,630.0,18.0,858.0,651.0,744.0,334.5,228.0,633.0,0.44024544954299927
487,35,73.0,0.0,476.0,902.0,274.5,451.0,403.0,902.0,0.9327020049095154
487,20,633.0,0.0,1012.0,862.0,822.5,431.0,379.0,862.0,0.930616557598114
487,9,1543.0,1.0,1861.0,804.0,1702.0,402.5,318.0,803.0,0.9296759963035583
487,38,0.0,5.0,190.0,768.0,95.0,386.5,190.0,763.0,0.9029632806777954
487,1,1252.0,0.0,1602.0,847.0,1427.0,423.5,350.0,847.0,0.8996334671974182
487,43,438.0,191.0,600.0,610.0,519.0,400.5,162.0,419.0,0.8449590802192688
487,39,279.0,101.0,480.0,764.0,379.5,432.5,201.0,663.0,0.7596269845962524
487,41,1483.0,180.0,1613.0,601.0,1548.0,390.5,130.0,421.0,0.7544668316841125
487,34,1860.0,164.0,1920.0,626.0,1890.0,395.0,60.0,462.0,0.7347531914710999
487,37,1748.0,228.0,1867.0,568.0,1807.5,398.0,119.0,340.0,0.6625414490699768
487,30,1.0,0.0,69.0,803.0,35.0,401.5,68.0,803.0,0.45401501655578613
487,3,621.0,63.0,851.0,665.0,736.0,364.0,230.0,602.0,0.41908007860183716
488,20,640.0,0.0,1017.0,860.0,828.5,430.0,377.0,860.0,0.9355892539024353
488,9,1543.0,0.0,1860.0,804.0,1701.5,402.0,317.0,804.0,0.931233823299408
488,35,75.0,0.0,477.0,903.0,276.0,451.5,402.0,903.0,0.9296190142631531
488,1,1250.0,0.0,1601.0,849.0,1425.5,424.5,351.0,849.0,0.9072057604789734
488,38,0.0,3.0,188.0,769.0,94.0,386.0,188.0,766.0,0.902475118637085
488,43,440.0,192.0,602.0,606.0,521.0,399.0,162.0,414.0,0.8244824409484863
488,39,267.0,97.0,477.0,766.0,372.0,431.5,210.0,669.0,0.7844259738922119
488,41,1485.0,176.0,1615.0,593.0,1550.0,384.5,130.0,417.0,0.7753302454948425
488,34,1858.0,166.0,1920.0,623.0,1889.0,394.5,62.0,457.0,0.7381979823112488
488,37,1746.0,226.0,1867.0,567.0,1806.5,396.5,121.0,341.0,0.6579930186271667
488,3,617.0,159.0,800.0,638.0,708.5,398.5,183.0,479.0,0.6114190220832825
488,30,1.0,0.0,69.0,799.0,35.0,399.5,68.0,799.0,0.41281357407569885
489,20,649.0,0.0,1021.0,859.0,835.0,429.5,372.0,859.0,0.9338817596435547
489,35,75.0,0.0,477.0,901.0,276.0,450.5,402.0,901.0,0.9319314956665039
489,9,1542.0,0.0,1863.0,804.0,1702.5,402.0,321.0,804.0,0.9280206561088562
489,1,1248.0,0.0,1600.0,851.0,1424.0,425.5,352.0,851.0,0.9090256690979004
489,38,0.0,0.0,186.0,769.0,93.0,384.5,186.0,769.0,0.9068059325218201
489,3,616.0,170.0,790.0,637.0,703.0,403.5,174.0,467.0,0.8350760340690613
489,43,444.0,192.0,603.0,594.0,523.5,393.0,159.0,402.0,0.8063385486602783
489,41,1490.0,183.0,1617.0,593.0,1553.5,388.0,127.0,410.0,0.7860034108161926
489,39,265.0,94.0,474.0,764.0,369.5,429.0,209.0,670.0,0.7682960033416748
489,34,1856.0,161.0,1920.0,655.0,1888.0,408.0,64.0,494.0,0.6659390926361084
489,37,1747.0,222.0,1868.0,569.0,1807.5,395.5,121.0,347.0,0.6577829718589783
489,30,0.0,0.0,67.0,796.0,33.5,398.0,67.0,796.0,0.3944283127784729
490,20,648.0,0.0,1022.0,876.0,835.0,438.0,374.0,876.0,0.9356123208999634
490,35,74.0,0.0,479.0,900.0,276.5,450.0,405.0,900.0,0.9307862520217896
490,9,1540.0,0.0,1864.0,805.0,1702.0,402.5,324.0,805.0,0.927820086479187
490,1,1246.0,0.0,1601.0,851.0,1423.5,425.5,355.0,851.0,0.9089370369911194
490,38,0.0,0.0,186.0,768.0,93.0,384.0,186.0,768.0,0.9080564975738525
490,3,609.0,163.0,786.0,640.0,697.5,401.5,177.0,477.0,0.8548747897148132
490,41,1489.0,176.0,1618.0,594.0,1553.5,385.0,129.0,418.0,0.8024784922599792
490,43,447.0,194.0,604.0,586.0,525.5,390.0,157.0,392.0,0.7872393131256104
490,39,262.0,89.0,474.0,762.0,368.0,425.5,212.0,673.0,0.7551460266113281
490,34,1854.0,145.0,1919.0,769.0,1886.5,457.0,65.0,624.0,0.6654642820358276
490,37,1743.0,214.0,1871.0,570.0,1807.0,392.0,128.0,356.0,0.660594642162323
490,30,0.0,0.0,67.0,796.0,33.5,398.0,67.0,796.0,0.3883715271949768
491,20,647.0,0.0,1027.0,875.0,837.0,437.5,380.0,875.0,0.9391312599182129
491,9,1537.0,0.0,1865.0,805.0,1701.0,402.5,328.0,805.0,0.927057147026062
491,35,71.0,0.0,480.0,900.0,275.5,450.0,409.0,900.0,0.9266118407249451
491,38,0.0,0.0,186.0,768.0,93.0,384.0,186.0,768.0,0.9066529273986816
491,1,1245.0,0.0,1601.0,855.0,1423.0,427.5,356.0,855.0,0.9059924483299255
491,3,603.0,164.0,774.0,640.0,688.5,402.0,171.0,476.0,0.8586828708648682
491,41,1488.0,172.0,1618.0,594.0,1553.0,383.0,130.0,422.0,0.7980520129203796
491,43,448.0,196.0,604.0,586.0,526.0,391.0,156.0,390.0,0.7675583362579346
491,39,262.0,87.0,474.0,760.0,368.0,423.5,212.0,673.0,0.7446963787078857
491,37,1739.0,208.0,1872.0,575.0,1805.5,391.5,133.0,367.0,0.6797162294387817
491,34,1854.0,149.0,1919.0,768.0,1886.5,458.5,65.0,619.0,0.6674232482910156
491,30,1.0,0.0,68.0,796.0,34.5,398.0,67.0,796.0,0.3959627151489258
492,20,648.0,0.0,1031.0,862.0,839.5,431.0,383.0,862.0,0.9416045546531677
492,9,1537.0,0.0,1864.0,805.0,1700.5,402.5,327.0,805.0,0.926764726638794
492,35,69.0,0.0,482.0,901.0,275.5,450.5,413.0,901.0,0.9221062660217285
492,1,1242.0,0.0,1601.0,853.0,1421.5,426.5,359.0,853.0,0.9091651439666748
492,38,0.0,0.0,187.0,769.0,93.5,384.5,187.0,769.0,0.9073540568351746
492,3,601.0,169.0,758.0,639.0,679.5,404.0,157.0,470.0,0.864863395690918
492,41,1488.0,174.0,1618.0,593.0,1553.0,383.5,130.0,419.0,0.7643078565597534
492,43,451.0,196.0,605.0,574.0,528.0,385.0,154.0,378.0,0.7506533861160278
492,39,263.0,91.0,472.0,755.0,367.5,423.0,209.0,664.0,0.7049872875213623
492,34,1850.0,155.0,1919.0,765.0,1884.5,460.0,69.0,610.0,0.6901075839996338
492,37,1743.0,209.0,1871.0,585.0,1807.0,397.0,128.0,376.0,0.6776792407035828
492,30,1.0,0.0,68.0,795.0,34.5,397.5,67.0,795.0,0.37279531359672546
493,20,652.0,0.0,1034.0,857.0,843.0,428.5,382.0,857.0,0.9426450729370117
493,9,1534.0,0.0,1864.0,806.0,1699.0,403.0,330.0,806.0,0.9269923567771912
493,35,67.0,0.0,482.0,901.0,274.5,450.5,415.0,901.0,0.9237163662910461
493,1,1238.0,0.0,1602.0,852.0,1420.0,426.0,364.0,852.0,0.9167393445968628
493,38,0.0,0.0,186.0,768.0,93.0,384.0,186.0,768.0,0.9096319675445557
493,3,598.0,171.0,753.0,640.0,675.5,405.5,155.0,469.0,0.8849339485168457
493,43,465.0,199.0,606.0,544.0,535.5,371.5,141.0,345.0,0.7740558981895447
493,41,1490.0,176.0,1618.0,593.0,1554.0,384.5,128.0,417.0,0.756056547164917
493,34,1849.0,160.0,1919.0,757.0,1884.0,458.5,70.0,597.0,0.7120965719223022
493,37,1742.0,206.0,1872.0,588.0,1807.0,397.0,130.0,382.0,0.6991013288497925
493,39,265.0,92.0,471.0,748.0,368.0,420.0,206.0,656.0,0.697450578212738
493,30,1.0,0.0,69.0,795.0,35.0,397.5,68.0,795.0,0.36294087767601013
494,20,654.0,0.0,1034.0,861.0,844.0,430.5,380.0,861.0,0.9446178674697876
494,9,1532.0,0.0,1863.0,805.0,1697.5,402.5,331.0,805.0,0.9294108152389526
494,35,64.0,0.0,483.0,900.0,273.5,450.0,419.0,900.0,0.9232200384140015
494,1,1237.0,0.0,1600.0,853.0,1418.5,426.5,363.0,853.0,0.9180364608764648
494,38,0.0,0.0,187.0,769.0,93.5,384.5,187.0,769.0,0.9102703332901001
494,3,595.0,167.0,741.0,642.0,668.0,404.5,146.0,475.0,0.8747080564498901
494,43,462.0,199.0,607.0,542.0,534.5,370.5,145.0,343.0,0.7837017178535461
494,41,1490.0,178.0,1616.0,593.0,1553.0,385.5,126.0,415.0,0.7678136825561523
494,37,1745.0,208.0,1874.0,586.0,1809.5,397.0,129.0,378.0,0.7138146758079529
494,34,1849.0,173.0,1919.0,730.0,1884.0,451.5,70.0,557.0,0.7137061357498169
494,39,261.0,86.0,472.0,748.0,366.5,417.0,211.0,662.0,0.6633196473121643
494,30,1.0,0.0,70.0,793.0,35.5,396.5,69.0,793.0,0.34849146008491516
495,20,656.0,0.0,1035.0,856.0,845.5,428.0,379.0,856.0,0.9462372064590454
495,9,1530.0,0.0,1862.0,805.0,1696.0,402.5,332.0,805.0,0.9285134673118591
495,1,1235.0,0.0,1600.0,850.0,1417.5,425.0,365.0,850.0,0.9254873394966125
495,35,59.0,0.0,486.0,897.0,272.5,448.5,427.0,897.0,0.9155458211898804
495,38,0.0,0.0,186.0,769.0,93.0,384.5,186.0,769.0,0.9055010676383972
495,3,589.0,166.0,738.0,641.0,663.5,403.5,149.0,475.0,0.8739891648292542
495,43,460.0,200.0,604.0,544.0,532.0,372.0,144.0,344.0,0.7898464202880859
495,41,1488.0,177.0,1617.0,593.0,1552.5,385.0,129.0,416.0,0.7798211574554443
495,34,1847.0,166.0,1919.0,746.0,1883.0,456.0,72.0,580.0,0.745496392250061
495,37,1738.0,202.0,1876.0,579.0,1807.0,390.5,138.0,377.0,0.7191736698150635
495,39,259.0,89.0,474.0,749.0,366.5,419.0,215.0,660.0,0.6396825313568115
495,30,1.0,0.0,72.0,792.0,36.5,396.0,71.0,792.0,0.3135721981525421
496,20,658.0,0.0,1035.0,856.0,846.5,428.0,377.0,856.0,0.9459158778190613
496,9,1530.0,0.0,1860.0,804.0,1695.0,402.0,330.0,804.0,0.9297546744346619
496,1,1233.0,0.0,1599.0,848.0,1416.0,424.0,366.0,848.0,0.9287058115005493
496,35,55.0,0.0,488.0,902.0,271.5,451.0,433.0,902.0,0.9067938923835754
496,38,0.0,0.0,188.0,770.0,94.0,385.0,188.0,770.0,0.9000270366668701
496,3,581.0,163.0,736.0,640.0,658.5,401.5,155.0,477.0,0.8664416074752808
496,41,1484.0,176.0,1613.0,592.0,1548.5,384.0,129.0,416.0,0.7934272885322571
496,43,461.0,200.0,602.0,548.0,531.5,374.0,141.0,348.0,0.7667315602302551
496,34,1850.0,164.0,1919.0,751.0,1884.5,457.5,69.0,587.0,0.7532085180282593
496,37,1737.0,202.0,1875.0,576.0,1806.0,389.0,138.0,374.0,0.7186121940612793
496,39,262.0,87.0,475.0,752.0,368.5,419.5,213.0,665.0,0.6160282492637634
496,30,1.0,0.0,71.0,793.0,36.0,396.5,70.0,793.0,0.3230319321155548
497,20,659.0,0.0,1036.0,858.0,847.5,429.0,377.0,858.0,0.9461737275123596
497,1,1233.0,0.0,1599.0,848.0,1416.0,424.0,366.0,848.0,0.9313593506813049
497,9,1531.0,0.0,1858.0,805.0,1694.5,402.5,327.0,805.0,0.9295986890792847
497,35,60.0,0.0,489.0,903.0,274.5,451.5,429.0,903.0,0.9062170386314392
497,38,0.0,0.0,186.0,770.0,93.0,385.0,186.0,770.0,0.9051969051361084
497,3,570.0,165.0,728.0,640.0,649.0,402.5,158.0,475.0,0.8626278638839722
497,41,1483.0,180.0,1612.0,592.0,1547.5,386.0,129.0,412.0,0.779851496219635
497,43,453.0,197.0,601.0,563.0,527.0,380.0,148.0,366.0,0.7428319454193115
497,34,1853.0,169.0,1919.0,743.0,1886.0,456.0,66.0,574.0,0.7422581911087036
497,37,1740.0,204.0,1875.0,573.0,1807.5,388.5,135.0,369.0,0.702216625213623
497,39,259.0,86.0,476.0,752.0,367.5,419.0,217.0,666.0,0.6425354480743408
497,30,1.0,0.0,71.0,788.0,36.0,394.0,70.0,788.0,0.2899470329284668
498,20,660.0,0.0,1035.0,854.0,847.5,427.0,375.0,854.0,0.9451833963394165
498,1,1232.0,0.0,1599.0,849.0,1415.5,424.5,367.0,849.0,0.9315816164016724
498,9,1529.0,0.0,1856.0,806.0,1692.5,403.0,327.0,806.0,0.9272058606147766
498,38,0.0,0.0,188.0,767.0,94.0,383.5,188.0,767.0,0.9074426889419556
498,35,57.0,0.0,490.0,905.0,273.5,452.5,433.0,905.0,0.9039205312728882
498,3,568.0,162.0,720.0,639.0,644.0,400.5,152.0,477.0,0.8585852980613708
498,41,1486.0,185.0,1614.0,592.0,1550.0,388.5,128.0,407.0,0.7796081900596619
498,43,456.0,198.0,600.0,573.0,528.0,385.5,144.0,375.0,0.7420980334281921
498,34,1856.0,175.0,1919.0,727.0,1887.5,451.0,63.0,552.0,0.7125847935676575
498,37,1743.0,208.0,1871.0,574.0,1807.0,391.0,128.0,366.0,0.6841415762901306
498,39,251.0,83.0,477.0,754.0,364.0,418.5,226.0,671.0,0.6707010865211487
498,30,1.0,0.0,73.0,787.0,37.0,393.5,72.0,787.0,0.282137393951416
499,20,662.0,0.0,1035.0,856.0,848.5,428.0,373.0,856.0,0.9443038105964661
499,1,1231.0,0.0,1597.0,828.0,1414.0,414.0,366.0,828.0,0.9415367841720581
499,9,1529.0,0.0,1856.0,806.0,1692.5,403.0,327.0,806.0,0.9277608394622803
499,38,0.0,0.0,191.0,770.0,95.5,385.0,191.0,770.0,0.9058113098144531
499,35,62.0,0.0,481.0,914.0,271.5,457.0,419.0,914.0,0.9017086029052734
499,3,563.0,155.0,716.0,641.0,639.5,398.0,153.0,486.0,0.8515036702156067
499,41,1484.0,182.0,1610.0,591.0,1547.0,386.5,126.0,409.0,0.777885377407074
499,43,456.0,197.0,602.0,597.0,529.0,397.0,146.0,400.0,0.7414371967315674
499,34,1858.0,176.0,1919.0,719.0,1888.5,447.5,61.0,543.0,0.6824325323104858
499,39,246.0,77.0,478.0,759.0,362.0,418.0,232.0,682.0,0.6586518287658691
499,37,1750.0,212.0,1871.0,578.0,1810.5,395.0,121.0,366.0,0.6539894342422485
499,30,1.0,0.0,73.0,787.0,37.0,393.5,72.0,787.0,0.2755874991416931
500,20,665.0,0.0,1034.0,856.0,849.5,428.0,369.0,856.0,0.9480205178260803
500,1,1231.0,0.0,1597.0,830.0,1414.0,415.0,366.0,830.0,0.9427362680435181
500,9,1529.0,0.0,1855.0,808.0,1692.0,404.0,326.0,808.0,0.9293416142463684
500,38,0.0,0.0,192.0,769.0,96.0,384.5,192.0,769.0,0.9070599675178528
500,35,60.0,0.0,481.0,913.0,270.5,456.5,421.0,913.0,0.9070243239402771
500,3,557.0,150.0,717.0,645.0,637.0,397.5,160.0,495.0,0.8534837365150452
500,41,1481.0,182.0,1608.0,591.0,1544.5,386.5,127.0,409.0,0.7696431279182434
500,43,453.0,196.0,599.0,612.0,526.0,404.0,146.0,416.0,0.7419331669807434
500,39,246.0,72.0,478.0,760.0,362.0,416.0,232.0,688.0,0.6588135957717896
500,34,1860.0,176.0,1919.0,716.0,1889.5,446.0,59.0,540.0,0.6533083915710449
500,37,1743.0,206.0,1873.0,574.0,1808.0,390.0,130.0,368.0,0.6491527557373047
500,30,1.0,0.0,73.0,785.0,37.0,392.5,72.0,785.0,0.2816581428050995
501,20,666.0,0.0,1032.0,852.0,849.0,426.0,366.0,852.0,0.9472410678863525
501,1,1231.0,0.0,1598.0,832.0,1414.5,416.0,367.0,832.0,0.9428275227546692
501,9,1528.0,0.0,1855.0,808.0,1691.5,404.0,327.0,808.0,0.9285081028938293
501,38,0.0,0.0,191.0,772.0,95.5,386.0,191.0,772.0,0.9070602655410767
501,35,59.0,0.0,481.0,912.0,270.0,456.0,422.0,912.0,0.9039324522018433
501,3,543.0,159.0,714.0,639.0,628.5,399.0,171.0,480.0,0.8398487567901611
501,41,1486.0,188.0,1608.0,590.0,1547.0,389.0,122.0,402.0,0.7816095352172852
501,43,453.0,195.0,598.0,621.0,525.5,408.0,145.0,426.0,0.7707022428512573
501,39,244.0,71.0,479.0,766.0,361.5,418.5,235.0,695.0,0.6927273273468018
501,34,1864.0,185.0,1920.0,672.0,1892.0,428.5,56.0,487.0,0.674401581287384
501,37,1746.0,206.0,1872.0,580.0,1809.0,393.0,126.0,374.0,0.639874279499054
501,30,1.0,0.0,74.0,782.0,37.5,391.0,73.0,782.0,0.252675324678421
502,1,1231.0,0.0,1599.0,833.0,1415.0,416.5,368.0,833.0,0.9479039907455444
502,20,666.0,0.0,1033.0,857.0,849.5,428.5,367.0,857.0,0.9418314695358276
502,9,1528.0,2.0,1854.0,808.0,1691.0,405.0,326.0,806.0,0.9265050292015076
502,35,55.0,0.0,482.0,914.0,268.5,457.0,427.0,914.0,0.9086353182792664
502,38,0.0,0.0,190.0,773.0,95.0,386.5,190.0,773.0,0.908441960811615
502,3,535.0,166.0,704.0,632.0,619.5,399.0,169.0,466.0,0.8161633014678955
502,41,1489.0,192.0,1609.0,592.0,1549.0,392.0,120.0,400.0,0.8038309812545776
502,43,454.0,199.0,595.0,616.0,524.5,407.5,141.0,417.0,0.7843015193939209
502,34,1865.0,182.0,1920.0,673.0,1892.5,427.5,55.0,491.0,0.6946635842323303
502,39,243.0,58.0,481.0,771.0,362.0,414.5,238.0,713.0,0.6518924236297607
502,37,1746.0,209.0,1870.0,583.0,1808.0,396.0,124.0,374.0,0.639518141746521
502,30,1.0,0.0,73.0,784.0,37.0,392.0,72.0,784.0,0.2809363007545471
503,1,1231.0,0.0,1599.0,834.0,1415.0,417.0,368.0,834.0,0.9479268789291382
503,20,666.0,0.0,1033.0,855.0,849.5,427.5,367.0,855.0,0.9339996576309204
503,9,1530.0,6.0,1859.0,807.0,1694.5,406.5,329.0,801.0,0.9282017946243286
503,35,52.0,0.0,481.0,914.0,266.5,457.0,429.0,914.0,0.9086627960205078
503,38,0.0,0.0,189.0,774.0,94.5,387.0,189.0,774.0,0.9065521955490112
503,3,514.0,166.0,702.0,635.0,608.0,400.5,188.0,469.0,0.8593530058860779
503,41,1488.0,192.0,1608.0,592.0,1548.0,392.0,120.0,400.0,0.8046960234642029
503,43,457.0,205.0,597.0,614.0,527.0,409.5,140.0,409.0,0.752509593963623
503,34,1864.0,180.0,1920.0,667.0,1892.0,423.5,56.0,487.0,0.7129858732223511
503,39,236.0,55.0,481.0,773.0,358.5,414.0,245.0,718.0,0.6537993550300598
503,37,1743.0,200.0,1871.0,584.0,1807.0,392.0,128.0,384.0,0.6116583943367004
503,30,1.0,0.0,73.0,785.0,37.0,392.5,72.0,785.0,0.29720690846443176
504,1,1233.0,0.0,1601.0,835.0,1417.0,417.5,368.0,835.0,0.9480804800987244
504,9,1530.0,10.0,1859.0,807.0,1694.5,408.5,329.0,797.0,0.9335792064666748
504,20,668.0,0.0,1032.0,856.0,850.0,428.0,364.0,856.0,0.9274742603302002
504,38,0.0,0.0,189.0,773.0,94.5,386.5,189.0,773.0,0.9038956761360168
504,35,55.0,0.0,480.0,914.0,267.5,457.0,425.0,914.0,0.9030154943466187
504,3,492.0,168.0,695.0,636.0,593.5,402.0,203.0,468.0,0.8961146473884583
504,41,1490.0,190.0,1608.0,592.0,1549.0,391.0,118.0,402.0,0.7939105033874512
504,43,460.0,208.0,598.0,613.0,529.0,410.5,138.0,405.0,0.6984938383102417
504,34,1862.0,174.0,1920.0,679.0,1891.0,426.5,58.0,505.0,0.6705706119537354
504,39,235.0,57.0,481.0,771.0,358.0,414.0,246.0,714.0,0.6481261849403381
504,37,1743.0,200.0,1872.0,576.0,1807.5,388.0,129.0,376.0,0.6107332110404968
504,28,600.0,119.0,847.0,640.0,723.5,379.5,247.0,521.0,0.454948365688324
504,30,0.0,0.0,73.0,785.0,36.5,392.5,73.0,785.0,0.2913919687271118
505,1,1233.0,0.0,1602.0,834.0,1417.5,417.0,369.0,834.0,0.9474389553070068
505,9,1528.0,13.0,1859.0,807.0,1693.5,410.0,331.0,794.0,0.9363529682159424
505,20,671.0,0.0,1031.0,857.0,851.0,428.5,360.0,857.0,0.9291397929191589
505,35,37.0,0.0,481.0,915.0,259.0,457.5,444.0,915.0,0.9001511335372925
505,38,0.0,0.0,192.0,773.0,96.0,386.5,192.0,773.0,0.8916159868240356
505,3,475.0,172.0,699.0,634.0,587.0,403.0,224.0,462.0,0.8863698840141296
505,28,599.0,116.0,842.0,646.0,720.5,381.0,243.0,530.0,0.8513990640640259
505,41,1494.0,200.0,1609.0,591.0,1551.5,395.5,115.0,391.0,0.7970480918884277
505,39,217.0,82.0,482.0,766.0,349.5,424.0,265.0,684.0,0.6775448322296143
505,34,1862.0,168.0,1920.0,696.0,1891.0,432.0,58.0,528.0,0.6610366702079773
505,37,1746.0,196.0,1873.0,568.0,1809.5,382.0,127.0,372.0,0.6246015429496765
505,30,1.0,0.0,73.0,782.0,37.0,391.0,72.0,782.0,0.27162620425224304
506,1,1236.0,0.0,1602.0,836.0,1419.0,418.0,366.0,836.0,0.9486085176467896
506,9,1527.0,16.0,1857.0,808.0,1692.0,412.0,330.0,792.0,0.9392243027687073
506,20,674.0,0.0,1031.0,858.0,852.5,429.0,357.0,858.0,0.9279618263244629
506,35,36.0,0.0,480.0,915.0,258.0,457.5,444.0,915.0,0.8994245529174805
506,38,0.0,0.0,189.0,773.0,94.5,386.5,189.0,773.0,0.8905728459358215
506,3,463.0,177.0,699.0,632.0,581.0,404.5,236.0,455.0,0.8876177668571472
506,28,596.0,122.0,839.0,645.0,717.5,383.5,243.0,523.0,0.8679576516151428
506,41,1496.0,195.0,1609.0,591.0,1552.5,393.0,113.0,396.0,0.7867571711540222
506,39,232.0,68.0,480.0,780.0,356.0,424.0,248.0,712.0,0.7032699584960938
506,34,1862.0,159.0,1920.0,715.0,1891.0,437.0,58.0,556.0,0.6396734118461609
506,37,1750.0,197.0,1875.0,571.0,1812.5,384.0,125.0,374.0,0.6128821969032288
506,30,0.0,0.0,72.0,782.0,36.0,391.0,72.0,782.0,0.2935127019882202
507,1,1238.0,0.0,1605.0,837.0,1421.5,418.5,367.0,837.0,0.9486771821975708
507,9,1527.0,18.0,1855.0,809.0,1691.0,413.5,328.0,791.0,0.9396013021469116
507,20,674.0,0.0,1032.0,857.0,853.0,428.5,358.0,857.0,0.9339464902877808
507,35,49.0,0.0,478.0,918.0,263.5,459.0,429.0,918.0,0.9016528129577637
507,38,0.0,0.0,187.0,769.0,93.5,384.5,187.0,769.0,0.8995696902275085
507,3,458.0,178.0,694.0,634.0,576.0,406.0,236.0,456.0,0.8961362838745117
507,28,591.0,122.0,835.0,647.0,713.0,384.5,244.0,525.0,0.8678300380706787
507,41,1499.0,188.0,1611.0,591.0,1555.0,389.5,112.0,403.0,0.8017390966415405
507,39,233.0,74.0,480.0,777.0,356.5,425.5,247.0,703.0,0.7079998850822449
507,34,1862.0,153.0,1920.0,725.0,1891.0,439.0,58.0,572.0,0.6353676319122314
507,37,1752.0,188.0,1877.0,567.0,1814.5,377.5,125.0,379.0,0.6266460418701172
507,30,0.0,0.0,70.0,777.0,35.0,388.5,70.0,777.0,0.2943340837955475
508,1,1240.0,0.0,1605.0,836.0,1422.5,418.0,365.0,836.0,0.9465868473052979
508,20,674.0,0.0,1033.0,857.0,853.5,428.5,359.0,857.0,0.9384446144104004
508,9,1527.0,20.0,1851.0,809.0,1689.0,414.5,324.0,789.0,0.9379667043685913
508,35,53.0,0.0,477.0,922.0,265.0,461.0,424.0,922.0,0.9090220332145691
508,38,0.0,0.0,188.0,769.0,94.0,384.5,188.0,769.0,0.9013602137565613
508,3,458.0,178.0,693.0,640.0,575.5,409.0,235.0,462.0,0.8897461295127869
508,28,589.0,120.0,834.0,647.0,711.5,383.5,245.0,527.0,0.8778478503227234
508,41,1499.0,191.0,1612.0,591.0,1555.5,391.0,113.0,400.0,0.7973579168319702
508,39,245.0,84.0,479.0,774.0,362.0,429.0,234.0,690.0,0.7387236952781677
508,37,1762.0,197.0,1880.0,562.0,1821.0,379.5,118.0,365.0,0.6609512567520142
508,34,1863.0,154.0,1920.0,718.0,1891.5,436.0,57.0,564.0,0.6472830176353455
508,30,0.0,0.0,70.0,773.0,35.0,386.5,70.0,773.0,0.2813071310520172
509,1,1244.0,0.0,1606.0,835.0,1425.0,417.5,362.0,835.0,0.9439436197280884
509,20,675.0,0.0,1034.0,856.0,854.5,428.0,359.0,856.0,0.9408665895462036
509,9,1525.0,21.0,1852.0,809.0,1688.5,415.0,327.0,788.0,0.9366603493690491
509,35,52.0,0.0,477.0,923.0,264.5,461.5,425.0,923.0,0.9117833971977234
509,38,0.0,0.0,188.0,772.0,94.0,386.0,188.0,772.0,0.8987249135971069
509,3,457.0,177.0,693.0,641.0,575.0,409.0,236.0,464.0,0.8976755738258362
509,28,586.0,116.0,828.0,642.0,707.0,379.0,242.0,526.0,0.878224790096283
509,41,1496.0,188.0,1612.0,593.0,1554.0,390.5,116.0,405.0,0.7655336260795593
509,39,245.0,85.0,480.0,776.0,362.5,430.5,235.0,691.0,0.7610422372817993
509,34,1864.0,153.0,1920.0,721.0,1892.0,437.0,56.0,568.0,0.667539119720459
509,37,1767.0,198.0,1881.0,565.0,1824.0,381.5,114.0,367.0,0.6393135190010071
509,30,0.0,0.0,67.0,775.0,33.5,387.5,67.0,775.0,0.276737242937088
510,1,1246.0,0.0,1606.0,837.0,1426.0,418.5,360.0,837.0,0.9453230500221252
510,20,678.0,0.0,1037.0,856.0,857.5,428.0,359.0,856.0,0.9402539730072021
510,9,1525.0,21.0,1851.0,808.0,1688.0,414.5,326.0,787.0,0.9320104122161865
510,35,57.0,0.0,475.0,925.0,266.0,462.5,418.0,925.0,0.9132345914840698
510,3,452.0,178.0,685.0,646.0,568.5,412.0,233.0,468.0,0.9014704823493958
510,38,0.0,0.0,196.0,770.0,98.0,385.0,196.0,770.0,0.8988551497459412
510,28,583.0,117.0,828.0,644.0,705.5,380.5,245.0,527.0,0.8794383406639099
510,39,248.0,94.0,479.0,772.0,363.5,433.0,231.0,678.0,0.7964543700218201
510,41,1497.0,189.0,1615.0,594.0,1556.0,391.5,118.0,405.0,0.745356023311615
510,34,1864.0,153.0,1920.0,724.0,1892.0,438.5,56.0,571.0,0.6750646829605103
510,37,1766.0,195.0,1881.0,571.0,1823.5,383.0,115.0,376.0,0.6536276340484619
511,1,1248.0,0.0,1607.0,835.0,1427.5,417.5,359.0,835.0,0.9453529119491577
511,20,684.0,0.0,1040.0,857.0,862.0,428.5,356.0,857.0,0.942228376865387
511,9,1525.0,20.0,1849.0,808.0,1687.0,414.0,324.0,788.0,0.9274221062660217
511,35,52.0,0.0,475.0,923.0,263.5,461.5,423.0,923.0,0.9166980385780334
511,3,448.0,177.0,681.0,647.0,564.5,412.0,233.0,470.0,0.8954014182090759
511,38,0.0,0.0,192.0,767.0,96.0,383.5,192.0,767.0,0.8915577530860901
511,28,581.0,116.0,822.0,647.0,701.5,381.5,241.0,531.0,0.8824421763420105
511,39,253.0,93.0,481.0,774.0,367.0,433.5,228.0,681.0,0.8052228093147278
511,41,1498.0,179.0,1618.0,594.0,1558.0,386.5,120.0,415.0,0.7775657176971436
511,37,1762.0,185.0,1882.0,573.0,1822.0,379.0,120.0,388.0,0.687234103679657
511,34,1864.0,150.0,1920.0,730.0,1892.0,440.0,56.0,580.0,0.6815658211708069
511,30,0.0,0.0,66.0,770.0,33.0,385.0,66.0,770.0,0.2750771939754486
512,20,693.0,0.0,1047.0,856.0,870.0,428.0,354.0,856.0,0.944673478603363
512,1,1248.0,0.0,1608.0,835.0,1428.0,417.5,360.0,835.0,0.9442335963249207
512,9,1526.0,17.0,1850.0,807.0,1688.0,412.0,324.0,790.0,0.9239508509635925
512,35,52.0,0.0,476.0,923.0,264.0,461.5,424.0,923.0,0.9175820350646973
512,38,0.0,0.0,190.0,768.0,95.0,384.0,190.0,768.0,0.8957238793373108
512,3,449.0,176.0,671.0,646.0,560.0,411.0,222.0,470.0,0.8874977231025696
512,28,580.0,114.0,823.0,647.0,701.5,380.5,243.0,533.0,0.8678495287895203
512,39,250.0,92.0,484.0,775.0,367.0,433.5,234.0,683.0,0.8041518926620483
512,41,1499.0,177.0,1619.0,594.0,1559.0,385.5,120.0,417.0,0.7807387709617615
512,37,1762.0,186.0,1882.0,583.0,1822.0,384.5,120.0,397.0,0.7092689275741577
512,34,1866.0,159.0,1920.0,707.0,1893.0,433.0,54.0,548.0,0.6993452310562134
512,30,0.0,0.0,66.0,777.0,33.0,388.5,66.0,777.0,0.3209061622619629
513,20,700.0,0.0,1055.0,856.0,877.5,428.0,355.0,856.0,0.9479235410690308
513,1,1247.0,0.0,1609.0,837.0,1428.0,418.5,362.0,837.0,0.9457497596740723
513,9,1527.0,14.0,1849.0,807.0,1688.0,410.5,322.0,793.0,0.9231118559837341
513,35,52.0,0.0,476.0,921.0,264.0,460.5,424.0,921.0,0.9201322197914124
513,38,0.0,0.0,187.0,772.0,93.5,386.0,187.0,772.0,0.9029794335365295
513,3,449.0,178.0,659.0,650.0,554.0,414.0,210.0,472.0,0.8787099719047546
513,28,571.0,114.0,829.0,647.0,700.0,380.5,258.0,533.0,0.8767167925834656
513,39,247.0,96.0,487.0,772.0,367.0,434.0,240.0,676.0,0.8190303444862366
513,41,1497.0,167.0,1619.0,593.0,1558.0,380.0,122.0,426.0,0.7836982011795044
513,37,1757.0,174.0,1884.0,579.0,1820.5,376.5,127.0,405.0,0.7453837394714355
513,34,1866.0,161.0,1920.0,702.0,1893.0,431.5,54.0,541.0,0.6893558502197266
513,30,0.0,0.0,65.0,777.0,32.5,388.5,65.0,777.0,0.27729374170303345
514,20,705.0,0.0,1063.0,854.0,884.0,427.0,358.0,854.0,0.9502253532409668
514,1,1247.0,0.0,1609.0,837.0,1428.0,418.5,362.0,837.0,0.9465676546096802
514,9,1523.0,9.0,1848.0,807.0,1685.5,408.0,325.0,798.0,0.922893226146698
514,35,49.0,0.0,478.0,921.0,263.5,460.5,429.0,921.0,0.9173439145088196
514,38,0.0,0.0,186.0,774.0,93.0,387.0,186.0,774.0,0.902301549911499
514,28,580.0,111.0,831.0,651.0,705.5,381.0,251.0,540.0,0.8958483934402466
514,3,447.0,181.0,650.0,650.0,548.5,415.5,203.0,469.0,0.870318591594696
514,39,244.0,97.0,490.0,771.0,367.0,434.0,246.0,674.0,0.818544328212738
514,41,1496.0,159.0,1620.0,591.0,1558.0,375.0,124.0,432.0,0.7841200828552246
514,37,1753.0,170.0,1885.0,575.0,1819.0,372.5,132.0,405.0,0.7415068745613098
514,34,1866.0,159.0,1920.0,708.0,1893.0,433.5,54.0,549.0,0.6755393147468567
514,30,0.0,0.0,65.0,775.0,32.5,387.5,65.0,775.0,0.2598121762275696
515,20,712.0,0.0,1069.0,852.0,890.5,426.0,357.0,852.0,0.951100766658783
515,1,1247.0,0.0,1610.0,836.0,1428.5,418.0,363.0,836.0,0.9441589713096619
515,9,1523.0,5.0,1851.0,807.0,1687.0,406.0,328.0,802.0,0.9220852851867676
515,35,48.0,0.0,480.0,924.0,264.0,462.0,432.0,924.0,0.916023313999176
515,28,589.0,114.0,818.0,644.0,703.5,379.0,229.0,530.0,0.9055625796318054
515,38,0.0,0.0,184.0,776.0,92.0,388.0,184.0,776.0,0.9031757712364197
515,3,445.0,182.0,643.0,652.0,544.0,417.0,198.0,470.0,0.872129499912262
515,39,242.0,95.0,493.0,770.0,367.5,432.5,251.0,675.0,0.8136938214302063
515,41,1496.0,168.0,1620.0,590.0,1558.0,379.0,124.0,422.0,0.7699810862541199
515,37,1758.0,172.0,1885.0,573.0,1821.5,372.5,127.0,401.0,0.7432080507278442
515,34,1869.0,166.0,1920.0,695.0,1894.5,430.5,51.0,529.0,0.6526340246200562
515,30,0.0,0.0,64.0,772.0,32.0,386.0,64.0,772.0,0.2706717550754547
516,20,720.0,0.0,1077.0,852.0,898.5,426.0,357.0,852.0,0.9518417716026306
516,1,1247.0,0.0,1611.0,836.0,1429.0,418.0,364.0,836.0,0.94459468126297
516,9,1525.0,1.0,1851.0,812.0,1688.0,406.5,326.0,811.0,0.9207915663719177
516,35,44.0,0.0,477.0,925.0,260.5,462.5,433.0,925.0,0.9181665778160095
516,28,582.0,102.0,808.0,651.0,695.0,376.5,226.0,549.0,0.9158898591995239
516,38,0.0,0.0,182.0,776.0,91.0,388.0,182.0,776.0,0.9014434218406677
516,3,441.0,177.0,618.0,647.0,529.5,412.0,177.0,470.0,0.9001312851905823
516,39,241.0,94.0,495.0,770.0,368.0,432.0,254.0,676.0,0.828792154788971
516,41,1498.0,163.0,1619.0,589.0,1558.5,376.0,121.0,426.0,0.7910600304603577
516,37,1755.0,169.0,1887.0,574.0,1821.0,371.5,132.0,405.0,0.7389645576477051
516,34,1868.0,166.0,1920.0,695.0,1894.0,430.5,52.0,529.0,0.6403536200523376
516,30,0.0,0.0,62.0,769.0,31.0,384.5,62.0,769.0,0.27282553911209106
517,20,726.0,0.0,1084.0,850.0,905.0,425.0,358.0,850.0,0.9505924582481384
517,1,1248.0,0.0,1611.0,835.0,1429.5,417.5,363.0,835.0,0.9429563879966736
517,9,1526.0,0.0,1852.0,812.0,1689.0,406.0,326.0,812.0,0.9227449893951416
517,35,46.0,0.0,476.0,929.0,261.0,464.5,430.0,929.0,0.9207639098167419
517,28,579.0,101.0,780.0,648.0,679.5,374.5,201.0,547.0,0.9127833247184753
517,3,437.0,180.0,610.0,646.0,523.5,413.0,173.0,466.0,0.9063487648963928
517,38,0.0,0.0,179.0,775.0,89.5,387.5,179.0,775.0,0.9023514986038208
517,39,243.0,91.0,496.0,770.0,369.5,430.5,253.0,679.0,0.8423746228218079
517,41,1500.0,167.0,1620.0,589.0,1560.0,378.0,120.0,422.0,0.7969352006912231
517,37,1758.0,174.0,1885.0,576.0,1821.5,375.0,127.0,402.0,0.7107438445091248
517,34,1871.0,169.0,1920.0,698.0,1895.5,433.5,49.0,529.0,0.6241011023521423
517,43,522.0,196.0,643.0,585.0,582.5,390.5,121.0,389.0,0.5648016333580017
517,30,0.0,0.0,60.0,753.0,30.0,376.5,60.0,753.0,0.3043677508831024
518,20,733.0,0.0,1090.0,850.0,911.5,425.0,357.0,850.0,0.9486197233200073
518,1,1248.0,0.0,1611.0,834.0,1429.5,417.0,363.0,834.0,0.9396450519561768
518,9,1529.0,0.0,1853.0,812.0,1691.0,406.0,324.0,812.0,0.9228932857513428
518,35,42.0,0.0,479.0,931.0,260.5,465.5,437.0,931.0,0.9216868877410889
518,3,433.0,177.0,600.0,646.0,516.5,411.5,167.0,469.0,0.9080318808555603
518,28,575.0,101.0,766.0,646.0,670.5,373.5,191.0,545.0,0.9025807976722717
518,38,0.0,0.0,177.0,773.0,88.5,386.5,177.0,773.0,0.8973697423934937
518,39,246.0,78.0,496.0,771.0,371.0,424.5,250.0,693.0,0.8490729928016663
518,41,1497.0,164.0,1621.0,591.0,1559.0,377.5,124.0,427.0,0.7933487892150879
518,37,1757.0,171.0,1889.0,575.0,1823.0,373.0,132.0,404.0,0.7645804286003113
518,43,527.0,199.0,643.0,578.0,585.0,388.5,116.0,379.0,0.6718906164169312
518,34,1870.0,167.0,1920.0,703.0,1895.0,435.0,50.0,536.0,0.6254865527153015
518,30,0.0,0.0,63.0,743.0,31.5,371.5,63.0,743.0,0.28759971261024475
519,20,736.0,0.0,1095.0,848.0,915.5,424.0,359.0,848.0,0.949730396270752
519,1,1248.0,0.0,1610.0,835.0,1429.0,417.5,362.0,835.0,0.9280630946159363
519,9,1534.0,0.0,1856.0,812.0,1695.0,406.0,322.0,812.0,0.9250076413154602
519,35,38.0,0.0,478.0,930.0,258.0,465.0,440.0,930.0,0.924018144607544
519,28,568.0,99.0,752.0,644.0,660.0,371.5,184.0,545.0,0.9013855457305908
519,38,0.0,0.0,178.0,774.0,89.0,387.0,178.0,774.0,0.8930368423461914
519,3,431.0,175.0,592.0,647.0,511.5,411.0,161.0,472.0,0.8929165601730347
519,39,242.0,51.0,497.0,771.0,369.5,411.0,255.0,720.0,0.8555483222007751
519,41,1492.0,170.0,1618.0,592.0,1555.0,381.0,126.0,422.0,0.7801043391227722
519,37,1757.0,175.0,1886.0,575.0,1821.5,375.0,129.0,400.0,0.7398120760917664
519,43,530.0,198.0,649.0,595.0,589.5,396.5,119.0,397.0,0.6375595927238464
519,34,1868.0,164.0,1920.0,709.0,1894.0,436.5,52.0,545.0,0.6188717484474182
520,20,739.0,0.0,1102.0,846.0,920.5,423.0,363.0,846.0,0.951758623123169
520,9,1534.0,0.0,1857.0,813.0,1695.5,406.5,323.0,813.0,0.9258745312690735
520,35,39.0,0.0,477.0,928.0,258.0,464.0,438.0,928.0,0.9258145093917847
520,1,1248.0,0.0,1609.0,835.0,1428.5,417.5,361.0,835.0,0.918426513671875
520,28,561.0,100.0,745.0,644.0,653.0,372.0,184.0,544.0,0.8914024829864502
520,38,0.0,0.0,183.0,777.0,91.5,388.5,183.0,777.0,0.8889721632003784
520,3,427.0,170.0,585.0,648.0,506.0,409.0,158.0,478.0,0.8865403532981873
520,39,242.0,42.0,495.0,770.0,368.5,406.0,253.0,728.0,0.8491318821907043
520,37,1754.0,167.0,1889.0,567.0,1821.5,367.0,135.0,400.0,0.7782905101776123
520,41,1498.0,169.0,1622.0,592.0,1560.0,380.5,124.0,423.0,0.7750239968299866
520,34,1864.0,137.0,1920.0,772.0,1892.0,454.5,56.0,635.0,0.6109950542449951
520,43,531.0,188.0,655.0,590.0,593.0,389.0,124.0,402.0,0.6023257374763489
521,20,743.0,0.0,1104.0,845.0,923.5,422.5,361.0,845.0,0.953105092048645
521,9,1536.0,0.0,1859.0,813.0,1697.5,406.5,323.0,813.0,0.9279503226280212
521,35,36.0,0.0,478.0,928.0,257.0,464.0,442.0,928.0,0.9260279536247253
521,1,1253.0,0.0,1607.0,842.0,1430.0,421.0,354.0,842.0,0.9126482605934143
521,28,556.0,98.0,741.0,645.0,648.5,371.5,185.0,547.0,0.8810229897499084
521,38,1.0,0.0,182.0,776.0,91.5,388.0,181.0,776.0,0.8789311647415161
521,3,423.0,164.0,580.0,649.0,501.5,406.5,157.0,485.0,0.8747133612632751
521,39,240.0,32.0,495.0,768.0,367.5,400.0,255.0,736.0,0.8403334617614746
521,41,1501.0,167.0,1623.0,592.0,1562.0,379.5,122.0,425.0,0.7978761196136475
521,37,1754.0,166.0,1891.0,566.0,1822.5,366.0,137.0,400.0,0.7859383821487427
521,34,1859.0,130.0,1920.0,779.0,1889.5,454.5,61.0,649.0,0.5955536365509033
521,43,528.0,179.0,653.0,595.0,590.5,387.0,125.0,416.0,0.3212222754955292
522,20,746.0,0.0,1108.0,845.0,927.0,422.5,362.0,845.0,0.9528634548187256
522,9,1540.0,0.0,1860.0,812.0,1700.0,406.0,320.0,812.0,0.9253474473953247
522,35,34.0,0.0,477.0,928.0,255.5,464.0,443.0,928.0,0.9248368740081787
522,1,1252.0,0.0,1607.0,844.0,1429.5,422.0,355.0,844.0,0.9084963202476501
522,28,532.0,96.0,737.0,646.0,634.5,371.0,205.0,550.0,0.889451801776886
522,38,1.0,0.0,185.0,780.0,93.0,390.0,184.0,780.0,0.8772899508476257
522,3,416.0,164.0,572.0,649.0,494.0,406.5,156.0,485.0,0.8768466114997864
522,39,238.0,27.0,494.0,768.0,366.0,397.5,256.0,741.0,0.8406189680099487
522,37,1755.0,164.0,1890.0,565.0,1822.5,364.5,135.0,401.0,0.8016546964645386
522,41,1499.0,163.0,1625.0,592.0,1562.0,377.5,126.0,429.0,0.7943097352981567
522,34,1867.0,153.0,1920.0,726.0,1893.5,439.5,53.0,573.0,0.5777671337127686
523,20,748.0,0.0,1113.0,847.0,930.5,423.5,365.0,847.0,0.9526009559631348
523,35,30.0,0.0,472.0,927.0,251.0,463.5,442.0,927.0,0.9241317510604858
523,9,1544.0,0.0,1862.0,812.0,1703.0,406.0,318.0,812.0,0.9241209626197815
523,1,1252.0,0.0,1606.0,845.0,1429.0,422.5,354.0,845.0,0.9034522771835327
523,28,530.0,98.0,731.0,648.0,630.5,373.0,201.0,550.0,0.8939860463142395
523,3,413.0,166.0,569.0,649.0,491.0,407.5,156.0,483.0,0.8876684308052063
523,38,1.0,0.0,186.0,779.0,93.5,389.5,185.0,779.0,0.8780134320259094
523,39,239.0,29.0,489.0,767.0,364.0,398.0,250.0,738.0,0.8418751358985901
523,41,1500.0,172.0,1625.0,592.0,1562.5,382.0,125.0,420.0,0.8062867522239685
523,37,1752.0,165.0,1891.0,567.0,1821.5,366.0,139.0,402.0,0.7848061323165894
523,34,1864.0,156.0,1920.0,720.0,1892.0,438.0,56.0,564.0,0.5913904905319214
524,20,750.0,0.0,1115.0,845.0,932.5,422.5,365.0,845.0,0.952848494052887
524,9,1547.0,0.0,1864.0,812.0,1705.5,406.0,317.0,812.0,0.9247324466705322
524,35,29.0,0.0,471.0,926.0,250.0,463.0,442.0,926.0,0.9227203130722046
524,1,1250.0,0.0,1603.0,848.0,1426.5,424.0,353.0,848.0,0.8986667394638062
524,28,525.0,105.0,723.0,647.0,624.0,376.0,198.0,542.0,0.8934231400489807
524,38,2.0,0.0,187.0,780.0,94.5,390.0,185.0,780.0,0.8787209391593933
524,3,409.0,166.0,564.0,647.0,486.5,406.5,155.0,481.0,0.8756459355354309
524,39,235.0,27.0,488.0,768.0,361.5,397.5,253.0,741.0,0.8339098691940308
524,41,1499.0,172.0,1626.0,591.0,1562.5,381.5,127.0,419.0,0.8236454129219055
524,37,1756.0,168.0,1891.0,567.0,1823.5,367.5,135.0,399.0,0.7893397808074951
524,34,1863.0,158.0,1920.0,722.0,1891.5,440.0,57.0,564.0,0.5754614472389221
525,20,753.0,0.0,1115.0,845.0,934.0,422.5,362.0,845.0,0.95335453748703
525,9,1547.0,0.0,1865.0,812.0,1706.0,406.0,318.0,812.0,0.9246159791946411
525,35,24.0,0.0,471.0,926.0,247.5,463.0,447.0,926.0,0.9229000806808472
525,28,524.0,106.0,720.0,645.0,622.0,375.5,196.0,539.0,0.9128165245056152
525,1,1247.0,0.0,1603.0,850.0,1425.0,425.0,356.0,850.0,0.8941396474838257
525,38,1.0,0.0,183.0,779.0,92.0,389.5,182.0,779.0,0.8761104345321655
525,3,404.0,165.0,558.0,647.0,481.0,406.0,154.0,482.0,0.8704876899719238
525,39,236.0,28.0,483.0,766.0,359.5,397.0,247.0,738.0,0.8331356048583984
525,41,1497.0,174.0,1625.0,592.0,1561.0,383.0,128.0,418.0,0.8314549326896667
525,37,1757.0,168.0,1893.0,568.0,1825.0,368.0,136.0,400.0,0.7790748476982117
525,34,1862.0,158.0,1920.0,724.0,1891.0,441.0,58.0,566.0,0.5200855135917664
526,20,754.0,0.0,1118.0,846.0,936.0,423.0,364.0,846.0,0.9532418847084045
526,9,1543.0,0.0,1865.0,812.0,1704.0,406.0,322.0,812.0,0.9245255589485168
526,35,18.0,0.0,471.0,924.0,244.5,462.0,453.0,924.0,0.9229490160942078
526,1,1247.0,0.0,1602.0,850.0,1424.5,425.0,355.0,850.0,0.8957971930503845
526,28,520.0,110.0,712.0,648.0,616.0,379.0,192.0,538.0,0.8957406878471375
526,3,397.0,169.0,552.0,649.0,474.5,409.0,155.0,480.0,0.8643538951873779
526,38,1.0,0.0,181.0,782.0,91.0,391.0,180.0,782.0,0.8589992523193359
526,41,1495.0,174.0,1625.0,593.0,1560.0,383.5,130.0,419.0,0.8389076590538025
526,39,236.0,29.0,482.0,765.0,359.0,397.0,246.0,736.0,0.828079879283905
526,37,1757.0,171.0,1893.0,571.0,1825.0,371.0,136.0,400.0,0.7640018463134766
526,34,1866.0,166.0,1920.0,712.0,1893.0,439.0,54.0,546.0,0.5539659857749939
527,20,757.0,0.0,1119.0,847.0,938.0,423.5,362.0,847.0,0.9530301094055176
527,9,1543.0,0.0,1862.0,811.0,1702.5,405.5,319.0,811.0,0.9243119955062866
527,35,14.0,0.0,467.0,924.0,240.5,462.0,453.0,924.0,0.9207713603973389
527,1,1243.0,0.0,1600.0,849.0,1421.5,424.5,357.0,849.0,0.8986045122146606
527,28,513.0,113.0,707.0,650.0,610.0,381.5,194.0,537.0,0.8973317742347717
527,3,391.0,175.0,545.0,652.0,468.0,413.5,154.0,477.0,0.8502698540687561
527,41,1497.0,178.0,1625.0,594.0,1561.0,386.0,128.0,416.0,0.8443502187728882
527,38,0.0,0.0,172.0,773.0,86.0,386.5,172.0,773.0,0.8412209153175354
527,39,235.0,30.0,478.0,762.0,356.5,396.0,243.0,732.0,0.8322667479515076
527,37,1758.0,180.0,1888.0,568.0,1823.0,374.0,130.0,388.0,0.7323843240737915
527,34,1864.0,171.0,1920.0,704.0,1892.0,437.5,56.0,533.0,0.5723435282707214
528,20,758.0,0.0,1120.0,846.0,939.0,423.0,362.0,846.0,0.9517658352851868
528,9,1544.0,0.0,1861.0,811.0,1702.5,405.5,317.0,811.0,0.9250895380973816
528,35,12.0,0.0,462.0,922.0,237.0,461.0,450.0,922.0,0.9174142479896545
528,1,1239.0,0.0,1602.0,840.0,1420.5,420.0,363.0,840.0,0.9008033275604248
528,3,375.0,183.0,546.0,653.0,460.5,418.0,171.0,470.0,0.8618685007095337
528,38,0.0,0.0,164.0,773.0,82.0,386.5,164.0,773.0,0.8526111245155334
528,28,473.0,120.0,703.0,650.0,588.0,385.0,230.0,530.0,0.8484663367271423
528,41,1498.0,184.0,1626.0,594.0,1562.0,389.0,128.0,410.0,0.8444033265113831
528,39,235.0,31.0,476.0,760.0,355.5,395.5,241.0,729.0,0.8439788222312927
528,37,1760.0,189.0,1886.0,570.0,1823.0,379.5,126.0,381.0,0.7177790403366089
528,34,1869.0,182.0,1920.0,692.0,1894.5,437.0,51.0,510.0,0.5866886377334595
529,20,760.0,0.0,1119.0,846.0,939.5,423.0,359.0,846.0,0.9515001773834229
529,9,1545.0,0.0,1859.0,814.0,1702.0,407.0,314.0,814.0,0.9267894625663757
529,35,14.0,0.0,461.0,923.0,237.5,461.5,447.0,923.0,0.920613169670105
529,1,1236.0,0.0,1602.0,843.0,1419.0,421.5,366.0,843.0,0.9133176803588867
529,38,0.0,0.0,162.0,774.0,81.0,387.0,162.0,774.0,0.868549644947052
529,28,456.0,118.0,697.0,652.0,576.5,385.0,241.0,534.0,0.8658664226531982
529,3,362.0,195.0,543.0,647.0,452.5,421.0,181.0,452.0,0.8646703958511353
529,41,1499.0,184.0,1628.0,593.0,1563.5,388.5,129.0,409.0,0.8502781391143799
529,39,233.0,34.0,472.0,762.0,352.5,398.0,239.0,728.0,0.8434444069862366
529,37,1765.0,204.0,1887.0,569.0,1826.0,386.5,122.0,365.0,0.6819382905960083
529,34,1872.0,191.0,1920.0,678.0,1896.0,434.5,48.0,487.0,0.5823662877082825
530,20,761.0,0.0,1118.0,846.0,939.5,423.0,357.0,846.0,0.9519338011741638
530,1,1232.0,0.0,1602.0,838.0,1417.0,419.0,370.0,838.0,0.935379683971405
530,9,1545.0,0.0,1860.0,816.0,1702.5,408.0,315.0,816.0,0.9255772829055786
530,35,12.0,0.0,456.0,924.0,234.0,462.0,444.0,924.0,0.9196644425392151
530,38,0.0,0.0,156.0,774.0,78.0,387.0,156.0,774.0,0.8829994201660156
530,28,453.0,121.0,694.0,651.0,573.5,386.0,241.0,530.0,0.8731281161308289
530,41,1500.0,184.0,1629.0,592.0,1564.5,388.0,129.0,408.0,0.8561168313026428
530,39,233.0,36.0,469.0,762.0,351.0,399.0,236.0,726.0,0.85337895154953
530,3,362.0,201.0,535.0,647.0,448.5,424.0,173.0,446.0,0.8492167592048645
530,37,1771.0,231.0,1884.0,566.0,1827.5,398.5,113.0,335.0,0.6804236173629761
530,34,1873.0,195.0,1919.0,667.0,1896.0,431.0,46.0,472.0,0.5952033996582031
531,20,763.0,0.0,1118.0,845.0,940.5,422.5,355.0,845.0,0.9519211053848267
531,1,1228.0,0.0,1601.0,840.0,1414.5,420.0,373.0,840.0,0.9455428719520569
531,9,1547.0,0.0,1858.0,820.0,1702.5,410.0,311.0,820.0,0.9264290928840637
531,35,9.0,0.0,452.0,924.0,230.5,462.0,443.0,924.0,0.9149713516235352
531,38,0.0,0.0,154.0,775.0,77.0,387.5,154.0,775.0,0.8731868267059326
531,39,233.0,39.0,467.0,762.0,350.0,400.5,234.0,723.0,0.866050124168396
531,41,1500.0,182.0,1630.0,591.0,1565.0,386.5,130.0,409.0,0.8635765910148621
531,28,455.0,120.0,701.0,651.0,578.0,385.5,246.0,531.0,0.8628225922584534
531,3,359.0,194.0,534.0,649.0,446.5,421.5,175.0,455.0,0.813761830329895
531,37,1770.0,233.0,1884.0,568.0,1827.0,400.5,114.0,335.0,0.707909345626831
531,34,1872.0,186.0,1919.0,678.0,1895.5,432.0,47.0,492.0,0.5852277278900146
532,20,767.0,0.0,1118.0,847.0,942.5,423.5,351.0,847.0,0.951718807220459
532,1,1224.0,0.0,1600.0,840.0,1412.0,420.0,376.0,840.0,0.9464588761329651
532,9,1549.0,0.0,1858.0,819.0,1703.5,409.5,309.0,819.0,0.92625892162323
532,35,9.0,0.0,450.0,926.0,229.5,463.0,441.0,926.0,0.9179928302764893
532,28,457.0,127.0,688.0,657.0,572.5,392.0,231.0,530.0,0.878185510635376
532,39,236.0,39.0,465.0,766.0,350.5,402.5,229.0,727.0,0.873052179813385
532,38,0.0,0.0,156.0,777.0,78.0,388.5,156.0,777.0,0.869577169418335
532,41,1500.0,179.0,1632.0,592.0,1566.0,385.5,132.0,413.0,0.8643023371696472
532,3,359.0,198.0,533.0,647.0,446.0,422.5,174.0,449.0,0.8116360306739807
532,43,553.0,186.0,707.0,609.0,630.0,397.5,154.0,423.0,0.6880180239677429
532,37,1769.0,228.0,1883.0,568.0,1826.0,398.0,114.0,340.0,0.6862908005714417
532,34,1871.0,192.0,1920.0,670.0,1895.5,431.0,49.0,478.0,0.564586341381073
533,20,770.0,0.0,1119.0,846.0,944.5,423.0,349.0,846.0,0.9513091444969177
533,1,1221.0,0.0,1598.0,840.0,1409.5,420.0,377.0,840.0,0.946327805519104
533,9,1548.0,0.0,1857.0,811.0,1702.5,405.5,309.0,811.0,0.9287576079368591
533,35,8.0,0.0,450.0,925.0,229.0,462.5,442.0,925.0,0.9177635312080383
533,28,449.0,127.0,677.0,661.0,563.0,394.0,228.0,534.0,0.894260823726654
533,38,0.0,0.0,152.0,777.0,76.0,388.5,152.0,777.0,0.8855764269828796
533,39,237.0,42.0,464.0,768.0,350.5,405.0,227.0,726.0,0.8737779259681702
533,41,1499.0,176.0,1638.0,597.0,1568.5,386.5,139.0,421.0,0.864270806312561
533,3,353.0,189.0,531.0,645.0,442.0,417.0,178.0,456.0,0.7678503394126892
533,43,556.0,185.0,705.0,613.0,630.5,399.0,149.0,428.0,0.7527620792388916
533,37,1772.0,229.0,1886.0,570.0,1829.0,399.5,114.0,341.0,0.6859222650527954
533,34,1872.0,190.0,1920.0,667.0,1896.0,428.5,48.0,477.0,0.5557076930999756
534,20,773.0,0.0,1118.0,846.0,945.5,423.0,345.0,846.0,0.9519267082214355
534,1,1219.0,0.0,1596.0,840.0,1407.5,420.0,377.0,840.0,0.9455920457839966
534,9,1548.0,0.0,1857.0,811.0,1702.5,405.5,309.0,811.0,0.9339096546173096
534,35,7.0,0.0,446.0,927.0,226.5,463.5,439.0,927.0,0.9211229681968689
534,38,0.0,0.0,150.0,776.0,75.0,388.0,150.0,776.0,0.8956606984138489
534,28,450.0,126.0,674.0,658.0,562.0,392.0,224.0,532.0,0.8915038108825684
534,39,235.0,41.0,464.0,769.0,349.5,405.0,229.0,728.0,0.8713098168373108
534,41,1501.0,182.0,1638.0,596.0,1569.5,389.0,137.0,414.0,0.865068256855011
534,43,560.0,195.0,706.0,596.0,633.0,395.5,146.0,401.0,0.7937754988670349
534,3,351.0,194.0,520.0,642.0,435.5,418.0,169.0,448.0,0.7006732821464539
534,37,1770.0,223.0,1884.0,569.0,1827.0,396.0,114.0,346.0,0.6773090958595276
534,34,1873.0,210.0,1919.0,642.0,1896.0,426.0,46.0,432.0,0.52752286195755
535,20,776.0,0.0,1118.0,846.0,947.0,423.0,342.0,846.0,0.9523255825042725
535,1,1216.0,0.0,1594.0,841.0,1405.0,420.5,378.0,841.0,0.9448862075805664
535,9,1549.0,0.0,1855.0,813.0,1702.0,406.5,306.0,813.0,0.9356368184089661
535,35,6.0,0.0,442.0,933.0,224.0,466.5,436.0,933.0,0.9252948760986328
535,28,450.0,125.0,670.0,658.0,560.0,391.5,220.0,533.0,0.915301501750946
535,38,0.0,0.0,151.0,776.0,75.5,388.0,151.0,776.0,0.8946131467819214
535,39,237.0,43.0,462.0,768.0,349.5,405.5,225.0,725.0,0.8689908981323242
535,41,1502.0,181.0,1639.0,595.0,1570.5,388.0,137.0,414.0,0.8660000562667847
535,43,567.0,197.0,705.0,569.0,636.0,383.0,138.0,372.0,0.8460021018981934
535,3,353.0,200.0,511.0,643.0,432.0,421.5,158.0,443.0,0.7188252806663513
535,37,1769.0,216.0,1884.0,568.0,1826.5,392.0,115.0,352.0,0.6536781787872314
535,34,1874.0,215.0,1920.0,636.0,1897.0,425.5,46.0,421.0,0.4763682782649994
536,20,778.0,0.0,1120.0,845.0,949.0,422.5,342.0,845.0,0.951119065284729
536,1,1214.0,0.0,1591.0,840.0,1402.5,420.0,377.0,840.0,0.9414896368980408
536,9,1550.0,0.0,1856.0,815.0,1703.0,407.5,306.0,815.0,0.9358341097831726
536,35,6.0,0.0,438.0,936.0,222.0,468.0,432.0,936.0,0.9278194904327393
536,28,459.0,122.0,670.0,658.0,564.5,390.0,211.0,536.0,0.9039666056632996
536,38,0.0,0.0,151.0,779.0,75.5,389.5,151.0,779.0,0.8925004005432129
536,39,240.0,42.0,461.0,769.0,350.5,405.5,221.0,727.0,0.8711280822753906
536,41,1501.0,173.0,1640.0,595.0,1570.5,384.0,139.0,422.0,0.8651378750801086
536,43,569.0,194.0,709.0,603.0,639.0,398.5,140.0,409.0,0.8103550672531128
536,37,1746.0,171.0,1873.0,577.0,1809.5,374.0,127.0,406.0,0.66175377368927
536,3,350.0,180.0,508.0,643.0,429.0,411.5,158.0,463.0,0.6603829264640808
536,34,1879.0,223.0,1920.0,615.0,1899.5,419.0,41.0,392.0,0.41408947110176086
537,20,781.0,0.0,1120.0,845.0,950.5,422.5,339.0,845.0,0.950383186340332
537,1,1211.0,0.0,1588.0,840.0,1399.5,420.0,377.0,840.0,0.9380114078521729
537,9,1549.0,2.0,1858.0,815.0,1703.5,408.5,309.0,813.0,0.936908483505249
537,35,5.0,0.0,434.0,937.0,219.5,468.5,429.0,937.0,0.9315503835678101
537,28,457.0,120.0,662.0,657.0,559.5,388.5,205.0,537.0,0.8984819054603577
537,38,0.0,0.0,150.0,780.0,75.0,390.0,150.0,780.0,0.8922895193099976
537,39,240.0,45.0,461.0,772.0,350.5,408.5,221.0,727.0,0.8823354244232178
537,41,1500.0,176.0,1639.0,593.0,1569.5,384.5,139.0,417.0,0.8502117991447449
537,43,568.0,195.0,714.0,600.0,641.0,397.5,146.0,405.0,0.8440024852752686
537,37,1771.0,225.0,1885.0,567.0,1828.0,396.0,114.0,342.0,0.640080988407135
537,3,329.0,102.0,504.0,656.0,416.5,379.0,175.0,554.0,0.6168740391731262
537,34,1881.0,226.0,1920.0,606.0,1900.5,416.0,39.0,380.0,0.3917878568172455
538,20,783.0,0.0,1121.0,843.0,952.0,421.5,338.0,843.0,0.9519572257995605
538,1,1208.0,0.0,1586.0,839.0,1397.0,419.5,378.0,839.0,0.943864107131958
538,9,1550.0,2.0,1858.0,817.0,1704.0,409.5,308.0,815.0,0.9345458149909973
538,35,5.0,0.0,433.0,938.0,219.0,469.0,428.0,938.0,0.9331877827644348
538,28,453.0,118.0,660.0,657.0,556.5,387.5,207.0,539.0,0.8965082764625549
538,38,0.0,0.0,150.0,780.0,75.0,390.0,150.0,780.0,0.8935854434967041
538,39,239.0,47.0,460.0,770.0,349.5,408.5,221.0,723.0,0.8889070153236389
538,43,571.0,195.0,718.0,579.0,644.5,387.0,147.0,384.0,0.8615477681159973
538,41,1499.0,176.0,1640.0,593.0,1569.5,384.5,141.0,417.0,0.840157151222229
538,37,1767.0,221.0,1882.0,569.0,1824.5,395.0,115.0,348.0,0.6441298723220825
538,3,324.0,84.0,500.0,663.0,412.0,373.5,176.0,579.0,0.598314642906189
538,34,1883.0,230.0,1920.0,597.0,1901.5,413.5,37.0,367.0,0.3739643096923828
539,20,785.0,0.0,1124.0,844.0,954.5,422.0,339.0,844.0,0.9507547616958618
539,1,1205.0,0.0,1585.0,838.0,1395.0,419.0,380.0,838.0,0.944131076335907
539,9,1550.0,5.0,1858.0,818.0,1704.0,411.5,308.0,813.0,0.9347515106201172
539,35,6.0,0.0,429.0,938.0,217.5,469.0,423.0,938.0,0.9329077005386353
539,38,0.0,0.0,150.0,782.0,75.0,391.0,150.0,782.0,0.8955480456352234
539,39,246.0,49.0,460.0,767.0,353.0,408.0,214.0,718.0,0.8829841017723083
539,28,450.0,114.0,650.0,659.0,550.0,386.5,200.0,545.0,0.8756906390190125
539,43,573.0,196.0,721.0,607.0,647.0,401.5,148.0,411.0,0.8677529096603394
539,41,1500.0,181.0,1640.0,592.0,1570.0,386.5,140.0,411.0,0.8332020044326782
539,37,1767.0,222.0,1883.0,567.0,1825.0,394.5,116.0,345.0,0.6606754660606384
539,3,331.0,113.0,491.0,643.0,411.0,378.0,160.0,530.0,0.4231637418270111
539,34,1881.0,226.0,1920.0,619.0,1900.5,422.5,39.0,393.0,0.4150148928165436
540,20,787.0,0.0,1127.0,844.0,957.0,422.0,340.0,844.0,0.95040363073349
540,1,1202.0,0.0,1584.0,836.0,1393.0,418.0,382.0,836.0,0.9420641660690308
540,9,1550.0,4.0,1859.0,817.0,1704.5,410.5,309.0,813.0,0.9375552535057068
540,35,5.0,0.0,428.0,937.0,216.5,468.5,423.0,937.0,0.9339622855186462
540,38,0.0,0.0,149.0,783.0,74.5,391.5,149.0,783.0,0.8909555077552795
540,28,447.0,113.0,632.0,657.0,539.5,385.0,185.0,544.0,0.8781890869140625
540,39,246.0,52.0,458.0,765.0,352.0,408.5,212.0,713.0,0.8755015134811401
540,43,577.0,195.0,723.0,606.0,650.0,400.5,146.0,411.0,0.8616880774497986
540,41,1499.0,174.0,1642.0,590.0,1570.5,382.0,143.0,416.0,0.8377745151519775
540,37,1766.0,223.0,1881.0,569.0,1823.5,396.0,115.0,346.0,0.6470020413398743
540,34,1879.0,228.0,1920.0,620.0,1899.5,424.0,41.0,392.0,0.4333617091178894
540,3,323.0,109.0,490.0,644.0,406.5,376.5,167.0,535.0,0.3570023477077484
541,20,791.0,0.0,1132.0,838.0,961.5,419.0,341.0,838.0,0.9487394094467163
541,9,1552.0,5.0,1863.0,818.0,1707.5,411.5,311.0,813.0,0.9394720196723938
541,1,1198.0,0.0,1582.0,834.0,1390.0,417.0,384.0,834.0,0.9393154978752136
541,35,6.0,0.0,429.0,936.0,217.5,468.0,423.0,936.0,0.9320152997970581
541,38,0.0,0.0,149.0,780.0,74.5,390.0,149.0,780.0,0.8886488080024719
541,39,242.0,55.0,456.0,766.0,349.0,410.5,214.0,711.0,0.8884223699569702
541,28,438.0,112.0,623.0,656.0,530.5,384.0,185.0,544.0,0.886468768119812
541,43,579.0,195.0,726.0,589.0,652.5,392.0,147.0,394.0,0.8574555516242981
541,41,1500.0,178.0,1642.0,589.0,1571.0,383.5,142.0,411.0,0.8419833779335022
541,37,1767.0,224.0,1884.0,570.0,1825.5,397.0,117.0,346.0,0.6799454092979431
541,34,1880.0,225.0,1920.0,624.0,1900.0,424.5,40.0,399.0,0.43872106075286865
542,20,794.0,0.0,1136.0,837.0,965.0,418.5,342.0,837.0,0.9501331448554993
542,1,1196.0,0.0,1581.0,835.0,1388.5,417.5,385.0,835.0,0.9409814476966858
542,9,1553.0,4.0,1868.0,819.0,1710.5,411.5,315.0,815.0,0.9409000873565674
542,35,7.0,0.0,428.0,937.0,217.5,468.5,421.0,937.0,0.9314334988594055
542,39,238.0,58.0,453.0,766.0,345.5,412.0,215.0,708.0,0.8967390060424805
542,38,0.0,0.0,148.0,780.0,74.0,390.0,148.0,780.0,0.892306923866272
542,28,433.0,113.0,613.0,655.0,523.0,384.0,180.0,542.0,0.8919379711151123
542,43,579.0,195.0,728.0,587.0,653.5,391.0,149.0,392.0,0.8647821545600891
542,41,1503.0,176.0,1644.0,589.0,1573.5,382.5,141.0,413.0,0.8537163138389587
542,37,1769.0,224.0,1888.0,571.0,1828.5,397.5,119.0,347.0,0.6941307783126831
542,34,1878.0,220.0,1920.0,635.0,1899.0,427.5,42.0,415.0,0.47725042700767517
543,20,796.0,0.0,1140.0,839.0,968.0,419.5,344.0,839.0,0.9503233432769775
543,1,1194.0,0.0,1579.0,836.0,1386.5,418.0,385.0,836.0,0.9443673491477966
543,9,1553.0,1.0,1871.0,818.0,1712.0,409.5,318.0,817.0,0.9386098980903625
543,35,6.0,0.0,428.0,940.0,217.0,470.0,422.0,940.0,0.9313822984695435
543,38,0.0,0.0,148.0,783.0,74.0,391.5,148.0,783.0,0.8908591270446777
543,39,239.0,67.0,449.0,764.0,344.0,415.5,210.0,697.0,0.8877773284912109
543,43,583.0,198.0,730.0,560.0,656.5,379.0,147.0,362.0,0.8699555397033691
543,28,430.0,111.0,602.0,652.0,516.0,381.5,172.0,541.0,0.8599421977996826
543,41,1501.0,177.0,1645.0,587.0,1573.0,382.0,144.0,410.0,0.8530869483947754
543,37,1766.0,223.0,1888.0,572.0,1827.0,397.5,122.0,349.0,0.6578259468078613
543,34,1875.0,221.0,1920.0,637.0,1897.5,429.0,45.0,416.0,0.5180844068527222
544,20,798.0,0.0,1144.0,838.0,971.0,419.0,346.0,838.0,0.9516644477844238
544,1,1191.0,0.0,1578.0,837.0,1384.5,418.5,387.0,837.0,0.9450620412826538
544,9,1553.0,0.0,1873.0,816.0,1713.0,408.0,320.0,816.0,0.936341404914856
544,35,8.0,0.0,427.0,942.0,217.5,471.0,419.0,942.0,0.9307820200920105
544,38,0.0,0.0,144.0,784.0,72.0,392.0,144.0,784.0,0.8953505158424377
544,39,236.0,76.0,446.0,761.0,341.0,418.5,210.0,685.0,0.8858553767204285
544,43,584.0,200.0,731.0,558.0,657.5,379.0,147.0,358.0,0.8716466426849365
544,41,1500.0,177.0,1645.0,586.0,1572.5,381.5,145.0,409.0,0.8476978540420532
544,28,420.0,114.0,593.0,654.0,506.5,384.0,173.0,540.0,0.842098593711853
544,37,1765.0,230.0,1887.0,567.0,1826.0,398.5,122.0,337.0,0.6344374418258667
544,34,1872.0,221.0,1920.0,643.0,1896.0,432.0,48.0,422.0,0.5932812094688416
544,3,298.0,94.0,539.0,701.0,418.5,397.5,241.0,607.0,0.44681811332702637
545,20,801.0,0.0,1151.0,840.0,976.0,420.0,350.0,840.0,0.9528841376304626
545,1,1189.0,0.0,1577.0,837.0,1383.0,418.5,388.0,837.0,0.9444805979728699
545,9,1555.0,0.0,1874.0,819.0,1714.5,409.5,319.0,819.0,0.93450927734375
545,35,7.0,0.0,425.0,943.0,216.0,471.5,418.0,943.0,0.9299017786979675
545,38,0.0,0.0,144.0,784.0,72.0,392.0,144.0,784.0,0.8959144353866577
545,39,236.0,74.0,443.0,760.0,339.5,417.0,207.0,686.0,0.8803576827049255
545,43,583.0,199.0,734.0,567.0,658.5,383.0,151.0,368.0,0.8784541487693787
545,41,1502.0,178.0,1643.0,587.0,1572.5,382.5,141.0,409.0,0.8481540679931641
545,28,416.0,111.0,590.0,651.0,503.0,381.0,174.0,540.0,0.8385164737701416
545,44,474.0,188.0,594.0,541.0,534.0,364.5,120.0,353.0,0.7351740598678589
545,37,1768.0,232.0,1889.0,558.0,1828.5,395.0,121.0,326.0,0.6067442893981934
545,34,1875.0,224.0,1920.0,637.0,1897.5,430.5,45.0,413.0,0.558296799659729
546,20,802.0,0.0,1155.0,841.0,978.5,420.5,353.0,841.0,0.954653263092041
546,1,1187.0,0.0,1577.0,838.0,1382.0,419.0,390.0,838.0,0.9444336295127869
546,9,1553.0,0.0,1879.0,818.0,1716.0,409.0,326.0,818.0,0.9314542412757874
546,35,6.0,0.0,427.0,944.0,216.5,472.0,421.0,944.0,0.9288454055786133
546,38,0.0,0.0,147.0,783.0,73.5,391.5,147.0,783.0,0.8872520327568054
546,39,235.0,82.0,441.0,758.0,338.0,420.0,206.0,676.0,0.8716443777084351
546,43,584.0,199.0,737.0,563.0,660.5,381.0,153.0,364.0,0.8669577836990356
546,28,405.0,108.0,588.0,654.0,496.5,381.0,183.0,546.0,0.8468061685562134
546,41,1506.0,181.0,1637.0,586.0,1571.5,383.5,131.0,405.0,0.8421781063079834
546,44,476.0,192.0,594.0,534.0,535.0,363.0,118.0,342.0,0.725870668888092
546,37,1772.0,233.0,1889.0,554.0,1830.5,393.5,117.0,321.0,0.5926815271377563
546,34,1871.0,220.0,1920.0,651.0,1895.5,435.5,49.0,431.0,0.5648705959320068
547,20,802.0,0.0,1157.0,840.0,979.5,420.0,355.0,840.0,0.95442795753479
547,1,1186.0,0.0,1577.0,836.0,1381.5,418.0,391.0,836.0,0.9416775703430176
547,35,6.0,0.0,429.0,944.0,217.5,472.0,423.0,944.0,0.9271898865699768
547,9,1557.0,0.0,1877.0,822.0,1717.0,411.0,320.0,822.0,0.923475444316864
547,39,234.0,81.0,441.0,757.0,337.5,419.0,207.0,676.0,0.8836617469787598
547,38,0.0,0.0,148.0,782.0,74.0,391.0,148.0,782.0,0.8835486769676208
547,43,589.0,201.0,741.0,545.0,665.0,373.0,152.0,344.0,0.8576015830039978
547,28,396.0,103.0,583.0,658.0,489.5,380.5,187.0,555.0,0.8546686768531799
547,41,1507.0,182.0,1639.0,586.0,1573.0,384.0,132.0,404.0,0.8297765254974365
547,44,476.0,193.0,593.0,531.0,534.5,362.0,117.0,338.0,0.6454178094863892
547,37,1809.0,241.0,1889.0,532.0,1849.0,386.5,80.0,291.0,0.5692636966705322
547,34,1868.0,224.0,1920.0,650.0,1894.0,437.0,52.0,426.0,0.5481698513031006
548,20,805.0,0.0,1160.0,841.0,982.5,420.5,355.0,841.0,0.9547700881958008
548,1,1184.0,0.0,1575.0,837.0,1379.5,418.5,391.0,837.0,0.9424254894256592
548,35,6.0,0.0,427.0,945.0,216.5,472.5,421.0,945.0,0.925877034664154
548,9,1557.0,0.0,1876.0,820.0,1716.5,410.0,319.0,820.0,0.9244415163993835
548,39,232.0,81.0,440.0,760.0,336.0,420.5,208.0,679.0,0.8815410733222961
548,38,0.0,0.0,147.0,781.0,73.5,390.5,147.0,781.0,0.8807405829429626
548,28,388.0,108.0,575.0,657.0,481.5,382.5,187.0,549.0,0.8712952136993408
548,43,592.0,200.0,745.0,548.0,668.5,374.0,153.0,348.0,0.8533028364181519
548,41,1505.0,180.0,1637.0,584.0,1571.0,382.0,132.0,404.0,0.8294529318809509
548,37,1811.0,243.0,1889.0,533.0,1850.0,388.0,78.0,290.0,0.6244794130325317
548,45,1736.0,218.0,1874.0,567.0,1805.0,392.5,138.0,349.0,0.4990110397338867
548,44,471.0,192.0,588.0,527.0,529.5,359.5,117.0,335.0,0.4774489998817444
548,34,1874.0,228.0,1920.0,606.0,1897.0,417.0,46.0,378.0,0.43870145082473755
549,20,805.0,0.0,1162.0,840.0,983.5,420.0,357.0,840.0,0.9546699523925781
549,1,1184.0,0.0,1573.0,837.0,1378.5,418.5,389.0,837.0,0.9445329308509827
549,9,1555.0,0.0,1876.0,821.0,1715.5,410.5,321.0,821.0,0.9232458472251892
549,35,5.0,0.0,427.0,947.0,216.0,473.5,422.0,947.0,0.922204315662384
549,38,0.0,0.0,148.0,780.0,74.0,390.0,148.0,780.0,0.8756145238876343
549,28,383.0,114.0,570.0,656.0,476.5,385.0,187.0,542.0,0.8697760701179504
549,39,231.0,79.0,439.0,761.0,335.0,420.0,208.0,682.0,0.8685105443000793
549,43,595.0,198.0,747.0,548.0,671.0,373.0,152.0,350.0,0.855021595954895
549,41,1507.0,182.0,1637.0,584.0,1572.0,383.0,130.0,402.0,0.8317126035690308
549,37,1811.0,242.0,1889.0,533.0,1850.0,387.5,78.0,291.0,0.5817869305610657
549,45,1737.0,217.0,1876.0,571.0,1806.5,394.0,139.0,354.0,0.47672051191329956
549,44,449.0,192.0,580.0,546.0,514.5,369.0,131.0,354.0,0.42359092831611633
549,34,1870.0,231.0,1920.0,624.0,1895.0,427.5,50.0,393.0,0.4122109115123749
550,20,806.0,0.0,1164.0,840.0,985.0,420.0,358.0,840.0,0.9546154737472534
550,1,1184.0,0.0,1572.0,839.0,1378.0,419.5,388.0,839.0,0.9461380243301392
550,9,1553.0,0.0,1877.0,820.0,1715.0,410.0,324.0,820.0,0.9253934621810913
550,35,4.0,0.0,426.0,951.0,215.0,475.5,422.0,951.0,0.9219920039176941
550,43,597.0,202.0,751.0,535.0,674.0,368.5,154.0,333.0,0.8862279653549194
550,38,0.0,0.0,144.0,779.0,72.0,389.5,144.0,779.0,0.8773185610771179
550,39,228.0,75.0,436.0,761.0,332.0,418.0,208.0,686.0,0.872468888759613
550,28,377.0,118.0,562.0,655.0,469.5,386.5,185.0,537.0,0.8693956136703491
550,41,1507.0,184.0,1638.0,584.0,1572.5,384.0,131.0,400.0,0.834922194480896
550,37,1808.0,246.0,1889.0,530.0,1848.5,388.0,81.0,284.0,0.5820077657699585
550,34,1870.0,197.0,1920.0,698.0,1895.0,447.5,50.0,501.0,0.4958822727203369
550,45,1740.0,216.0,1880.0,569.0,1810.0,392.5,140.0,353.0,0.43153858184814453
550,44,452.0,198.0,577.0,531.0,514.5,364.5,125.0,333.0,0.32093381881713867
551,20,807.0,0.0,1165.0,839.0,986.0,419.5,358.0,839.0,0.9550356268882751
551,1,1183.0,0.0,1571.0,838.0,1377.0,419.0,388.0,838.0,0.9447317123413086
551,9,1551.0,0.0,1878.0,820.0,1714.5,410.0,327.0,820.0,0.9293937683105469
551,35,3.0,0.0,426.0,952.0,214.5,476.0,423.0,952.0,0.9223269820213318
551,43,601.0,205.0,754.0,530.0,677.5,367.5,153.0,325.0,0.8979358673095703
551,28,368.0,116.0,561.0,653.0,464.5,384.5,193.0,537.0,0.8709177374839783
551,38,0.0,0.0,146.0,780.0,73.0,390.0,146.0,780.0,0.8666318655014038
551,39,222.0,73.0,435.0,759.0,328.5,416.0,213.0,686.0,0.856482982635498
551,41,1506.0,186.0,1643.0,585.0,1574.5,385.5,137.0,399.0,0.8438175320625305
551,37,1812.0,244.0,1887.0,521.0,1849.5,382.5,75.0,277.0,0.6278316974639893
551,34,1868.0,246.0,1920.0,499.0,1894.0,372.5,52.0,253.0,0.5522338151931763
551,45,1750.0,218.0,1882.0,557.0,1816.0,387.5,132.0,339.0,0.42477482557296753
552,20,809.0,0.0,1167.0,838.0,988.0,419.0,358.0,838.0,0.9540243744850159
552,1,1182.0,0.0,1569.0,837.0,1375.5,418.5,387.0,837.0,0.9438191056251526
552,9,1549.0,0.0,1880.0,820.0,1714.5,410.0,331.0,820.0,0.9274985790252686
552,35,3.0,0.0,425.0,954.0,214.0,477.0,422.0,954.0,0.9253040552139282
552,43,604.0,204.0,756.0,533.0,680.0,368.5,152.0,329.0,0.8902935981750488
552,38,0.0,0.0,141.0,781.0,70.5,390.5,141.0,781.0,0.8677114844322205
552,28,365.0,123.0,550.0,655.0,457.5,389.0,185.0,532.0,0.8611950278282166
552,39,225.0,71.0,434.0,756.0,329.5,413.5,209.0,685.0,0.8528335690498352
552,41,1508.0,187.0,1637.0,583.0,1572.5,385.0,129.0,396.0,0.8315321803092957
552,34,1869.0,246.0,1920.0,495.0,1894.5,370.5,51.0,249.0,0.6168535351753235
552,37,1810.0,241.0,1889.0,528.0,1849.5,384.5,79.0,287.0,0.588358461856842
552,45,1749.0,213.0,1881.0,558.0,1815.0,385.5,132.0,345.0,0.4778709411621094
553,20,810.0,0.0,1169.0,839.0,989.5,419.5,359.0,839.0,0.9538152813911438
553,1,1180.0,0.0,1570.0,841.0,1375.0,420.5,390.0,841.0,0.9452622532844543
553,9,1547.0,0.0,1881.0,821.0,1714.0,410.5,334.0,821.0,0.9270511865615845
553,35,4.0,0.0,425.0,956.0,214.5,478.0,421.0,956.0,0.9213224053382874
553,43,604.0,204.0,758.0,532.0,681.0,368.0,154.0,328.0,0.9016348123550415
553,28,349.0,126.0,548.0,657.0,448.5,391.5,199.0,531.0,0.8694785237312317
553,38,0.0,0.0,137.0,780.0,68.5,390.0,137.0,780.0,0.8567819595336914
553,39,223.0,69.0,433.0,755.0,328.0,412.0,210.0,686.0,0.8364799618721008
553,41,1508.0,189.0,1639.0,582.0,1573.5,385.5,131.0,393.0,0.8286469578742981
553,34,1870.0,248.0,1920.0,497.0,1895.0,372.5,50.0,249.0,0.6145281791687012
553,37,1811.0,240.0,1889.0,529.0,1850.0,384.5,78.0,289.0,0.5754892826080322
553,45,1748.0,209.0,1880.0,561.0,1814.0,385.0,132.0,352.0,0.540990948677063
554,20,811.0,0.0,1172.0,839.0,991.5,419.5,361.0,839.0,0.9533629417419434
554,1,1181.0,0.0,1569.0,841.0,1375.0,420.5,388.0,841.0,0.9454402923583984
554,9,1544.0,0.0,1881.0,823.0,1712.5,411.5,337.0,823.0,0.9253896474838257
554,35,4.0,0.0,424.0,958.0,214.0,479.0,420.0,958.0,0.9168887138366699
554,43,606.0,204.0,761.0,537.0,683.5,370.5,155.0,333.0,0.9079112410545349
554,28,336.0,120.0,540.0,654.0,438.0,387.0,204.0,534.0,0.8470790386199951
554,38,0.0,0.0,136.0,779.0,68.0,389.5,136.0,779.0,0.8465944528579712
554,41,1511.0,189.0,1653.0,585.0,1582.0,387.0,142.0,396.0,0.825687050819397
554,39,216.0,55.0,429.0,771.0,322.5,413.0,213.0,716.0,0.8234152793884277
554,34,1870.0,249.0,1920.0,495.0,1895.0,372.0,50.0,246.0,0.6551827192306519
554,45,1767.0,222.0,1882.0,552.0,1824.5,387.0,115.0,330.0,0.5898367166519165
555,20,813.0,0.0,1174.0,838.0,993.5,419.0,361.0,838.0,0.9538842439651489
555,1,1182.0,0.0,1568.0,843.0,1375.0,421.5,386.0,843.0,0.9456509947776794
555,9,1542.0,0.0,1881.0,822.0,1711.5,411.0,339.0,822.0,0.9237143397331238
555,35,3.0,0.0,424.0,962.0,213.5,481.0,421.0,962.0,0.9139476418495178
555,43,608.0,204.0,762.0,540.0,685.0,372.0,154.0,336.0,0.9127783179283142
555,28,334.0,118.0,541.0,659.0,437.5,388.5,207.0,541.0,0.8750174641609192
555,38,0.0,0.0,134.0,777.0,67.0,388.5,134.0,777.0,0.8371219635009766
555,39,215.0,56.0,428.0,770.0,321.5,413.0,213.0,714.0,0.8259807229042053
555,41,1515.0,189.0,1654.0,584.0,1584.5,386.5,139.0,395.0,0.8222639560699463
555,34,1871.0,249.0,1920.0,493.0,1895.5,371.0,49.0,244.0,0.6569067239761353
555,45,1766.0,216.0,1883.0,553.0,1824.5,384.5,117.0,337.0,0.6081411242485046
556,20,818.0,0.0,1175.0,837.0,996.5,418.5,357.0,837.0,0.9533130526542664
556,1,1184.0,0.0,1567.0,850.0,1375.5,425.0,383.0,850.0,0.9451587796211243
556,9,1540.0,0.0,1880.0,821.0,1710.0,410.5,340.0,821.0,0.9259374737739563
556,35,3.0,0.0,424.0,962.0,213.5,481.0,421.0,962.0,0.9148306250572205
556,43,608.0,204.0,763.0,544.0,685.5,374.0,155.0,340.0,0.9148128032684326
556,28,332.0,121.0,536.0,654.0,434.0,387.5,204.0,533.0,0.8547338247299194
556,41,1514.0,189.0,1652.0,584.0,1583.0,386.5,138.0,395.0,0.8372089266777039
556,39,212.0,58.0,428.0,770.0,320.0,414.0,216.0,712.0,0.8276878595352173
556,38,0.0,0.0,132.0,777.0,66.0,388.5,132.0,777.0,0.8247199654579163
556,34,1871.0,251.0,1920.0,493.0,1895.5,372.0,49.0,242.0,0.6540423035621643
556,45,1769.0,222.0,1883.0,553.0,1826.0,387.5,114.0,331.0,0.6009643077850342
557,20,821.0,0.0,1177.0,836.0,999.0,418.0,356.0,836.0,0.9530624151229858
557,1,1185.0,0.0,1567.0,852.0,1376.0,426.0,382.0,852.0,0.9473937153816223
557,9,1539.0,0.0,1880.0,820.0,1709.5,410.0,341.0,820.0,0.9247075319290161
557,35,2.0,0.0,425.0,960.0,213.5,480.0,423.0,960.0,0.9191082119941711
557,43,612.0,206.0,765.0,548.0,688.5,377.0,153.0,342.0,0.9100722074508667
557,41,1513.0,188.0,1650.0,584.0,1581.5,386.0,137.0,396.0,0.8490779399871826
557,28,326.0,128.0,534.0,655.0,430.0,391.5,208.0,527.0,0.8464110493659973
557,39,210.0,57.0,429.0,769.0,319.5,413.0,219.0,712.0,0.8200415372848511
557,38,0.0,0.0,129.0,777.0,64.5,388.5,129.0,777.0,0.8168042898178101
557,34,1870.0,250.0,1920.0,493.0,1895.0,371.5,50.0,243.0,0.6545066237449646
557,45,1750.0,208.0,1880.0,564.0,1815.0,386.0,130.0,356.0,0.6199621558189392
557,37,1800.0,238.0,1905.0,529.0,1852.5,383.5,105.0,291.0,0.36448243260383606
558,20,824.0,0.0,1180.0,836.0,1002.0,418.0,356.0,836.0,0.9523364305496216
558,1,1186.0,0.0,1568.0,850.0,1377.0,425.0,382.0,850.0,0.9479244351387024
558,9,1538.0,0.0,1878.0,822.0,1708.0,411.0,340.0,822.0,0.92130047082901
558,35,3.0,0.0,423.0,960.0,213.0,480.0,420.0,960.0,0.9162229895591736
558,43,614.0,205.0,766.0,550.0,690.0,377.5,152.0,345.0,0.9135628938674927
558,41,1513.0,188.0,1651.0,585.0,1582.0,386.5,138.0,397.0,0.8534616827964783
558,28,321.0,157.0,533.0,651.0,427.0,404.0,212.0,494.0,0.8463452458381653
558,39,205.0,60.0,428.0,768.0,316.5,414.0,223.0,708.0,0.8136237263679504
558,38,0.0,0.0,125.0,778.0,62.5,389.0,125.0,778.0,0.8090095520019531
558,34,1870.0,251.0,1920.0,492.0,1895.0,371.5,50.0,241.0,0.6954246163368225
558,45,1749.0,207.0,1881.0,564.0,1815.0,385.5,132.0,357.0,0.6158379316329956
558,37,1810.0,245.0,1914.0,525.0,1862.0,385.0,104.0,280.0,0.301230788230896
559,20,827.0,0.0,1182.0,837.0,1004.5,418.5,355.0,837.0,0.9518197178840637
559,1,1185.0,0.0,1566.0,852.0,1375.5,426.0,381.0,852.0,0.9492369294166565
559,9,1536.0,0.0,1877.0,820.0,1706.5,410.0,341.0,820.0,0.9216103553771973
559,35,3.0,0.0,423.0,960.0,213.0,480.0,420.0,960.0,0.9133586287498474
559,43,616.0,205.0,768.0,552.0,692.0,378.5,152.0,347.0,0.909537672996521
559,41,1512.0,189.0,1648.0,585.0,1580.0,387.0,136.0,396.0,0.8543220162391663
559,28,309.0,169.0,531.0,647.0,420.0,408.0,222.0,478.0,0.8541608452796936
559,39,196.0,54.0,427.0,769.0,311.5,411.5,231.0,715.0,0.8168855309486389
559,38,0.0,0.0,124.0,778.0,62.0,389.0,124.0,778.0,0.8118652701377869
559,34,1868.0,251.0,1920.0,493.0,1894.0,372.0,52.0,242.0,0.690895140171051
559,45,1749.0,210.0,1881.0,564.0,1815.0,387.0,132.0,354.0,0.6084599494934082
560,20,831.0,0.0,1184.0,836.0,1007.5,418.0,353.0,836.0,0.950981080532074
560,1,1185.0,0.0,1567.0,855.0,1376.0,427.5,382.0,855.0,0.9486624598503113
560,9,1534.0,0.0,1875.0,824.0,1704.5,412.0,341.0,824.0,0.9200474619865417
560,43,616.0,206.0,771.0,556.0,693.5,381.0,155.0,350.0,0.9190766215324402
560,35,6.0,0.0,422.0,961.0,214.0,480.5,416.0,961.0,0.9065340161323547
560,41,1510.0,187.0,1645.0,584.0,1577.5,385.5,135.0,397.0,0.862241804599762
560,28,292.0,174.0,527.0,641.0,409.5,407.5,235.0,467.0,0.8480778336524963
560,38,0.0,0.0,125.0,779.0,62.5,389.5,125.0,779.0,0.8155904412269592
560,39,188.0,60.0,427.0,779.0,307.5,419.5,239.0,719.0,0.8083013296127319
560,34,1867.0,251.0,1920.0,492.0,1893.5,371.5,53.0,241.0,0.6853776574134827
560,45,1764.0,226.0,1884.0,561.0,1824.0,393.5,120.0,335.0,0.6077873110771179
561,20,834.0,0.0,1188.0,835.0,1011.0,417.5,354.0,835.0,0.9493632912635803
561,1,1186.0,0.0,1566.0,855.0,1376.0,427.5,380.0,855.0,0.9481485486030579
561,9,1526.0,0.0,1886.0,820.0,1706.0,410.0,360.0,820.0,0.9199444055557251
561,43,619.0,206.0,773.0,560.0,696.0,383.0,154.0,354.0,0.9091517925262451
561,35,7.0,0.0,423.0,961.0,215.0,480.5,416.0,961.0,0.9039356112480164
561,41,1509.0,186.0,1643.0,583.0,1576.0,384.5,134.0,397.0,0.8627510666847229
561,28,279.0,173.0,524.0,639.0,401.5,406.0,245.0,466.0,0.8416076898574829
561,44,459.0,312.0,621.0,526.0,540.0,419.0,162.0,214.0,0.8283593058586121
561,38,0.0,0.0,130.0,778.0,65.0,389.0,130.0,778.0,0.8131808638572693
561,39,187.0,62.0,428.0,778.0,307.5,420.0,241.0,716.0,0.7960530519485474
561,34,1867.0,250.0,1920.0,493.0,1893.5,371.5,53.0,243.0,0.6799836158752441
561,45,1745.0,208.0,1882.0,564.0,1813.5,386.0,137.0,356.0,0.6020883321762085
562,20,838.0,0.0,1192.0,835.0,1015.0,417.5,354.0,835.0,0.9502139091491699
562,1,1187.0,0.0,1566.0,854.0,1376.5,427.0,379.0,854.0,0.948322594165802
562,9,1524.0,0.0,1888.0,830.0,1706.0,415.0,364.0,830.0,0.9208397269248962
562,35,7.0,0.0,422.0,962.0,214.5,481.0,415.0,962.0,0.9105985760688782
562,43,623.0,206.0,776.0,565.0,699.5,385.5,153.0,359.0,0.9094186425209045
562,41,1510.0,186.0,1642.0,582.0,1576.0,384.0,132.0,396.0,0.8654265999794006
562,44,460.0,312.0,622.0,526.0,541.0,419.0,162.0,214.0,0.8278947472572327
562,28,280.0,177.0,523.0,644.0,401.5,410.5,243.0,467.0,0.8262529373168945
562,38,0.0,0.0,132.0,780.0,66.0,390.0,132.0,780.0,0.8172009587287903
562,39,190.0,66.0,428.0,775.0,309.0,420.5,238.0,709.0,0.7817233204841614
562,34,1866.0,250.0,1920.0,492.0,1893.0,371.0,54.0,242.0,0.7039777636528015
562,45,1759.0,219.0,1885.0,561.0,1822.0,390.0,126.0,342.0,0.5949494242668152
563,20,842.0,0.0,1195.0,835.0,1018.5,417.5,353.0,835.0,0.9519949555397034
563,1,1187.0,0.0,1565.0,853.0,1376.0,426.5,378.0,853.0,0.9464108347892761
563,9,1522.0,0.0,1886.0,828.0,1704.0,414.0,364.0,828.0,0.9268858432769775
563,43,626.0,206.0,779.0,569.0,702.5,387.5,153.0,363.0,0.9183362722396851
563,35,7.0,0.0,421.0,965.0,214.0,482.5,414.0,965.0,0.9069363474845886
563,44,461.0,311.0,622.0,525.0,541.5,418.0,161.0,214.0,0.8731746077537537
563,41,1509.0,184.0,1639.0,582.0,1574.0,383.0,130.0,398.0,0.8628921508789062
563,28,287.0,176.0,518.0,646.0,402.5,411.0,231.0,470.0,0.832818865776062
563,38,0.0,0.0,140.0,779.0,70.0,389.5,140.0,779.0,0.8131590485572815
563,39,193.0,56.0,428.0,776.0,310.5,416.0,235.0,720.0,0.8071529269218445
563,34,1865.0,252.0,1920.0,492.0,1892.5,372.0,55.0,240.0,0.7144172191619873
563,45,1746.0,215.0,1881.0,560.0,1813.5,387.5,135.0,345.0,0.5907666087150574
563,37,1822.0,240.0,1916.0,527.0,1869.0,383.5,94.0,287.0,0.42338064312934875
564,20,848.0,0.0,1198.0,834.0,1023.0,417.0,350.0,834.0,0.9534128904342651
564,1,1187.0,0.0,1565.0,853.0,1376.0,426.5,378.0,853.0,0.9472307562828064
564,9,1520.0,0.0,1885.0,833.0,1702.5,416.5,365.0,833.0,0.9400363564491272
564,43,627.0,206.0,781.0,572.0,704.0,389.0,154.0,366.0,0.9255251884460449
564,35,6.0,0.0,422.0,965.0,214.0,482.5,416.0,965.0,0.9066416025161743
564,44,461.0,311.0,622.0,525.0,541.5,418.0,161.0,214.0,0.8818021416664124
564,41,1509.0,183.0,1640.0,582.0,1574.5,382.5,131.0,399.0,0.8635193109512329
564,28,293.0,168.0,516.0,650.0,404.5,409.0,223.0,482.0,0.8427390456199646
564,39,191.0,51.0,428.0,776.0,309.5,413.5,237.0,725.0,0.8188106417655945
564,38,0.0,46.0,135.0,783.0,67.5,414.5,135.0,737.0,0.8003532886505127
564,34,1866.0,252.0,1920.0,492.0,1893.0,372.0,54.0,240.0,0.6590009331703186
564,45,1736.0,214.0,1878.0,565.0,1807.0,389.5,142.0,351.0,0.512597382068634
565,20,852.0,0.0,1201.0,833.0,1026.5,416.5,349.0,833.0,0.9536817073822021
565,1,1188.0,0.0,1565.0,854.0,1376.5,427.0,377.0,854.0,0.9487565159797668
565,9,1519.0,0.0,1886.0,834.0,1702.5,417.0,367.0,834.0,0.9422774910926819
565,43,630.0,205.0,783.0,573.0,706.5,389.0,153.0,368.0,0.924670398235321
565,35,6.0,0.0,423.0,968.0,214.5,484.0,417.0,968.0,0.9090283513069153
565,44,458.0,309.0,623.0,524.0,540.5,416.5,165.0,215.0,0.882094144821167
565,41,1508.0,181.0,1641.0,582.0,1574.5,381.5,133.0,401.0,0.8645637631416321
565,39,190.0,52.0,430.0,775.0,310.0,413.5,240.0,723.0,0.8334720134735107
565,28,291.0,121.0,511.0,658.0,401.0,389.5,220.0,537.0,0.8302862644195557
565,38,0.0,45.0,132.0,782.0,66.0,413.5,132.0,737.0,0.7706953287124634
565,34,1871.0,254.0,1920.0,495.0,1895.5,374.5,49.0,241.0,0.5763982534408569
565,45,1729.0,215.0,1873.0,565.0,1801.0,390.0,144.0,350.0,0.4629058241844177
565,37,1812.0,249.0,1906.0,526.0,1859.0,387.5,94.0,277.0,0.3835759460926056
566,20,855.0,0.0,1205.0,833.0,1030.0,416.5,350.0,833.0,0.9536799788475037
566,1,1189.0,0.0,1566.0,854.0,1377.5,427.0,377.0,854.0,0.9485468864440918
566,9,1519.0,0.0,1884.0,832.0,1701.5,416.0,365.0,832.0,0.9395339488983154
566,43,633.0,204.0,785.0,575.0,709.0,389.5,152.0,371.0,0.9188849925994873
566,35,6.0,0.0,425.0,972.0,215.5,486.0,419.0,972.0,0.907703697681427
566,44,456.0,308.0,623.0,524.0,539.5,416.0,167.0,216.0,0.8792271614074707
566,41,1509.0,180.0,1641.0,582.0,1575.0,381.0,132.0,402.0,0.8604414463043213
566,39,191.0,56.0,430.0,779.0,310.5,417.5,239.0,723.0,0.8361731171607971
566,28,292.0,113.0,503.0,658.0,397.5,385.5,211.0,545.0,0.8237699270248413
566,38,0.0,48.0,131.0,789.0,65.5,418.5,131.0,741.0,0.7713384628295898
566,37,1811.0,253.0,1897.0,525.0,1854.0,389.0,86.0,272.0,0.583291232585907
566,34,1884.0,256.0,1920.0,495.0,1902.0,375.5,36.0,239.0,0.5281766653060913
566,45,1728.0,217.0,1866.0,564.0,1797.0,390.5,138.0,347.0,0.444313645362854
567,20,857.0,0.0,1209.0,829.0,1033.0,414.5,352.0,829.0,0.9526219964027405
567,1,1188.0,0.0,1567.0,854.0,1377.5,427.0,379.0,854.0,0.9466382265090942
567,9,1517.0,0.0,1874.0,831.0,1695.5,415.5,357.0,831.0,0.9397711157798767
567,43,635.0,203.0,787.0,572.0,711.0,387.5,152.0,369.0,0.9055178165435791
567,35,7.0,0.0,425.0,973.0,216.0,486.5,418.0,973.0,0.9050638675689697
567,44,457.0,309.0,623.0,524.0,540.0,416.5,166.0,215.0,0.8786961436271667
567,41,1509.0,179.0,1642.0,581.0,1575.5,380.0,133.0,402.0,0.8588612079620361
567,39,190.0,53.0,430.0,780.0,310.0,416.5,240.0,727.0,0.8441399335861206
567,38,0.0,47.0,131.0,795.0,65.5,421.0,131.0,748.0,0.7741623520851135
567,28,291.0,113.0,492.0,654.0,391.5,383.5,201.0,541.0,0.7699988484382629
567,37,1813.0,255.0,1900.0,524.0,1856.5,389.5,87.0,269.0,0.6898483633995056
567,34,1888.0,263.0,1920.0,498.0,1904.0,380.5,32.0,235.0,0.5714188814163208
567,45,1735.0,224.0,1863.0,565.0,1799.0,394.5,128.0,341.0,0.520397424697876
568,20,858.0,0.0,1210.0,829.0,1034.0,414.5,352.0,829.0,0.9527629017829895
568,1,1187.0,0.0,1567.0,854.0,1377.0,427.0,380.0,854.0,0.9471834301948547
568,9,1515.0,0.0,1871.0,832.0,1693.0,416.0,356.0,832.0,0.9386497735977173
568,35,7.0,0.0,425.0,970.0,216.0,485.0,418.0,970.0,0.9064759016036987
568,43,637.0,203.0,790.0,566.0,713.5,384.5,153.0,363.0,0.8941777348518372
568,44,456.0,309.0,623.0,524.0,539.5,416.5,167.0,215.0,0.879388153553009
568,41,1509.0,180.0,1643.0,581.0,1576.0,380.5,134.0,401.0,0.8534748554229736
568,39,191.0,46.0,431.0,778.0,311.0,412.0,240.0,732.0,0.8252697587013245
568,38,0.0,41.0,124.0,801.0,62.0,421.0,124.0,760.0,0.7448229789733887
568,37,1813.0,253.0,1899.0,527.0,1856.0,390.0,86.0,274.0,0.7095656394958496
568,28,277.0,104.0,474.0,652.0,375.5,378.0,197.0,548.0,0.5575150847434998
568,34,1889.0,261.0,1920.0,499.0,1904.5,380.0,31.0,238.0,0.5404251217842102
568,45,1739.0,221.0,1863.0,565.0,1801.0,393.0,124.0,344.0,0.5312028527259827
569,20,860.0,0.0,1211.0,829.0,1035.5,414.5,351.0,829.0,0.9526339173316956
569,1,1186.0,0.0,1568.0,852.0,1377.0,426.0,382.0,852.0,0.9434747695922852
569,9,1511.0,0.0,1868.0,832.0,1689.5,416.0,357.0,832.0,0.9353679418563843
569,35,7.0,0.0,424.0,969.0,215.5,484.5,417.0,969.0,0.9081538915634155
569,43,642.0,203.0,794.0,557.0,718.0,380.0,152.0,354.0,0.8889635801315308
569,44,456.0,308.0,623.0,524.0,539.5,416.0,167.0,216.0,0.878061056137085
569,41,1508.0,182.0,1646.0,583.0,1577.0,382.5,138.0,401.0,0.8456249237060547
569,39,193.0,39.0,434.0,775.0,313.5,407.0,241.0,736.0,0.8062145113945007
569,38,0.0,45.0,122.0,798.0,61.0,421.5,122.0,753.0,0.7408368587493896
569,37,1814.0,253.0,1899.0,528.0,1856.5,390.5,85.0,275.0,0.7221408486366272
569,45,1742.0,223.0,1865.0,567.0,1803.5,395.0,123.0,344.0,0.5341593623161316
569,34,1890.0,260.0,1920.0,498.0,1905.0,379.0,30.0,238.0,0.5291787385940552
570,20,862.0,0.0,1210.0,829.0,1036.0,414.5,348.0,829.0,0.9519101977348328
570,1,1186.0,0.0,1570.0,852.0,1378.0,426.0,384.0,852.0,0.940549373626709
570,9,1508.0,0.0,1866.0,832.0,1687.0,416.0,358.0,832.0,0.9310670495033264
570,35,7.0,0.0,422.0,969.0,214.5,484.5,415.0,969.0,0.9117214679718018
570,44,455.0,307.0,622.0,524.0,538.5,415.5,167.0,217.0,0.8828303813934326
570,43,643.0,205.0,798.0,551.0,720.5,378.0,155.0,346.0,0.8796239495277405
570,41,1507.0,184.0,1649.0,586.0,1578.0,385.0,142.0,402.0,0.8376897573471069
570,39,195.0,32.0,433.0,773.0,314.0,402.5,238.0,741.0,0.8104767799377441
570,38,0.0,48.0,116.0,801.0,58.0,424.5,116.0,753.0,0.7139763236045837
570,37,1817.0,259.0,1898.0,525.0,1857.5,392.0,81.0,266.0,0.7025754451751709
570,45,1745.0,222.0,1864.0,568.0,1804.5,395.0,119.0,346.0,0.526889443397522
570,34,1886.0,252.0,1920.0,498.0,1903.0,375.0,34.0,246.0,0.5153442025184631
571,20,864.0,0.0,1207.0,829.0,1035.5,414.5,343.0,829.0,0.9521325826644897
571,1,1182.0,0.0,1573.0,847.0,1377.5,423.5,391.0,847.0,0.9414354562759399
571,9,1504.0,0.0,1863.0,831.0,1683.5,415.5,359.0,831.0,0.9306715130805969
571,35,6.0,0.0,414.0,975.0,210.0,487.5,408.0,975.0,0.9111565947532654
571,43,646.0,206.0,801.0,543.0,723.5,374.5,155.0,337.0,0.8854985237121582
571,44,456.0,307.0,622.0,524.0,539.0,415.5,166.0,217.0,0.8825955986976624
571,41,1503.0,184.0,1649.0,586.0,1576.0,385.0,146.0,402.0,0.8326643109321594
571,39,181.0,0.0,432.0,778.0,306.5,389.0,251.0,778.0,0.8063874244689941
571,38,0.0,12.0,106.0,796.0,53.0,404.0,106.0,784.0,0.6971580386161804
571,37,1817.0,260.0,1895.0,528.0,1856.0,394.0,78.0,268.0,0.6893987655639648
571,45,1760.0,226.0,1866.0,577.0,1813.0,401.5,106.0,351.0,0.5206577181816101
571,34,1886.0,250.0,1920.0,499.0,1903.0,374.5,34.0,249.0,0.5188854932785034
572,20,866.0,0.0,1204.0,829.0,1035.0,414.5,338.0,829.0,0.9528266191482544
572,1,1184.0,0.0,1567.0,851.0,1375.5,425.5,383.0,851.0,0.9375655651092529
572,9,1502.0,0.0,1862.0,831.0,1682.0,415.5,360.0,831.0,0.9317334890365601
572,35,5.0,0.0,412.0,976.0,208.5,488.0,407.0,976.0,0.9062004089355469
572,43,648.0,207.0,803.0,542.0,725.5,374.5,155.0,335.0,0.8932056427001953
572,44,455.0,307.0,621.0,525.0,538.0,416.0,166.0,218.0,0.8839495182037354
572,41,1504.0,197.0,1646.0,583.0,1575.0,390.0,142.0,386.0,0.8032354712486267
572,39,190.0,7.0,431.0,760.0,310.5,383.5,241.0,753.0,0.7724976539611816
572,37,1816.0,259.0,1895.0,531.0,1855.5,395.0,79.0,272.0,0.6847682595252991
572,38,0.0,0.0,103.0,806.0,51.5,403.0,103.0,806.0,0.645515501499176
572,45,1761.0,224.0,1866.0,580.0,1813.5,402.0,105.0,356.0,0.5236369371414185
572,34,1887.0,251.0,1920.0,501.0,1903.5,376.0,33.0,250.0,0.5211314558982849
573,20,871.0,0.0,1203.0,832.0,1037.0,416.0,332.0,832.0,0.9530482292175293
573,1,1184.0,0.0,1563.0,849.0,1373.5,424.5,379.0,849.0,0.9344273805618286
573,9,1499.0,0.0,1859.0,831.0,1679.0,415.5,360.0,831.0,0.930418074131012
573,35,3.0,0.0,380.0,976.0,191.5,488.0,377.0,976.0,0.8988865613937378
573,43,651.0,207.0,804.0,545.0,727.5,376.0,153.0,338.0,0.8890218734741211
573,44,455.0,307.0,621.0,525.0,538.0,416.0,166.0,218.0,0.8836156725883484
573,39,158.0,0.0,434.0,791.0,296.0,395.5,276.0,791.0,0.8549991846084595
573,41,1502.0,207.0,1641.0,584.0,1571.5,395.5,139.0,377.0,0.7938456535339355
573,37,1815.0,259.0,1895.0,531.0,1855.0,395.0,80.0,272.0,0.6981052756309509
573,38,0.0,0.0,103.0,805.0,51.5,402.5,103.0,805.0,0.6386719942092896
573,45,1763.0,226.0,1865.0,582.0,1814.0,404.0,102.0,356.0,0.4939648509025574
573,34,1886.0,251.0,1920.0,503.0,1903.0,377.0,34.0,252.0,0.48870497941970825
574,20,872.0,0.0,1201.0,831.0,1036.5,415.5,329.0,831.0,0.9536345601081848
574,1,1181.0,0.0,1567.0,853.0,1374.0,426.5,386.0,853.0,0.9353780746459961
574,9,1497.0,0.0,1858.0,830.0,1677.5,415.0,361.0,830.0,0.9304457306861877
574,35,2.0,0.0,363.0,979.0,182.5,489.5,361.0,979.0,0.9080387949943542
574,43,653.0,209.0,806.0,546.0,729.5,377.5,153.0,337.0,0.8929823637008667
574,44,455.0,308.0,621.0,525.0,538.0,416.5,166.0,217.0,0.8846028447151184
574,39,150.0,0.0,438.0,793.0,294.0,396.5,288.0,793.0,0.8689307570457458
574,41,1500.0,204.0,1643.0,584.0,1571.5,394.0,143.0,380.0,0.7909144163131714
574,37,1813.0,259.0,1894.0,532.0,1853.5,395.5,81.0,273.0,0.6815229058265686
574,38,0.0,0.0,105.0,801.0,52.5,400.5,105.0,801.0,0.6445842981338501
574,45,1765.0,230.0,1866.0,580.0,1815.5,405.0,101.0,350.0,0.46103939414024353
574,34,1886.0,250.0,1920.0,504.0,1903.0,377.0,34.0,254.0,0.45467349886894226
575,20,874.0,0.0,1198.0,830.0,1036.0,415.0,324.0,830.0,0.9545952081680298
575,1,1180.0,0.0,1566.0,853.0,1373.0,426.5,386.0,853.0,0.9355919361114502
575,9,1496.0,0.0,1857.0,830.0,1676.5,415.0,361.0,830.0,0.9276371598243713
575,35,0.0,0.0,353.0,980.0,176.5,490.0,353.0,980.0,0.909551203250885
575,44,455.0,309.0,621.0,524.0,538.0,416.5,166.0,215.0,0.8860509395599365
575,43,656.0,212.0,806.0,543.0,731.0,377.5,150.0,331.0,0.8842982053756714
575,39,150.0,0.0,439.0,793.0,294.5,396.5,289.0,793.0,0.8834813237190247
575,41,1499.0,206.0,1645.0,585.0,1572.0,395.5,146.0,379.0,0.8053069114685059
575,37,1815.0,259.0,1895.0,531.0,1855.0,395.0,80.0,272.0,0.6721081137657166
575,38,0.0,0.0,111.0,800.0,55.5,400.0,111.0,800.0,0.6313724517822266
575,45,1764.0,228.0,1863.0,580.0,1813.5,404.0,99.0,352.0,0.4289827346801758
575,34,1885.0,253.0,1920.0,505.0,1902.5,379.0,35.0,252.0,0.397930771112442
576,20,875.0,0.0,1196.0,830.0,1035.5,415.0,321.0,830.0,0.9545578956604004
576,1,1177.0,0.0,1564.0,852.0,1370.5,426.0,387.0,852.0,0.9373812675476074
576,9,1494.0,0.0,1856.0,831.0,1675.0,415.5,362.0,831.0,0.9256016612052917
576,35,0.0,0.0,349.0,982.0,174.5,491.0,349.0,982.0,0.9157384634017944
576,43,659.0,211.0,806.0,542.0,732.5,376.5,147.0,331.0,0.8940589427947998
576,39,152.0,0.0,439.0,793.0,295.5,396.5,287.0,793.0,0.8870921730995178
576,44,455.0,308.0,620.0,524.0,537.5,416.0,165.0,216.0,0.8863920569419861
576,41,1496.0,205.0,1643.0,584.0,1569.5,394.5,147.0,379.0,0.8135591745376587
576,37,1817.0,257.0,1896.0,532.0,1856.5,394.5,79.0,275.0,0.6754765510559082
576,38,0.0,0.0,112.0,801.0,56.0,400.5,112.0,801.0,0.6058921217918396
576,45,1742.0,193.0,1860.0,579.0,1801.0,386.0,118.0,386.0,0.48446688055992126
576,34,1885.0,251.0,1920.0,505.0,1902.5,378.0,35.0,254.0,0.4296460747718811
577,20,875.0,0.0,1195.0,830.0,1035.0,415.0,320.0,830.0,0.9533947706222534
577,1,1175.0,0.0,1562.0,853.0,1368.5,426.5,387.0,853.0,0.9375687837600708
577,9,1493.0,0.0,1855.0,832.0,1674.0,416.0,362.0,832.0,0.9257156848907471
577,35,0.0,0.0,348.0,977.0,174.0,488.5,348.0,977.0,0.9207636117935181
577,43,661.0,211.0,808.0,543.0,734.5,377.0,147.0,332.0,0.8972107172012329
577,39,152.0,0.0,439.0,793.0,295.5,396.5,287.0,793.0,0.8917049765586853
577,44,453.0,309.0,620.0,525.0,536.5,417.0,167.0,216.0,0.8872995972633362
577,41,1497.0,201.0,1644.0,583.0,1570.5,392.0,147.0,382.0,0.7943763732910156
577,37,1817.0,260.0,1897.0,530.0,1857.0,395.0,80.0,270.0,0.6926486492156982
577,38,0.0,0.0,102.0,801.0,51.0,400.5,102.0,801.0,0.6000269055366516
577,34,1885.0,252.0,1920.0,505.0,1902.5,378.5,35.0,253.0,0.4556348919868469
577,45,1741.0,193.0,1861.0,581.0,1801.0,387.0,120.0,388.0,0.4478129744529724
578,20,875.0,0.0,1195.0,830.0,1035.0,415.0,320.0,830.0,0.9532711505889893
578,1,1173.0,0.0,1556.0,851.0,1364.5,425.5,383.0,851.0,0.9336077570915222
578,9,1495.0,0.0,1855.0,833.0,1675.0,416.5,360.0,833.0,0.9217603206634521
578,35,0.0,0.0,349.0,979.0,174.5,489.5,349.0,979.0,0.9210670590400696
578,39,155.0,0.0,439.0,793.0,297.0,396.5,284.0,793.0,0.8902667164802551
578,44,454.0,309.0,621.0,525.0,537.5,417.0,167.0,216.0,0.888442873954773
578,43,664.0,210.0,809.0,538.0,736.5,374.0,145.0,328.0,0.8840808868408203
578,41,1496.0,204.0,1646.0,583.0,1571.0,393.5,150.0,379.0,0.7769685387611389
578,37,1816.0,262.0,1897.0,531.0,1856.5,396.5,81.0,269.0,0.710539698600769
578,38,0.0,0.0,96.0,805.0,48.0,402.5,96.0,805.0,0.5643430352210999
578,34,1884.0,252.0,1920.0,505.0,1902.0,378.5,36.0,253.0,0.4623330235481262
578,45,1741.0,192.0,1862.0,581.0,1801.5,386.5,121.0,389.0,0.42465561628341675
579,20,877.0,0.0,1194.0,829.0,1035.5,414.5,317.0,829.0,0.9537686109542847
579,1,1165.0,0.0,1561.0,853.0,1363.0,426.5,396.0,853.0,0.9387428164482117
579,9,1496.0,0.0,1855.0,833.0,1675.5,416.5,359.0,833.0,0.9206055998802185
579,35,0.0,0.0,349.0,977.0,174.5,488.5,349.0,977.0,0.9184224009513855
579,39,155.0,0.0,439.0,793.0,297.0,396.5,284.0,793.0,0.8925023078918457
579,43,665.0,208.0,812.0,547.0,738.5,377.5,147.0,339.0,0.8885285258293152
579,44,454.0,309.0,621.0,524.0,537.5,416.5,167.0,215.0,0.8880521655082703
579,41,1496.0,206.0,1649.0,584.0,1572.5,395.0,153.0,378.0,0.7571921348571777
579,37,1814.0,261.0,1897.0,534.0,1855.5,397.5,83.0,273.0,0.7018349170684814
579,38,0.0,0.0,93.0,806.0,46.5,403.0,93.0,806.0,0.5339730978012085
579,34,1884.0,251.0,1920.0,505.0,1902.0,378.0,36.0,254.0,0.45011013746261597
579,45,1748.0,200.0,1863.0,577.0,1805.5,388.5,115.0,377.0,0.3595542907714844
580,20,878.0,0.0,1195.0,829.0,1036.5,414.5,317.0,829.0,0.9539052844047546
580,1,1165.0,0.0,1559.0,853.0,1362.0,426.5,394.0,853.0,0.9426177740097046
580,9,1496.0,0.0,1855.0,833.0,1675.5,416.5,359.0,833.0,0.9210318922996521
580,35,0.0,0.0,350.0,978.0,175.0,489.0,350.0,978.0,0.9111153483390808
580,39,156.0,0.0,437.0,792.0,296.5,396.0,281.0,792.0,0.8930739760398865
580,44,454.0,309.0,620.0,524.0,537.0,416.5,166.0,215.0,0.8886197805404663
580,43,667.0,206.0,814.0,551.0,740.5,378.5,147.0,345.0,0.870233952999115
580,41,1496.0,197.0,1658.0,586.0,1577.0,391.5,162.0,389.0,0.7422468066215515
580,37,1815.0,263.0,1898.0,534.0,1856.5,398.5,83.0,271.0,0.7138946652412415
580,38,0.0,0.0,99.0,804.0,49.5,402.0,99.0,804.0,0.5012307167053223
580,34,1886.0,254.0,1920.0,503.0,1903.0,378.5,34.0,249.0,0.44243645668029785
580,45,1743.0,194.0,1863.0,576.0,1803.0,385.0,120.0,382.0,0.4101051688194275
581,20,879.0,0.0,1196.0,830.0,1037.5,415.0,317.0,830.0,0.9546728730201721
581,1,1160.0,0.0,1558.0,858.0,1359.0,429.0,398.0,858.0,0.9393071532249451
581,9,1496.0,0.0,1856.0,833.0,1676.0,416.5,360.0,833.0,0.91180419921875
581,35,0.0,0.0,351.0,979.0,175.5,489.5,351.0,979.0,0.9098255634307861
581,39,155.0,0.0,436.0,792.0,295.5,396.0,281.0,792.0,0.8909506797790527
581,44,454.0,308.0,621.0,524.0,537.5,416.0,167.0,216.0,0.8885912299156189
581,43,670.0,206.0,817.0,549.0,743.5,377.5,147.0,343.0,0.8718124032020569
581,41,1498.0,193.0,1661.0,585.0,1579.5,389.0,163.0,392.0,0.7415298223495483
581,37,1816.0,264.0,1899.0,534.0,1857.5,399.0,83.0,270.0,0.7274921536445618
581,38,0.0,0.0,96.0,801.0,48.0,400.5,96.0,801.0,0.4750996530056
581,45,1739.0,197.0,1859.0,577.0,1799.0,387.0,120.0,380.0,0.4750370383262634
581,34,1885.0,257.0,1920.0,502.0,1902.5,379.5,35.0,245.0,0.4446692168712616
582,20,880.0,0.0,1196.0,830.0,1038.0,415.0,316.0,830.0,0.9553196430206299
582,1,1159.0,0.0,1555.0,858.0,1357.0,429.0,396.0,858.0,0.9389503598213196
582,35,0.0,0.0,350.0,978.0,175.0,489.0,350.0,978.0,0.9104856252670288
582,9,1501.0,0.0,1859.0,833.0,1680.0,416.5,358.0,833.0,0.9085423946380615
582,39,154.0,0.0,435.0,793.0,294.5,396.5,281.0,793.0,0.889678955078125
582,44,453.0,307.0,621.0,524.0,537.0,415.5,168.0,217.0,0.8884533643722534
582,43,674.0,205.0,821.0,545.0,747.5,375.0,147.0,340.0,0.8778973817825317
582,41,1503.0,191.0,1663.0,583.0,1583.0,387.0,160.0,392.0,0.7418401837348938
582,37,1816.0,265.0,1898.0,531.0,1857.0,398.0,82.0,266.0,0.7370398044586182
582,45,1741.0,196.0,1860.0,577.0,1800.5,386.5,119.0,381.0,0.5295186042785645
582,38,0.0,0.0,100.0,800.0,50.0,400.0,100.0,800.0,0.46674567461013794
582,34,1885.0,259.0,1920.0,502.0,1902.5,380.5,35.0,243.0,0.4641614854335785
583,20,881.0,0.0,1197.0,830.0,1039.0,415.0,316.0,830.0,0.9544954299926758
583,1,1156.0,0.0,1549.0,860.0,1352.5,430.0,393.0,860.0,0.937018632888794
583,35,0.0,0.0,349.0,977.0,174.5,488.5,349.0,977.0,0.9138193726539612
583,9,1504.0,0.0,1860.0,834.0,1682.0,417.0,356.0,834.0,0.9047964215278625
583,39,152.0,0.0,433.0,793.0,292.5,396.5,281.0,793.0,0.8925001621246338
583,44,454.0,309.0,621.0,524.0,537.5,416.5,167.0,215.0,0.8845999836921692
583,43,674.0,206.0,824.0,540.0,749.0,373.0,150.0,334.0,0.8675407767295837
583,41,1507.0,191.0,1663.0,583.0,1585.0,387.0,156.0,392.0,0.7642520666122437
583,37,1817.0,266.0,1900.0,529.0,1858.5,397.5,83.0,263.0,0.7362828850746155
583,45,1743.0,201.0,1861.0,573.0,1802.0,387.0,118.0,372.0,0.5821361541748047
583,34,1885.0,265.0,1920.0,502.0,1902.5,383.5,35.0,237.0,0.4674935042858124
583,38,0.0,0.0,94.0,804.0,47.0,402.0,94.0,804.0,0.4360368549823761
584,20,882.0,0.0,1196.0,827.0,1039.0,413.5,314.0,827.0,0.9544578194618225
584,1,1152.0,0.0,1546.0,861.0,1349.0,430.5,394.0,861.0,0.9389098286628723
584,35,0.0,0.0,348.0,977.0,174.0,488.5,348.0,977.0,0.9145902991294861
584,9,1508.0,0.0,1860.0,834.0,1684.0,417.0,352.0,834.0,0.894744873046875
584,39,150.0,0.0,431.0,792.0,290.5,396.0,281.0,792.0,0.8927095532417297
584,44,454.0,309.0,622.0,525.0,538.0,417.0,168.0,216.0,0.8859860301017761
584,43,677.0,205.0,827.0,544.0,752.0,374.5,150.0,339.0,0.8748366832733154
584,41,1513.0,191.0,1664.0,584.0,1588.5,387.5,151.0,393.0,0.7750173807144165
584,37,1818.0,264.0,1900.0,527.0,1859.0,395.5,82.0,263.0,0.753125786781311
584,45,1739.0,190.0,1861.0,575.0,1800.0,382.5,122.0,385.0,0.6408172845840454
584,34,1885.0,262.0,1920.0,503.0,1902.5,382.5,35.0,241.0,0.47104528546333313
584,38,0.0,0.0,92.0,806.0,46.0,403.0,92.0,806.0,0.42424431443214417
585,20,884.0,0.0,1196.0,827.0,1040.0,413.5,312.0,827.0,0.9537877440452576
585,1,1147.0,0.0,1540.0,860.0,1343.5,430.0,393.0,860.0,0.9383907914161682
585,35,0.0,0.0,347.0,976.0,173.5,488.0,347.0,976.0,0.9122422933578491
585,39,150.0,0.0,428.0,791.0,289.0,395.5,278.0,791.0,0.8918746709823608
585,9,1513.0,0.0,1860.0,835.0,1686.5,417.5,347.0,835.0,0.8888852000236511
585,44,454.0,309.0,622.0,524.0,538.0,416.5,168.0,215.0,0.8850618004798889
585,43,680.0,203.0,830.0,547.0,755.0,375.0,150.0,344.0,0.8782354593276978
585,41,1518.0,189.0,1663.0,585.0,1590.5,387.0,145.0,396.0,0.7879092693328857
585,37,1818.0,264.0,1901.0,526.0,1859.5,395.0,83.0,262.0,0.7537776827812195
585,45,1736.0,184.0,1862.0,577.0,1799.0,380.5,126.0,393.0,0.6642160415649414
585,34,1883.0,261.0,1920.0,503.0,1901.5,382.0,37.0,242.0,0.4565284550189972
585,38,0.0,0.0,93.0,811.0,46.5,405.5,93.0,811.0,0.376487672328949
586,20,886.0,0.0,1195.0,827.0,1040.5,413.5,309.0,827.0,0.9538864493370056
586,1,1144.0,0.0,1529.0,860.0,1336.5,430.0,385.0,860.0,0.9393937587738037
586,35,0.0,0.0,347.0,974.0,173.5,487.0,347.0,974.0,0.9113654494285583
586,39,145.0,0.0,426.0,790.0,285.5,395.0,281.0,790.0,0.8883509635925293
586,44,453.0,309.0,622.0,525.0,537.5,417.0,169.0,216.0,0.8864316940307617
586,9,1519.0,0.0,1860.0,834.0,1689.5,417.0,341.0,834.0,0.885784387588501
586,43,683.0,203.0,832.0,556.0,757.5,379.5,149.0,353.0,0.8772131204605103
586,41,1523.0,185.0,1665.0,586.0,1594.0,385.5,142.0,401.0,0.7855847477912903
586,37,1819.0,264.0,1903.0,527.0,1861.0,395.5,84.0,263.0,0.753781259059906
586,45,1737.0,182.0,1863.0,576.0,1800.0,379.0,126.0,394.0,0.6803682446479797
586,34,1882.0,261.0,1920.0,502.0,1901.0,381.5,38.0,241.0,0.4833606481552124
586,38,0.0,0.0,95.0,814.0,47.5,407.0,95.0,814.0,0.3505074977874756
587,20,886.0,0.0,1195.0,828.0,1040.5,414.0,309.0,828.0,0.9528669714927673
587,1,1140.0,0.0,1527.0,862.0,1333.5,431.0,387.0,862.0,0.9402021169662476
587,35,0.0,0.0,349.0,976.0,174.5,488.0,349.0,976.0,0.9066575765609741
587,39,143.0,0.0,424.0,790.0,283.5,395.0,281.0,790.0,0.8853296637535095
587,9,1521.0,0.0,1860.0,834.0,1690.5,417.0,339.0,834.0,0.8844139575958252
587,44,453.0,309.0,621.0,525.0,537.0,417.0,168.0,216.0,0.8823859691619873
587,43,686.0,204.0,834.0,549.0,760.0,376.5,148.0,345.0,0.8762850165367126
587,41,1525.0,185.0,1665.0,586.0,1595.0,385.5,140.0,401.0,0.7955394387245178
587,37,1820.0,263.0,1904.0,530.0,1862.0,396.5,84.0,267.0,0.742582380771637
587,45,1739.0,186.0,1863.0,576.0,1801.0,381.0,124.0,390.0,0.6638080477714539
587,34,1880.0,260.0,1920.0,501.0,1900.0,380.5,40.0,241.0,0.5217007994651794
587,38,0.0,0.0,97.0,816.0,48.5,408.0,97.0,816.0,0.34618285298347473
588,20,888.0,1.0,1193.0,829.0,1040.5,415.0,305.0,828.0,0.9533339738845825
588,1,1137.0,0.0,1519.0,860.0,1328.0,430.0,382.0,860.0,0.9380787014961243
588,35,0.0,0.0,352.0,978.0,176.0,489.0,352.0,978.0,0.905624270439148
588,44,452.0,308.0,621.0,524.0,536.5,416.0,169.0,216.0,0.8837043046951294
588,39,142.0,0.0,422.0,789.0,282.0,394.5,280.0,789.0,0.8820838332176208
588,9,1522.0,0.0,1859.0,833.0,1690.5,416.5,337.0,833.0,0.8804318904876709
588,43,689.0,208.0,835.0,538.0,762.0,373.0,146.0,330.0,0.8670327663421631
588,41,1524.0,184.0,1664.0,586.0,1594.0,385.0,140.0,402.0,0.803208589553833
588,37,1820.0,262.0,1905.0,532.0,1862.5,397.0,85.0,270.0,0.715212881565094
588,45,1740.0,180.0,1863.0,577.0,1801.5,378.5,123.0,397.0,0.6824988722801208
588,34,1879.0,261.0,1920.0,501.0,1899.5,381.0,41.0,240.0,0.5443806648254395
588,38,0.0,0.0,99.0,813.0,49.5,406.5,99.0,813.0,0.3719659149646759
589,20,890.0,1.0,1192.0,829.0,1041.0,415.0,302.0,828.0,0.9539199471473694
589,1,1133.0,0.0,1510.0,859.0,1321.5,429.5,377.0,859.0,0.9342235922813416
589,35,0.0,0.0,352.0,979.0,176.0,489.5,352.0,979.0,0.9073604345321655
589,9,1522.0,0.0,1859.0,833.0,1690.5,416.5,337.0,833.0,0.8885502219200134
589,39,145.0,0.0,417.0,788.0,281.0,394.0,272.0,788.0,0.8855236172676086
589,44,452.0,308.0,621.0,525.0,536.5,416.5,169.0,217.0,0.8843424320220947
589,43,691.0,208.0,835.0,531.0,763.0,369.5,144.0,323.0,0.8751529455184937
589,41,1522.0,183.0,1662.0,585.0,1592.0,384.0,140.0,402.0,0.8026781678199768
589,37,1821.0,260.0,1905.0,532.0,1863.0,396.0,84.0,272.0,0.7297466993331909
589,45,1735.0,173.0,1865.0,579.0,1800.0,376.0,130.0,406.0,0.6922379732131958
589,34,1879.0,261.0,1920.0,504.0,1899.5,382.5,41.0,243.0,0.5643342137336731
589,38,0.0,0.0,100.0,808.0,50.0,404.0,100.0,808.0,0.3943357765674591
590,20,891.0,0.0,1191.0,827.0,1041.0,413.5,300.0,827.0,0.9542962908744812
590,1,1132.0,0.0,1505.0,862.0,1318.5,431.0,373.0,862.0,0.9330315589904785
590,35,0.0,0.0,355.0,980.0,177.5,490.0,355.0,980.0,0.8990703821182251
590,9,1524.0,0.0,1860.0,833.0,1692.0,416.5,336.0,833.0,0.89509516954422
590,44,453.0,309.0,621.0,525.0,537.0,417.0,168.0,216.0,0.8850878477096558
590,39,147.0,0.0,414.0,787.0,280.5,393.5,267.0,787.0,0.8834170699119568
590,43,693.0,208.0,837.0,537.0,765.0,372.5,144.0,329.0,0.8732609748840332
590,41,1522.0,181.0,1659.0,584.0,1590.5,382.5,137.0,403.0,0.7942988872528076
590,37,1819.0,260.0,1908.0,535.0,1863.5,397.5,89.0,275.0,0.7378700375556946
590,45,1734.0,169.0,1865.0,578.0,1799.5,373.5,131.0,409.0,0.6769615411758423
590,34,1876.0,259.0,1920.0,504.0,1898.0,381.5,44.0,245.0,0.6031154990196228
590,38,0.0,0.0,100.0,807.0,50.0,403.5,100.0,807.0,0.395908385515213
591,20,892.0,0.0,1195.0,826.0,1043.5,413.0,303.0,826.0,0.952745795249939
591,1,1129.0,0.0,1502.0,862.0,1315.5,431.0,373.0,862.0,0.9374434947967529
591,9,1525.0,0.0,1859.0,836.0,1692.0,418.0,334.0,836.0,0.9085859656333923
591,35,0.0,0.0,359.0,978.0,179.5,489.0,359.0,978.0,0.8880457282066345
591,44,453.0,309.0,621.0,526.0,537.0,417.5,168.0,217.0,0.884256899356842
591,43,695.0,213.0,839.0,528.0,767.0,370.5,144.0,315.0,0.8745943307876587
591,39,144.0,0.0,411.0,787.0,277.5,393.5,267.0,787.0,0.8737035989761353
591,41,1523.0,183.0,1658.0,583.0,1590.5,383.0,135.0,400.0,0.8077588677406311
591,37,1821.0,260.0,1908.0,534.0,1864.5,397.0,87.0,274.0,0.7419953346252441
591,45,1735.0,178.0,1863.0,577.0,1799.0,377.5,128.0,399.0,0.6931766271591187
591,34,1879.0,259.0,1920.0,506.0,1899.5,382.5,41.0,247.0,0.587078332901001
591,38,0.0,0.0,101.0,808.0,50.5,404.0,101.0,808.0,0.3916673958301544
592,20,892.0,0.0,1199.0,825.0,1045.5,412.5,307.0,825.0,0.9502850770950317
592,1,1125.0,0.0,1497.0,862.0,1311.0,431.0,372.0,862.0,0.9351826310157776
592,9,1525.0,0.0,1859.0,835.0,1692.0,417.5,334.0,835.0,0.9076426029205322
592,35,0.0,0.0,356.0,983.0,178.0,491.5,356.0,983.0,0.897408127784729
592,44,453.0,310.0,621.0,526.0,537.0,418.0,168.0,216.0,0.8851944208145142
592,39,145.0,6.0,408.0,789.0,276.5,397.5,263.0,783.0,0.8792515397071838
592,43,696.0,213.0,841.0,523.0,768.5,368.0,145.0,310.0,0.8706746697425842
592,41,1522.0,187.0,1655.0,584.0,1588.5,385.5,133.0,397.0,0.8123555779457092
592,37,1822.0,261.0,1908.0,532.0,1865.0,396.5,86.0,271.0,0.7191869616508484
592,45,1733.0,184.0,1862.0,578.0,1797.5,381.0,129.0,394.0,0.6787027716636658
592,34,1879.0,262.0,1920.0,502.0,1899.5,382.0,41.0,240.0,0.5830045342445374
592,38,0.0,2.0,102.0,807.0,51.0,404.5,102.0,805.0,0.3947194814682007
592,46,1308.0,138.0,1495.0,645.0,1401.5,391.5,187.0,507.0,0.3898862600326538
593,20,893.0,0.0,1193.0,824.0,1043.0,412.0,300.0,824.0,0.9484614729881287
593,1,1121.0,0.0,1495.0,861.0,1308.0,430.5,374.0,861.0,0.9333247542381287
593,9,1525.0,0.0,1859.0,836.0,1692.0,418.0,334.0,836.0,0.9142604470252991
593,35,0.0,0.0,348.0,985.0,174.0,492.5,348.0,985.0,0.9082822203636169
593,43,696.0,212.0,846.0,528.0,771.0,370.0,150.0,316.0,0.899044930934906
593,44,453.0,310.0,621.0,526.0,537.0,418.0,168.0,216.0,0.8859618902206421
593,39,143.0,0.0,404.0,792.0,273.5,396.0,261.0,792.0,0.8790679574012756
593,41,1518.0,188.0,1656.0,584.0,1587.0,386.0,138.0,396.0,0.8075956702232361
593,45,1737.0,194.0,1862.0,577.0,1799.5,385.5,125.0,383.0,0.6713801026344299
593,37,1821.0,259.0,1909.0,533.0,1865.0,396.0,88.0,274.0,0.6593464016914368
593,34,1877.0,261.0,1920.0,501.0,1898.5,381.0,43.0,240.0,0.5918657183647156
593,46,1283.0,83.0,1496.0,738.0,1389.5,410.5,213.0,655.0,0.4651011824607849
593,38,0.0,0.0,100.0,811.0,50.0,405.5,100.0,811.0,0.3959966003894806
594,20,893.0,0.0,1197.0,822.0,1045.0,411.0,304.0,822.0,0.9510350823402405
594,1,1117.0,0.0,1493.0,860.0,1305.0,430.0,376.0,860.0,0.9287809133529663
594,9,1525.0,0.0,1859.0,838.0,1692.0,419.0,334.0,838.0,0.9173188209533691
594,35,0.0,0.0,345.0,986.0,172.5,493.0,345.0,986.0,0.9113360047340393
594,43,698.0,212.0,847.0,531.0,772.5,371.5,149.0,319.0,0.8996852040290833
594,44,453.0,309.0,621.0,526.0,537.0,417.5,168.0,217.0,0.887092649936676
594,39,144.0,0.0,401.0,794.0,272.5,397.0,257.0,794.0,0.8743021488189697
594,41,1514.0,193.0,1657.0,584.0,1585.5,388.5,143.0,391.0,0.7877385020256042
594,45,1738.0,180.0,1863.0,576.0,1800.5,378.0,125.0,396.0,0.6817774176597595
594,37,1821.0,257.0,1914.0,538.0,1867.5,397.5,93.0,281.0,0.6542889475822449
594,34,1874.0,263.0,1920.0,504.0,1897.0,383.5,46.0,241.0,0.5723321437835693
594,46,1291.0,91.0,1493.0,741.0,1392.0,416.0,202.0,650.0,0.5448541045188904
594,38,0.0,0.0,102.0,810.0,51.0,405.0,102.0,810.0,0.4125427305698395
595,20,894.0,0.0,1194.0,822.0,1044.0,411.0,300.0,822.0,0.9501524567604065
595,1,1113.0,0.0,1490.0,860.0,1301.5,430.0,377.0,860.0,0.9214316010475159
595,9,1524.0,0.0,1860.0,840.0,1692.0,420.0,336.0,840.0,0.9213665127754211
595,35,0.0,0.0,349.0,989.0,174.5,494.5,349.0,989.0,0.9072973132133484
595,43,700.0,211.0,849.0,535.0,774.5,373.0,149.0,324.0,0.9017676115036011
595,44,453.0,310.0,621.0,527.0,537.0,418.5,168.0,217.0,0.8868711590766907
595,39,142.0,0.0,398.0,796.0,270.0,398.0,256.0,796.0,0.8595013618469238
595,41,1518.0,188.0,1653.0,584.0,1585.5,386.0,135.0,396.0,0.7766760587692261
595,45,1744.0,175.0,1866.0,576.0,1805.0,375.5,122.0,401.0,0.6790866851806641
595,46,1287.0,120.0,1488.0,747.0,1387.5,433.5,201.0,627.0,0.6233437061309814
595,37,1821.0,254.0,1915.0,539.0,1868.0,396.5,94.0,285.0,0.5906710624694824
595,38,0.0,3.0,101.0,816.0,50.5,409.5,101.0,813.0,0.408529132604599
595,34,1878.0,265.0,1920.0,491.0,1899.0,378.0,42.0,226.0,0.3926151394844055
596,20,895.0,0.0,1193.0,822.0,1044.0,411.0,298.0,822.0,0.9485123157501221
596,9,1523.0,0.0,1859.0,841.0,1691.0,420.5,336.0,841.0,0.9230812788009644
596,1,1108.0,0.0,1489.0,859.0,1298.5,429.5,381.0,859.0,0.9221813082695007
596,35,0.0,0.0,355.0,994.0,177.5,497.0,355.0,994.0,0.9036417007446289
596,43,701.0,212.0,851.0,536.0,776.0,374.0,150.0,324.0,0.9016983509063721
596,44,452.0,311.0,621.0,526.0,536.5,418.5,169.0,215.0,0.8833978772163391
596,39,152.0,19.0,394.0,789.0,273.0,404.0,242.0,770.0,0.8535879254341125
596,41,1517.0,183.0,1658.0,584.0,1587.5,383.5,141.0,401.0,0.7610884308815002
596,46,1267.0,97.0,1490.0,735.0,1378.5,416.0,223.0,638.0,0.644420325756073
596,45,1757.0,207.0,1861.0,572.0,1809.0,389.5,104.0,365.0,0.6072295308113098
596,37,1825.0,264.0,1912.0,525.0,1868.5,394.5,87.0,261.0,0.6009731888771057
596,34,1883.0,254.0,1920.0,496.0,1901.5,375.0,37.0,242.0,0.43619489669799805
596,38,0.0,31.0,95.0,825.0,47.5,428.0,95.0,794.0,0.3893401622772217
597,20,896.0,0.0,1191.0,823.0,1043.5,411.5,295.0,823.0,0.9447455406188965
597,1,1104.0,0.0,1487.0,861.0,1295.5,430.5,383.0,861.0,0.926051676273346
597,9,1523.0,0.0,1859.0,841.0,1691.0,420.5,336.0,841.0,0.9211480021476746
597,35,0.0,0.0,351.0,994.0,175.5,497.0,351.0,994.0,0.9120866656303406
597,43,702.0,212.0,853.0,541.0,777.5,376.5,151.0,329.0,0.9050844311714172
597,44,452.0,310.0,621.0,526.0,536.5,418.0,169.0,216.0,0.8868287801742554
597,39,144.0,1.0,394.0,769.0,269.0,385.0,250.0,768.0,0.8600195050239563
597,41,1514.0,193.0,1665.0,584.0,1589.5,388.5,151.0,391.0,0.7517725229263306
597,46,1278.0,109.0,1491.0,710.0,1384.5,409.5,213.0,601.0,0.6407468318939209
597,34,1872.0,256.0,1920.0,510.0,1896.0,383.0,48.0,254.0,0.5980716347694397
597,45,1761.0,209.0,1864.0,567.0,1812.5,388.0,103.0,358.0,0.5672349333763123
597,37,1814.0,257.0,1905.0,526.0,1859.5,391.5,91.0,269.0,0.5197587013244629
597,38,0.0,0.0,95.0,825.0,47.5,412.5,95.0,825.0,0.384412944316864
598,20,897.0,0.0,1191.0,823.0,1044.0,411.5,294.0,823.0,0.9393970966339111
598,1,1100.0,0.0,1487.0,861.0,1293.5,430.5,387.0,861.0,0.9318071603775024
598,9,1525.0,0.0,1857.0,841.0,1691.0,420.5,332.0,841.0,0.9207490086555481
598,35,0.0,0.0,347.0,990.0,173.5,495.0,347.0,990.0,0.9196419715881348
598,43,702.0,212.0,855.0,546.0,778.5,379.0,153.0,334.0,0.9065269231796265
598,44,451.0,310.0,621.0,526.0,536.0,418.0,170.0,216.0,0.8846296072006226
598,39,139.0,0.0,391.0,770.0,265.0,385.0,252.0,770.0,0.8673277497291565
598,41,1515.0,201.0,1663.0,583.0,1589.0,392.0,148.0,382.0,0.7307021617889404
598,34,1863.0,251.0,1920.0,514.0,1891.5,382.5,57.0,263.0,0.6507627367973328
598,45,1768.0,236.0,1864.0,568.0,1816.0,402.0,96.0,332.0,0.5656424164772034
598,46,1289.0,123.0,1489.0,650.0,1389.0,386.5,200.0,527.0,0.5241111516952515
598,37,1803.0,255.0,1901.0,532.0,1852.0,393.5,98.0,277.0,0.5137142539024353
598,38,0.0,0.0,93.0,828.0,46.5,414.0,93.0,828.0,0.3658495545387268
599,20,898.0,0.0,1190.0,823.0,1044.0,411.5,292.0,823.0,0.937678337097168
599,9,1523.0,0.0,1857.0,842.0,1690.0,421.0,334.0,842.0,0.9220778942108154
599,1,1099.0,0.0,1484.0,861.0,1291.5,430.5,385.0,861.0,0.9220704436302185
599,35,0.0,0.0,347.0,991.0,173.5,495.5,347.0,991.0,0.9220059514045715
599,43,705.0,212.0,856.0,546.0,780.5,379.0,151.0,334.0,0.899673342704773
599,44,451.0,309.0,621.0,527.0,536.0,418.0,170.0,218.0,0.8845710158348083
599,39,137.0,2.0,389.0,769.0,263.0,385.5,252.0,767.0,0.8613726496696472
599,34,1865.0,216.0,1919.0,701.0,1892.0,458.5,54.0,485.0,0.733881950378418
599,41,1515.0,205.0,1667.0,584.0,1591.0,394.5,152.0,379.0,0.6744619011878967
599,46,1274.0,98.0,1491.0,711.0,1382.5,404.5,217.0,613.0,0.5993911623954773
599,45,1764.0,227.0,1865.0,574.0,1814.5,400.5,101.0,347.0,0.5764347910881042
599,38,0.0,0.0,94.0,844.0,47.0,422.0,94.0,844.0,0.27648597955703735
600,20,900.0,0.0,1190.0,822.0,1045.0,411.0,290.0,822.0,0.9358167052268982
600,9,1517.0,0.0,1857.0,841.0,1687.0,420.5,340.0,841.0,0.9245780110359192
600,1,1095.0,0.0,1483.0,860.0,1289.0,430.0,388.0,860.0,0.9235979914665222
600,35,0.0,0.0,346.0,990.0,173.0,495.0,346.0,990.0,0.9214585423469543
600,43,707.0,211.0,857.0,549.0,782.0,380.0,150.0,338.0,0.9016363024711609
600,44,450.0,309.0,622.0,527.0,536.0,418.0,172.0,218.0,0.8839561343193054
600,39,139.0,6.0,387.0,768.0,263.0,387.0,248.0,762.0,0.8565048575401306
600,34,1844.0,228.0,1920.0,697.0,1882.0,462.5,76.0,469.0,0.8000885844230652
600,45,1748.0,196.0,1873.0,573.0,1810.5,384.5,125.0,377.0,0.5765142440795898
600,41,1512.0,197.0,1675.0,584.0,1593.5,390.5,163.0,387.0,0.5517191886901855
600,46,1277.0,94.0,1491.0,688.0,1384.0,391.0,214.0,594.0,0.49469608068466187
601,20,901.0,0.0,1190.0,822.0,1045.5,411.0,289.0,822.0,0.9331931471824646
601,9,1517.0,0.0,1858.0,841.0,1687.5,420.5,341.0,841.0,0.9252829551696777
601,35,0.0,0.0,340.0,991.0,170.0,495.5,340.0,991.0,0.9222345948219299
601,1,1094.0,0.0,1481.0,860.0,1287.5,430.0,387.0,860.0,0.9209414720535278
601,43,711.0,210.0,858.0,558.0,784.5,384.0,147.0,348.0,0.9030649065971375
601,44,451.0,309.0,621.0,525.0,536.0,417.0,170.0,216.0,0.8870434165000916
601,39,140.0,0.0,385.0,767.0,262.5,383.5,245.0,767.0,0.8693617582321167
601,34,1835.0,185.0,1920.0,710.0,1877.5,447.5,85.0,525.0,0.8379318118095398
601,45,1728.0,163.0,1885.0,575.0,1806.5,369.0,157.0,412.0,0.6936734318733215
601,41,1512.0,200.0,1680.0,584.0,1596.0,392.0,168.0,384.0,0.4979766309261322
601,46,1275.0,76.0,1491.0,717.0,1383.0,396.5,216.0,641.0,0.4364500939846039
602,20,902.0,0.0,1188.0,820.0,1045.0,410.0,286.0,820.0,0.9351133704185486
602,9,1518.0,0.0,1857.0,842.0,1687.5,421.0,339.0,842.0,0.9233569502830505
602,35,0.0,0.0,342.0,990.0,171.0,495.0,342.0,990.0,0.9220593571662903
602,1,1092.0,0.0,1477.0,860.0,1284.5,430.0,385.0,860.0,0.9171104431152344
602,43,713.0,210.0,859.0,561.0,786.0,385.5,146.0,351.0,0.907514750957489
602,44,452.0,310.0,621.0,525.0,536.5,417.5,169.0,215.0,0.8875916600227356
602,39,142.0,5.0,381.0,763.0,261.5,384.0,239.0,758.0,0.8649830222129822
602,34,1829.0,155.0,1920.0,717.0,1874.5,436.0,91.0,562.0,0.8526952266693115
602,45,1724.0,157.0,1883.0,574.0,1803.5,365.5,159.0,417.0,0.7101273536682129
602,46,1272.0,70.0,1490.0,754.0,1381.0,412.0,218.0,684.0,0.5917079448699951
602,41,1511.0,199.0,1675.0,586.0,1593.0,392.5,164.0,387.0,0.5776984095573425
603,20,903.0,0.0,1188.0,819.0,1045.5,409.5,285.0,819.0,0.9362163543701172
603,9,1521.0,0.0,1860.0,842.0,1690.5,421.0,339.0,842.0,0.9248763918876648
603,35,0.0,0.0,348.0,990.0,174.0,495.0,348.0,990.0,0.9199901819229126
603,1,1086.0,0.0,1471.0,863.0,1278.5,431.5,385.0,863.0,0.9184495210647583
603,43,715.0,211.0,860.0,560.0,787.5,385.5,145.0,349.0,0.8972833752632141
603,44,451.0,310.0,620.0,525.0,535.5,417.5,169.0,215.0,0.8884726762771606
603,39,140.0,7.0,377.0,766.0,258.5,386.5,237.0,759.0,0.8516809940338135
603,34,1831.0,148.0,1920.0,716.0,1875.5,432.0,89.0,568.0,0.8477084636688232
603,46,1272.0,80.0,1489.0,731.0,1380.5,405.5,217.0,651.0,0.6507905125617981
603,41,1513.0,199.0,1673.0,584.0,1593.0,391.5,160.0,385.0,0.5785322785377502
603,45,1715.0,154.0,1874.0,576.0,1794.5,365.0,159.0,422.0,0.5645153522491455
604,20,904.0,0.0,1189.0,819.0,1046.5,409.5,285.0,819.0,0.9377231597900391
604,9,1522.0,0.0,1859.0,840.0,1690.5,420.0,337.0,840.0,0.924898624420166
604,1,1085.0,0.0,1470.0,862.0,1277.5,431.0,385.0,862.0,0.9209455847740173
604,35,0.0,0.0,354.0,991.0,177.0,495.5,354.0,991.0,0.9142795205116272
604,44,450.0,309.0,620.0,525.0,535.0,417.0,170.0,216.0,0.8855876326560974
604,43,720.0,210.0,863.0,551.0,791.5,380.5,143.0,341.0,0.8788849711418152
604,34,1829.0,148.0,1920.0,711.0,1874.5,429.5,91.0,563.0,0.8641498684883118
604,39,140.0,4.0,376.0,768.0,258.0,386.0,236.0,764.0,0.8472974896430969
604,46,1269.0,66.0,1490.0,758.0,1379.5,412.0,221.0,692.0,0.6894669532775879
604,45,1721.0,155.0,1881.0,574.0,1801.0,364.5,160.0,419.0,0.6319764852523804
604,41,1520.0,191.0,1672.0,584.0,1596.0,387.5,152.0,393.0,0.5332092642784119
605,20,904.0,0.0,1190.0,819.0,1047.0,409.5,286.0,819.0,0.9386244416236877
605,9,1522.0,0.0,1857.0,840.0,1689.5,420.0,335.0,840.0,0.9253630042076111
605,1,1083.0,0.0,1469.0,861.0,1276.0,430.5,386.0,861.0,0.9203589558601379
605,35,0.0,0.0,354.0,994.0,177.0,497.0,354.0,994.0,0.9091008305549622
605,44,451.0,309.0,620.0,525.0,535.5,417.0,169.0,216.0,0.8858109712600708
605,43,723.0,212.0,865.0,550.0,794.0,381.0,142.0,338.0,0.8688384294509888
605,34,1826.0,145.0,1920.0,709.0,1873.0,427.0,94.0,564.0,0.8528321385383606
605,39,145.0,30.0,370.0,779.0,257.5,404.5,225.0,749.0,0.8464780449867249
605,46,1268.0,57.0,1490.0,767.0,1379.0,412.0,222.0,710.0,0.730307400226593
605,41,1515.0,234.0,1635.0,578.0,1575.0,406.0,120.0,344.0,0.5536400079727173
605,45,1713.0,152.0,1867.0,576.0,1790.0,364.0,154.0,424.0,0.5429635643959045
606,20,905.0,0.0,1192.0,819.0,1048.5,409.5,287.0,819.0,0.9373845458030701
606,9,1521.0,0.0,1856.0,839.0,1688.5,419.5,335.0,839.0,0.9198902249336243
606,1,1082.0,0.0,1467.0,862.0,1274.5,431.0,385.0,862.0,0.9191532135009766
606,35,0.0,0.0,356.0,996.0,178.0,498.0,356.0,996.0,0.9026126265525818
606,44,451.0,309.0,621.0,525.0,536.0,417.0,170.0,216.0,0.8863857984542847
606,34,1817.0,144.0,1920.0,712.0,1868.5,428.0,103.0,568.0,0.8510717153549194
606,43,725.0,214.0,868.0,539.0,796.5,376.5,143.0,325.0,0.8503234386444092
606,39,143.0,31.0,369.0,778.0,256.0,404.5,226.0,747.0,0.8336195349693298
606,46,1270.0,71.0,1489.0,759.0,1379.5,415.0,219.0,688.0,0.7621241211891174
606,41,1515.0,242.0,1632.0,577.0,1573.5,409.5,117.0,335.0,0.6469569802284241
606,45,1721.0,151.0,1871.0,575.0,1796.0,363.0,150.0,424.0,0.564803421497345
